escenario,entrada,politica,colchon,p_aprobar,ev_fondeada,p_cobra,n_ret,dias,neto_cupo,neto_cupo_año
opt,aleatoria 09:31,equilibrada (R250 S60 T180 K2),-1,0.3971,840.3613820243078,0.273,0.5408333333333334,25.888833333333334,606.1634469953478,5900.350420432013
opt,aleatoria 09:31,equilibrada (R250 S60 T180 K2),0,0.3971,840.375,0.273,0.5408333333333334,25.888833333333334,606.1770649710401,5900.48297680604
opt,aleatoria 09:31,equilibrada (R250 S60 T180 K2),1000,0.3971,842.175,0.273,0.5415,25.966166666666666,607.97706497104,5900.378840646563
opt,aleatoria 09:31,equilibrada (R250 S60 T180 K2),2500,0.3971,886.05,0.213,0.5331666666666667,33.73133333333333,651.85206497104,4869.855536080265
opt,aleatoria 09:31,equilibrada (R250 S60 T180 K2),3500,0.3971,860.85,0.17633333333333334,0.5028333333333334,39.504666666666665,626.6520649710401,3997.409260662085
opt,aleatoria 09:31,rápida (R600 S60 T120 K2),-1,0.3971,784.125,0.24633333333333332,0.4865,13.6575,549.9270649710401,10146.924427801727
opt,aleatoria 09:31,rápida (R600 S60 T120 K2),0,0.3971,784.125,0.24633333333333332,0.4865,13.6575,549.9270649710401,10146.924427801727
opt,aleatoria 09:31,rápida (R600 S60 T120 K2),1000,0.3971,784.125,0.24633333333333332,0.4865,13.6575,549.9270649710401,10146.924427801727
opt,aleatoria 09:31,rápida (R600 S60 T120 K2),2500,0.3971,811.575,0.196,0.4775,16.5405,577.3770649710401,8796.530961742516
opt,aleatoria 09:31,rápida (R600 S60 T120 K2),3500,0.3971,791.775,0.15966666666666668,0.4498333333333333,19.29,557.57706497104,7284.054970072685
opt,aleatoria 09:31,lenta (R400 S90 T180 K1),-1,0.3971,907.2,0.2805,0.5778333333333333,30.025666666666666,673.0020649710401,5648.384838728048
opt,aleatoria 09:31,lenta (R400 S90 T180 K1),0,0.3971,907.2,0.2805,0.5778333333333333,30.025666666666666,673.0020649710401,5648.384838728048
opt,aleatoria 09:31,lenta (R400 S90 T180 K1),1000,0.3971,908.1,0.2805,0.5781666666666667,30.074333333333332,673.9020649710401,5646.785865224016
opt,aleatoria 09:31,lenta (R400 S90 T180 K1),2500,0.3971,970.425,0.22616666666666665,0.583,39.654333333333334,736.22706497104,4678.661946303525
opt,aleatoria 09:31,lenta (R400 S90 T180 K1),3500,0.3971,926.1,0.19083333333333333,0.5475,45.961333333333336,691.9020649710401,3793.608838720274
opt,solo largos 09:31,equilibrada (R250 S60 T180 K2),-1,0.3892,672.7381976644526,0.25183333333333335,0.449,23.795666666666666,433.7865018782245,4593.869968200621
opt,solo largos 09:31,equilibrada (R250 S60 T180 K2),0,0.3892,672.75,0.25183333333333335,0.449,23.795666666666666,433.79830421377187,4593.994956863456
opt,solo largos 09:31,equilibrada (R250 S60 T180 K2),1000,0.3892,673.2,0.25183333333333335,0.44916666666666666,23.818166666666666,434.2483042137719,4594.416278689398
opt,solo largos 09:31,equilibrada (R250 S60 T180 K2),2500,0.3892,671.625,0.189,0.42183333333333334,29.638,432.67330421377187,3678.8471780103414
opt,solo largos 09:31,equilibrada (R250 S60 T180 K2),3500,0.3892,630.675,0.15266666666666667,0.38516666666666666,34.43033333333333,391.7233042137718,2867.0728135617965
opt,solo largos 09:31,rápida (R600 S60 T120 K2),-1,0.3892,630.675,0.23066666666666666,0.4098333333333333,11.810166666666667,391.7233042137718,8358.414868139356
opt,solo largos 09:31,rápida (R600 S60 T120 K2),0,0.3892,630.675,0.23066666666666666,0.4098333333333333,11.810166666666667,391.7233042137718,8358.414868139356
opt,solo largos 09:31,rápida (R600 S60 T120 K2),1000,0.3892,630.675,0.23066666666666666,0.4098333333333333,11.810166666666667,391.7233042137718,8358.414868139356
opt,solo largos 09:31,rápida (R600 S60 T120 K2),2500,0.3892,598.95,0.1805,0.3745,13.952666666666667,359.9983042137719,6501.952266845324
opt,solo largos 09:31,rápida (R600 S60 T120 K2),3500,0.3892,573.3,0.147,0.3445,15.939,334.3483042137718,5286.139197055681
opt,solo largos 09:31,lenta (R400 S90 T180 K1),-1,0.3892,807.2900879338687,0.2623333333333333,0.5175,27.941666666666666,568.3383921476405,5125.724121248031
opt,solo largos 09:31,lenta (R400 S90 T180 K1),0,0.3892,807.3,0.2623333333333333,0.5175,27.941666666666666,568.3483042137718,5125.813516082451
opt,solo largos 09:31,lenta (R400 S90 T180 K1),1000,0.3892,809.1,0.2623333333333333,0.5181666666666667,27.997166666666665,570.1483042137719,5131.8540326772545
opt,solo largos 09:31,lenta (R400 S90 T180 K1),2500,0.3892,843.975,0.2045,0.5121666666666667,36.69166666666667,605.0233042137719,4155.326986015094
opt,solo largos 09:31,lenta (R400 S90 T180 K1),3500,0.3892,834.525,0.172,0.4925,43.204,595.5733042137718,3473.8559545845405
opt,momentum 15 min (09:46),equilibrada (R250 S60 T180 K2),-1,0.4292,1425.5793633153128,0.3505,0.8546666666666667,32.37533333333333,1208.8971638744927,9409.697258088632
opt,momentum 15 min (09:46),equilibrada (R250 S60 T180 K2),0,0.4292,1425.6,0.3505,0.8546666666666667,32.37533333333333,1208.9178005591798,9409.857887926404
opt,momentum 15 min (09:46),equilibrada (R250 S60 T180 K2),1000,0.4292,1432.35,0.3505,0.8571666666666666,32.63883333333333,1215.6678005591798,9386.0060073914
opt,momentum 15 min (09:46),equilibrada (R250 S60 T180 K2),2500,0.4292,1744.65,0.2946666666666667,0.9643333333333334,45.81766666666667,1527.96780055918,8403.91739156468
opt,momentum 15 min (09:46),equilibrada (R250 S60 T180 K2),3500,0.4292,1896.975,0.2585,1.0106666666666666,56.1755,1680.2928005591798,7537.695004778121
opt,momentum 15 min (09:46),rápida (R600 S60 T120 K2),-1,0.4292,1264.725,0.2991666666666667,0.719,18.089666666666666,1048.0428005591798,14599.870224672279
opt,momentum 15 min (09:46),rápida (R600 S60 T120 K2),0,0.4292,1264.725,0.2991666666666667,0.719,18.089666666666666,1048.0428005591798,14599.870224672279
opt,momentum 15 min (09:46),rápida (R600 S60 T120 K2),1000,0.4292,1264.725,0.2991666666666667,0.719,18.089666666666666,1048.0428005591798,14599.870224672279
opt,momentum 15 min (09:46),rápida (R600 S60 T120 K2),2500,0.4292,1370.025,0.247,0.741,21.940833333333334,1153.34280055918,13246.642975012192
opt,momentum 15 min (09:46),rápida (R600 S60 T120 K2),3500,0.4292,1417.275,0.2065,0.7401666666666666,26.261333333333333,1200.59280055918,11520.716861580271
opt,momentum 15 min (09:46),lenta (R400 S90 T180 K1),-1,0.4292,1534.9224958990799,0.35533333333333333,0.909,38.196666666666665,1318.2402964582598,8697.00378848455
opt,momentum 15 min (09:46),lenta (R400 S90 T180 K1),0,0.4292,1534.95,0.35533333333333333,0.909,38.196666666666665,1318.26780055918,8697.185244984206
opt,momentum 15 min (09:46),lenta (R400 S90 T180 K1),1000,0.4292,1539.9,0.35533333333333333,0.9108333333333334,38.396,1323.21780055918,8684.521453821058
opt,momentum 15 min (09:46),lenta (R400 S90 T180 K1),2500,0.4292,1907.325,0.30483333333333335,1.0463333333333333,53.97233333333333,1690.64280055918,7893.710711183756
opt,momentum 15 min (09:46),lenta (R400 S90 T180 K1),3500,0.4292,1966.725,0.27266666666666667,1.0586666666666666,64.17383333333333,1750.0428005591798,6872.127825841477
opt,fade 15 min (09:46),equilibrada (R250 S60 T180 K2),-1,0.3544,274.95,0.143,0.19783333333333333,17.875833333333333,12.534650112866814,176.704032172436
opt,fade 15 min (09:46),equilibrada (R250 S60 T180 K2),0,0.3544,274.95,0.143,0.19783333333333333,17.875833333333333,12.534650112866814,176.704032172436
opt,fade 15 min (09:46),equilibrada (R250 S60 T180 K2),1000,0.3544,274.95,0.143,0.19783333333333333,17.877,12.534650112866814,176.69250033240684
opt,fade 15 min (09:46),equilibrada (R250 S60 T180 K2),2500,0.3544,207.675,0.092,0.14566666666666667,19.998666666666665,-54.74034988713316,-689.774393537447
opt,fade 15 min (09:46),equilibrada (R250 S60 T180 K2),3500,0.3544,148.05,0.06016666666666667,0.1025,21.574666666666666,-114.36534988713316,-1335.8291285253179
opt,fade 15 min (09:46),rápida (R600 S60 T120 K2),-1,0.3544,292.95,0.15333333333333332,0.20983333333333334,8.370833333333334,30.534650112866814,919.2312786591265
opt,fade 15 min (09:46),rápida (R600 S60 T120 K2),0,0.3544,292.95,0.15333333333333332,0.20983333333333334,8.370833333333334,30.534650112866814,919.2312786591265
opt,fade 15 min (09:46),rápida (R600 S60 T120 K2),1000,0.3544,292.95,0.15333333333333332,0.20983333333333334,8.370833333333334,30.534650112866814,919.2312786591265
opt,fade 15 min (09:46),rápida (R600 S60 T120 K2),2500,0.3544,228.375,0.1095,0.1615,9.277,-34.040349887133175,-924.670493861977
opt,fade 15 min (09:46),rápida (R600 S60 T120 K2),3500,0.3544,172.575,0.078,0.12083333333333333,9.713,-89.84034988713319,-2330.872868481166
opt,fade 15 min (09:46),lenta (R400 S90 T180 K1),-1,0.3544,326.25,0.1575,0.23133333333333334,21.1,63.834650112866825,762.3853947129118
opt,fade 15 min (09:46),lenta (R400 S90 T180 K1),0,0.3544,326.25,0.1575,0.23133333333333334,21.1,63.834650112866825,762.3853947129118
opt,fade 15 min (09:46),lenta (R400 S90 T180 K1),1000,0.3544,326.25,0.1575,0.23133333333333334,21.101666666666667,63.834650112866825,762.3251794538713
opt,fade 15 min (09:46),lenta (R400 S90 T180 K1),2500,0.3544,244.125,0.10116666666666667,0.17016666666666666,24.225833333333334,-18.290349887133175,-190.25839516594104
opt,fade 15 min (09:46),lenta (R400 S90 T180 K1),3500,0.3544,185.4,0.07283333333333333,0.12816666666666668,26.3475,-77.01534988713317,-736.6113738137417
opt,momentum 30 min (10:01),equilibrada (R250 S60 T180 K2),-1,0.38115,790.6395103221671,0.2615,0.5098333333333334,26.2185,546.6410845055594,5254.059282392242
opt,momentum 30 min (10:01),equilibrada (R250 S60 T180 K2),0,0.38115,790.65,0.2615,0.5098333333333334,26.2185,546.6515741833923,5254.160104285709
opt,momentum 30 min (10:01),equilibrada (R250 S60 T180 K2),1000,0.38115,791.55,0.2615,0.5101666666666667,26.289666666666665,547.5515741833923,5248.563948860066
opt,momentum 30 min (10:01),equilibrada (R250 S60 T180 K2),2500,0.38115,806.175,0.2025,0.49233333333333335,34.033166666666666,562.1765741833923,4162.659857126083
opt,momentum 30 min (10:01),equilibrada (R250 S60 T180 K2),3500,0.38115,782.55,0.16816666666666666,0.4675,40.025333333333336,538.5515741833923,3390.727456632837
opt,momentum 30 min (10:01),rápida (R600 S60 T120 K2),-1,0.38115,777.15,0.25233333333333335,0.485,13.927166666666666,533.1515741833923,9646.915263517218
opt,momentum 30 min (10:01),rápida (R600 S60 T120 K2),0,0.38115,777.15,0.25233333333333335,0.485,13.927166666666666,533.1515741833923,9646.915263517218
opt,momentum 30 min (10:01),rápida (R600 S60 T120 K2),1000,0.38115,777.15,0.25233333333333335,0.485,13.927166666666666,533.1515741833923,9646.915263517218
opt,momentum 30 min (10:01),rápida (R600 S60 T120 K2),2500,0.38115,751.5,0.1995,0.4515,16.241833333333332,507.50157418339234,7874.135515954576
opt,momentum 30 min (10:01),rápida (R600 S60 T120 K2),3500,0.38115,721.575,0.161,0.4205,18.827166666666667,477.5765741833924,6392.321203980854
opt,momentum 30 min (10:01),lenta (R400 S90 T180 K1),-1,0.38115,912.8176929825038,0.2728333333333333,0.5763333333333334,32.6005,668.8192671658961,5169.93467357267
opt,momentum 30 min (10:01),lenta (R400 S90 T180 K1),0,0.38115,912.825,0.2728333333333333,0.5763333333333334,32.6005,668.8265741833924,5169.9911563998985
opt,momentum 30 min (10:01),lenta (R400 S90 T180 K1),1000,0.38115,910.125,0.2728333333333333,0.5753333333333334,32.6755,666.1265741833923,5137.301546853602
opt,momentum 30 min (10:01),lenta (R400 S90 T180 K1),2500,0.38115,929.475,0.21816666666666668,0.561,41.3295,685.4765741833924,4179.583510427537
opt,momentum 30 min (10:01),lenta (R400 S90 T180 K1),3500,0.38115,888.525,0.184,0.5266666666666666,47.714666666666666,644.5265741833923,3403.9993997837464
opt,fade 30 min (10:01),equilibrada (R250 S60 T180 K2),-1,0.3607,330.525,0.16066666666666668,0.23383333333333334,19.525,72.69300665372884,938.2144776819293
opt,fade 30 min (10:01),equilibrada (R250 S60 T180 K2),0,0.3607,330.525,0.16066666666666668,0.23383333333333334,19.525,72.69300665372884,938.2144776819293
opt,fade 30 min (10:01),equilibrada (R250 S60 T180 K2),1000,0.3607,330.075,0.16066666666666668,0.23366666666666666,19.5275,72.24300665372886,932.2871681853628
opt,fade 30 min (10:01),equilibrada (R250 S60 T180 K2),2500,0.3607,256.05,0.10416666666666667,0.17466666666666666,22.436166666666665,-1.781993346271122,-20.015109084008234
opt,fade 30 min (10:01),equilibrada (R250 S60 T180 K2),3500,0.3607,198.675,0.0745,0.134,24.45,-59.15699334627112,-609.716250440095
opt,fade 30 min (10:01),rápida (R600 S60 T120 K2),-1,0.3607,386.1,0.17766666666666667,0.268,9.974666666666666,128.2680066537289,3240.563194433199
opt,fade 30 min (10:01),rápida (R600 S60 T120 K2),0,0.3607,386.1,0.17766666666666667,0.268,9.974666666666666,128.2680066537289,3240.563194433199
opt,fade 30 min (10:01),rápida (R600 S60 T120 K2),1000,0.3607,386.1,0.17766666666666667,0.268,9.974666666666666,128.2680066537289,3240.563194433199
opt,fade 30 min (10:01),rápida (R600 S60 T120 K2),2500,0.3607,326.925,0.13166666666666665,0.22066666666666668,11.072833333333334,69.09300665372888,1572.4464689922493
opt,fade 30 min (10:01),rápida (R600 S60 T120 K2),3500,0.3607,271.8,0.09866666666666667,0.18,12.023833333333334,13.968006653728878,292.7467122304044
opt,fade 30 min (10:01),lenta (R400 S90 T180 K1),-1,0.3607,391.5,0.17183333333333334,0.2713333333333333,22.2185,133.66800665372887,1516.0491336831774
opt,fade 30 min (10:01),lenta (R400 S90 T180 K1),0,0.3607,391.5,0.17183333333333334,0.2713333333333333,22.2185,133.66800665372887,1516.0491336831774
opt,fade 30 min (10:01),lenta (R400 S90 T180 K1),1000,0.3607,391.5,0.17183333333333334,0.2713333333333333,22.219833333333334,133.66800665372887,1515.958160955588
opt,fade 30 min (10:01),lenta (R400 S90 T180 K1),2500,0.3607,324.9,0.12133333333333333,0.2195,25.9065,67.06800665372884,652.3898510697959
opt,fade 30 min (10:01),lenta (R400 S90 T180 K1),3500,0.3607,267.525,0.08966666666666667,0.17666666666666667,28.590333333333334,9.693006653728844,85.43578867238351
cons,aleatoria 09:31,equilibrada (R250 S60 T180 K2),-1,0.3695,690.975,0.2475,0.4558333333333333,27.302333333333333,439.2835250338295,4054.5783013121604
cons,aleatoria 09:31,equilibrada (R250 S60 T180 K2),0,0.3695,690.975,0.2475,0.4558333333333333,27.302333333333333,439.2835250338295,4054.5783013121604
cons,aleatoria 09:31,equilibrada (R250 S60 T180 K2),1000,0.3695,691.875,0.2475,0.45616666666666666,27.344833333333334,440.1835250338295,4056.57064924605
cons,aleatoria 09:31,equilibrada (R250 S60 T180 K2),2500,0.3695,692.1,0.184,0.43016666666666664,34.7115,440.4085250338295,3197.2962363633096
cons,aleatoria 09:31,equilibrada (R250 S60 T180 K2),3500,0.3695,635.175,0.1525,0.3885,39.75783333333333,383.48352503382944,2430.661839600373
cons,aleatoria 09:31,rápida (R600 S60 T120 K2),-1,0.3695,698.4,0.242,0.44416666666666665,14.152,446.70852503382946,7954.391485904821
cons,aleatoria 09:31,rápida (R600 S60 T120 K2),0,0.3695,698.4,0.242,0.44416666666666665,14.152,446.70852503382946,7954.391485904821
cons,aleatoria 09:31,rápida (R600 S60 T120 K2),1000,0.3695,698.4,0.242,0.44416666666666665,14.152,446.70852503382946,7954.391485904821
cons,aleatoria 09:31,rápida (R600 S60 T120 K2),2500,0.3695,681.525,0.1915,0.4165,17.246666666666666,429.83352503382946,6280.520775523291
cons,aleatoria 09:31,rápida (R600 S60 T120 K2),3500,0.3695,638.1,0.15,0.37833333333333335,19.801166666666667,386.4085250338295,4917.636922497413
cons,aleatoria 09:31,lenta (R400 S90 T180 K1),-1,0.3695,699.5103376426706,0.25,0.458,31.421833333333332,447.8188626765001,3591.46305046315
cons,aleatoria 09:31,lenta (R400 S90 T180 K1),0,0.3695,699.525,0.25,0.458,31.421833333333332,447.83352503382946,3591.5806411208246
cons,aleatoria 09:31,lenta (R400 S90 T180 K1),1000,0.3695,700.875,0.25,0.4585,31.494,449.1835250338295,3594.1528008041223
cons,aleatoria 09:31,lenta (R400 S90 T180 K1),2500,0.3695,687.375,0.19183333333333333,0.43033333333333335,39.361666666666665,435.6835250338295,2789.319091549097
cons,aleatoria 09:31,lenta (R400 S90 T180 K1),3500,0.3695,626.625,0.1535,0.387,44.81,374.9335250338295,2108.5304242027455
cons,solo largos 09:31,equilibrada (R250 S60 T180 K2),-1,0.39465,925.4110372437323,0.2825,0.5833333333333334,30.451,689.759193838183,5708.164488759716
cons,solo largos 09:31,equilibrada (R250 S60 T180 K2),0,0.39465,925.425,0.2825,0.5833333333333334,30.451,689.7731565944507,5708.280038809943
cons,solo largos 09:31,equilibrada (R250 S60 T180 K2),1000,0.39465,926.775,0.2825,0.5838333333333333,30.5705,691.1231565944507,5697.094763311087
cons,solo largos 09:31,equilibrada (R250 S60 T180 K2),2500,0.39465,1010.025,0.2255,0.5965,40.1735,774.3731565944507,4857.481560277337
cons,solo largos 09:31,equilibrada (R250 S60 T180 K2),3500,0.39465,981.675,0.1875,0.567,46.91316666666667,746.0231565944507,4007.3576102331235
cons,solo largos 09:31,rápida (R600 S60 T120 K2),-1,0.39465,923.4,0.261,0.5533333333333333,16.6445,687.7481565944507,10412.600886887656
cons,solo largos 09:31,rápida (R600 S60 T120 K2),0,0.39465,923.4,0.261,0.5533333333333333,16.6445,687.7481565944507,10412.600886887656
cons,solo largos 09:31,rápida (R600 S60 T120 K2),1000,0.39465,923.4,0.261,0.5533333333333333,16.6445,687.7481565944507,10412.600886887656
cons,solo largos 09:31,rápida (R600 S60 T120 K2),2500,0.39465,945.0,0.21,0.5415,20.4575,709.3481565944508,8737.907147100164
cons,solo largos 09:31,rápida (R600 S60 T120 K2),3500,0.39465,957.6,0.17433333333333334,0.5286666666666666,23.730666666666668,721.9481565944508,7666.4907066159785
cons,solo largos 09:31,lenta (R400 S90 T180 K1),-1,0.39465,1078.65,0.2985,0.665,36.35033333333333,842.9981565944508,5844.115197342573
cons,solo largos 09:31,lenta (R400 S90 T180 K1),0,0.39465,1078.65,0.2985,0.665,36.35033333333333,842.9981565944508,5844.115197342573
cons,solo largos 09:31,lenta (R400 S90 T180 K1),1000,0.39465,1079.55,0.2985,0.6653333333333333,36.54783333333334,843.8981565944507,5818.7398832161025
cons,solo largos 09:31,lenta (R400 S90 T180 K1),2500,0.39465,1150.875,0.24166666666666667,0.6755,47.76133333333333,915.2231565944508,4828.932095596192
cons,solo largos 09:31,lenta (R400 S90 T180 K1),3500,0.39465,1103.175,0.2085,0.6413333333333333,54.953833333333336,867.5231565944507,3978.172626024904
cons,momentum 15 min (09:46),equilibrada (R250 S60 T180 K2),-1,0.38025,878.1693164861097,0.278,0.5593333333333333,31.1465,633.5933796024805,5126.275236698348
cons,momentum 15 min (09:46),equilibrada (R250 S60 T180 K2),0,0.38025,878.175,0.278,0.5593333333333333,31.1465,633.5990631163708,5126.321220853882
cons,momentum 15 min (09:46),equilibrada (R250 S60 T180 K2),1000,0.38025,877.275,0.278,0.559,31.172,632.6990631163708,5114.851915351131
cons,momentum 15 min (09:46),equilibrada (R250 S60 T180 K2),2500,0.38025,912.375,0.21866666666666668,0.5506666666666666,40.2665,667.7990631163708,4179.289580801049
cons,momentum 15 min (09:46),equilibrada (R250 S60 T180 K2),3500,0.38025,878.175,0.18733333333333332,0.5213333333333333,46.49933333333333,633.5990631163708,3433.7473778547096
cons,momentum 15 min (09:46),rápida (R600 S60 T120 K2),-1,0.38025,748.35,0.24316666666666667,0.4676666666666667,15.055166666666667,503.7740631163708,8432.39179718981
cons,momentum 15 min (09:46),rápida (R600 S60 T120 K2),0,0.38025,748.35,0.24316666666666667,0.4676666666666667,15.055166666666667,503.7740631163708,8432.39179718981
cons,momentum 15 min (09:46),rápida (R600 S60 T120 K2),1000,0.38025,748.35,0.24316666666666667,0.4676666666666667,15.055166666666667,503.7740631163708,8432.39179718981
cons,momentum 15 min (09:46),rápida (R600 S60 T120 K2),2500,0.38025,724.5,0.18733333333333332,0.43316666666666664,18.099,479.9240631163708,6682.184866861453
cons,momentum 15 min (09:46),rápida (R600 S60 T120 K2),3500,0.38025,705.6,0.15166666666666667,0.408,20.831333333333333,461.0240631163708,5577.082467372489
cons,momentum 15 min (09:46),lenta (R400 S90 T180 K1),-1,0.38025,814.4905922500371,0.2628333333333333,0.5221666666666667,33.938833333333335,569.9146553664079,4231.686214483943
cons,momentum 15 min (09:46),lenta (R400 S90 T180 K1),0,0.38025,814.5,0.2628333333333333,0.5221666666666667,33.938833333333335,569.9240631163708,4231.756068181251
cons,momentum 15 min (09:46),lenta (R400 S90 T180 K1),1000,0.38025,815.4,0.2628333333333333,0.5225,34.03516666666667,570.8240631163708,4226.442177120491
cons,momentum 15 min (09:46),lenta (R400 S90 T180 K1),2500,0.38025,809.55,0.205,0.49683333333333335,42.873333333333335,564.9740631163708,3320.792969335844
cons,momentum 15 min (09:46),lenta (R400 S90 T180 K1),3500,0.38025,742.275,0.172,0.4525,48.48233333333334,497.6990631163708,2586.925077285721
cons,fade 15 min (09:46),equilibrada (R250 S60 T180 K2),-1,0.35035,309.825,0.15416666666666667,0.22,22.1375,44.37616312259166,505.1515802097391
cons,fade 15 min (09:46),equilibrada (R250 S60 T180 K2),0,0.35035,309.825,0.15416666666666667,0.22,22.1375,44.37616312259166,505.1515802097391
cons,fade 15 min (09:46),equilibrada (R250 S60 T180 K2),1000,0.35035,309.825,0.15416666666666667,0.22,22.142,44.37616312259166,505.04891639838763
cons,fade 15 min (09:46),equilibrada (R250 S60 T180 K2),2500,0.35035,239.85,0.10066666666666667,0.16616666666666666,25.365,-25.59883687740833,-254.3231576229805
cons,fade 15 min (09:46),equilibrada (R250 S60 T180 K2),3500,0.35035,183.15,0.06833333333333333,0.12516666666666668,27.664833333333334,-82.29883687740832,-749.6631786361829
cons,fade 15 min (09:46),rápida (R600 S60 T120 K2),-1,0.35035,396.45,0.18633333333333332,0.275,11.035333333333334,131.00116312259166,2991.5084673678275
cons,fade 15 min (09:46),rápida (R600 S60 T120 K2),0,0.35035,396.45,0.18633333333333332,0.275,11.035333333333334,131.00116312259166,2991.5084673678275
cons,fade 15 min (09:46),rápida (R600 S60 T120 K2),1000,0.35035,396.45,0.18633333333333332,0.275,11.035333333333334,131.00116312259166,2991.5084673678275
cons,fade 15 min (09:46),rápida (R600 S60 T120 K2),2500,0.35035,335.025,0.13583333333333333,0.22733333333333333,12.481,69.57616312259165,1404.7907304617497
cons,fade 15 min (09:46),rápida (R600 S60 T120 K2),3500,0.35035,289.35,0.10216666666666667,0.19133333333333333,13.643333333333333,23.901163122591697,441.4678553794118
cons,fade 15 min (09:46),lenta (R400 S90 T180 K1),-1,0.35035,361.35,0.16583333333333333,0.25283333333333335,25.21,95.9011631225917,958.6312220108333
cons,fade 15 min (09:46),lenta (R400 S90 T180 K1),0,0.35035,361.35,0.16583333333333333,0.25283333333333335,25.21,95.9011631225917,958.6312220108333
cons,fade 15 min (09:46),lenta (R400 S90 T180 K1),1000,0.35035,361.35,0.16583333333333333,0.25283333333333335,25.214,95.9011631225917,958.479142813243
cons,fade 15 min (09:46),lenta (R400 S90 T180 K1),2500,0.35035,270.9,0.11116666666666666,0.1875,28.9195,5.451163122591652,47.50058289019852
cons,fade 15 min (09:46),lenta (R400 S90 T180 K1),3500,0.35035,205.875,0.078,0.142,31.391,-59.573836877408326,-478.2455765380809
cons,momentum 30 min (10:01),equilibrada (R250 S60 T180 K2),-1,0.3844,908.7690254175548,0.286,0.581,32.961333333333336,666.833541546587,5098.1570062823075
cons,momentum 30 min (10:01),equilibrada (R250 S60 T180 K2),0,0.3844,908.775,0.286,0.581,32.961333333333336,666.8395161290323,5098.20268388767
cons,momentum 30 min (10:01),equilibrada (R250 S60 T180 K2),1000,0.3844,911.475,0.286,0.582,33.10816666666667,669.5395161290323,5096.143189178383
cons,momentum 30 min (10:01),equilibrada (R250 S60 T180 K2),2500,0.3844,949.725,0.2265,0.5743333333333334,42.9855,707.7895161290323,4149.374976783244
cons,momentum 30 min (10:01),equilibrada (R250 S60 T180 K2),3500,0.3844,918.225,0.1885,0.5428333333333333,49.685,676.2895161290323,3430.1088470265904
cons,momentum 30 min (10:01),rápida (R600 S60 T120 K2),-1,0.3844,738.225,0.24733333333333332,0.4675,15.7255,496.2895161290323,7953.003596993172
cons,momentum 30 min (10:01),rápida (R600 S60 T120 K2),0,0.3844,738.225,0.24733333333333332,0.4675,15.7255,496.2895161290323,7953.003596993172
cons,momentum 30 min (10:01),rápida (R600 S60 T120 K2),1000,0.3844,738.225,0.24733333333333332,0.4675,15.7255,496.2895161290323,7953.003596993172
cons,momentum 30 min (10:01),rápida (R600 S60 T120 K2),2500,0.3844,733.5,0.196,0.4435,18.676,491.56451612903226,6632.804565459207
cons,momentum 30 min (10:01),rápida (R600 S60 T120 K2),3500,0.3844,721.575,0.1595,0.41883333333333334,21.8375,479.6395161290323,5534.9356869841395
cons,momentum 30 min (10:01),lenta (R400 S90 T180 K1),-1,0.3844,870.2984151496738,0.27466666666666667,0.555,36.238,628.3629312787061,4369.652262327776
cons,momentum 30 min (10:01),lenta (R400 S90 T180 K1),0,0.3844,870.3,0.27466666666666667,0.555,36.238,628.3645161290322,4369.663283418404
cons,momentum 30 min (10:01),lenta (R400 S90 T180 K1),1000,0.3844,867.6,0.27466666666666667,0.554,36.334666666666664,625.6645161290323,4339.312082066241
cons,momentum 30 min (10:01),lenta (R400 S90 T180 K1),2500,0.3844,909.0,0.2195,0.5535,46.03333333333333,667.0645161290322,3651.707271495644
cons,momentum 30 min (10:01),lenta (R400 S90 T180 K1),3500,0.3844,855.45,0.183,0.5153333333333333,52.96066666666667,613.5145161290322,2919.2543786807087
cons,fade 30 min (10:01),equilibrada (R250 S60 T180 K2),-1,0.3343,261.9,0.12983333333333333,0.1875,21.963666666666665,-16.293239605145118,-186.94038854304395
cons,fade 30 min (10:01),equilibrada (R250 S60 T180 K2),0,0.3343,261.9,0.12983333333333333,0.1875,21.963666666666665,-16.293239605145118,-186.94038854304395
cons,fade 30 min (10:01),equilibrada (R250 S60 T180 K2),1000,0.3343,261.45,0.12983333333333333,0.18733333333333332,21.964666666666666,-16.743239605145106,-192.0947148676617
cons,fade 30 min (10:01),equilibrada (R250 S60 T180 K2),2500,0.3343,186.3,0.08416666666666667,0.132,24.420833333333334,-91.89323960514508,-948.2516859442372
cons,fade 30 min (10:01),equilibrada (R250 S60 T180 K2),3500,0.3343,130.05,0.0565,0.09133333333333334,25.745833333333334,-148.14323960514508,-1450.0247825407307
cons,fade 30 min (10:01),rápida (R600 S60 T120 K2),-1,0.3343,387.675,0.182,0.26766666666666666,11.2315,109.48176039485492,2456.430896986461
cons,fade 30 min (10:01),rápida (R600 S60 T120 K2),0,0.3343,387.675,0.182,0.26766666666666666,11.2315,109.48176039485492,2456.430896986461
cons,fade 30 min (10:01),rápida (R600 S60 T120 K2),1000,0.3343,387.675,0.182,0.26766666666666666,11.2315,109.48176039485492,2456.430896986461
cons,fade 30 min (10:01),rápida (R600 S60 T120 K2),2500,0.3343,324.225,0.13233333333333333,0.2175,12.654,46.03176039485493,916.7064659003827
cons,fade 30 min (10:01),rápida (R600 S60 T120 K2),3500,0.3343,266.625,0.09883333333333333,0.175,13.865833333333333,-11.568239605145095,-210.24314301315445
cons,fade 30 min (10:01),lenta (R400 S90 T180 K1),-1,0.3343,273.15,0.13783333333333334,0.195,24.225166666666667,-5.043239605145118,-52.461821954987705
cons,fade 30 min (10:01),lenta (R400 S90 T180 K1),0,0.3343,273.15,0.13783333333333334,0.195,24.225166666666667,-5.043239605145118,-52.461821954987705
cons,fade 30 min (10:01),lenta (R400 S90 T180 K1),1000,0.3343,273.15,0.13783333333333334,0.195,24.225166666666667,-5.043239605145118,-52.461821954987705
cons,fade 30 min (10:01),lenta (R400 S90 T180 K1),2500,0.3343,204.525,0.089,0.1445,27.399833333333333,-73.66823960514509,-677.5368358869541
cons,fade 30 min (10:01),lenta (R400 S90 T180 K1),3500,0.3343,144.9,0.06016666666666667,0.10216666666666667,29.3205,-133.2932396051451,-1145.611308828177
