plan,fr,S,rr,K,G,cons,cons_dias,opt,opt_dias,prom
growth,0.15,30,1.5,1,1000000000.0,0.09525,37.0,0.17825,37.0,0.13674999999999998
growth,0.15,30,1.5,2,1000000000.0,0.14775,22.0,0.21275,22.0,0.18025
growth,0.15,30,2.0,1,1000000000.0,0.14,30.0,0.264,30.0,0.202
growth,0.15,30,2.0,2,1000000000.0,0.18225,16.0,0.2445,15.0,0.21337499999999998
growth,0.15,30,3.0,1,1000000000.0,0.23875,21.0,0.346,21.0,0.292375
growth,0.15,30,3.0,2,1000000000.0,0.26675,11.0,0.364,11.0,0.31537499999999996
growth,0.15,30,4.0,1,1000000000.0,0.278,16.0,0.37875,16.0,0.328375
growth,0.15,30,4.0,2,1000000000.0,0.2825,8.0,0.372,8.0,0.32725
growth,0.15,45,1.5,1,1000000000.0,0.12175,32.0,0.25,30.5,0.185875
growth,0.15,45,1.5,2,1000000000.0,0.18525,17.0,0.298,18.5,0.24162499999999998
growth,0.15,45,2.0,1,1000000000.0,0.19375,26.0,0.341,26.0,0.26737500000000003
growth,0.15,45,2.0,2,1000000000.0,0.26025,14.0,0.3565,13.0,0.30837499999999995
growth,0.15,45,3.0,1,1000000000.0,0.231,19.0,0.387,18.0,0.309
growth,0.15,45,3.0,2,1000000000.0,0.30275,10.0,0.3675,9.0,0.335125
growth,0.15,45,4.0,1,1000000000.0,0.29925,15.0,0.42475,14.0,0.362
growth,0.15,45,4.0,2,1000000000.0,0.32575,9.0,0.365,8.0,0.345375
growth,0.15,60,1.5,1,1000000000.0,0.13725,38.0,0.296,35.0,0.216625
growth,0.15,60,1.5,2,1000000000.0,0.25075,24.0,0.3765,23.0,0.313625
growth,0.15,60,2.0,1,1000000000.0,0.2065,33.0,0.38175,30.0,0.29412499999999997
growth,0.15,60,2.0,2,1000000000.0,0.2905,20.0,0.41225,17.0,0.351375
growth,0.15,60,3.0,1,1000000000.0,0.27075,24.0,0.41625,23.0,0.3435
growth,0.15,60,3.0,2,1000000000.0,0.3165,15.0,0.3785,13.0,0.34750000000000003
growth,0.15,60,4.0,1,1000000000.0,0.297,21.0,0.4285,18.0,0.36275
growth,0.15,60,4.0,2,1000000000.0,0.3,13.0,0.38775,10.0,0.343875
growth,0.15,90,1.5,1,1000000000.0,0.06,45.0,0.154,44.0,0.107
growth,0.15,90,1.5,2,1000000000.0,0.20025,39.0,0.31425,36.0,0.25725
growth,0.15,90,2.0,1,1000000000.0,0.10075,43.0,0.226,42.0,0.163375
growth,0.15,90,2.0,2,1000000000.0,0.241,37.0,0.31975,32.0,0.280375
growth,0.15,90,3.0,1,1000000000.0,0.1525,38.0,0.2975,37.0,0.22499999999999998
growth,0.15,90,3.0,2,1000000000.0,0.23925,34.0,0.36775,28.0,0.3035
growth,0.15,90,4.0,1,1000000000.0,0.18825,36.0,0.32075,34.0,0.2545
growth,0.15,90,4.0,2,1000000000.0,0.2545,32.0,0.3645,26.0,0.3095
growth,0.3,30,1.5,1,1000000000.0,0.2095,9.0,0.2725,9.0,0.241
growth,0.3,30,1.5,2,1000000000.0,0.23775,5.0,0.281,5.0,0.259375
growth,0.3,30,2.0,1,1000000000.0,0.24125,6.0,0.31425,6.0,0.27775
growth,0.3,30,2.0,2,1000000000.0,0.27225,4.0,0.3035,4.0,0.287875
growth,0.3,30,3.0,1,1000000000.0,0.29775,5.0,0.351,5.0,0.32437499999999997
growth,0.3,30,3.0,2,1000000000.0,0.319,3.0,0.37125,3.0,0.345125
growth,0.3,30,4.0,1,1000000000.0,0.32375,4.0,0.3775,4.0,0.35062499999999996
growth,0.3,30,4.0,2,1000000000.0,0.33,2.0,0.388,2.0,0.359
growth,0.3,45,1.5,1,1000000000.0,0.2135,9.0,0.297,9.0,0.25525
growth,0.3,45,1.5,2,1000000000.0,0.26325,6.0,0.31825,5.0,0.29074999999999995
growth,0.3,45,2.0,1,1000000000.0,0.26025,7.0,0.34,8.0,0.300125
growth,0.3,45,2.0,2,1000000000.0,0.3025,4.0,0.35475,4.0,0.328625
growth,0.3,45,3.0,1,1000000000.0,0.287,5.0,0.3805,5.0,0.33375
growth,0.3,45,3.0,2,1000000000.0,0.3375,3.0,0.3725,3.0,0.355
growth,0.3,45,4.0,1,1000000000.0,0.32275,4.0,0.41075,4.0,0.36675
growth,0.3,45,4.0,2,1000000000.0,0.3545,2.0,0.38,2.0,0.36724999999999997
growth,0.3,60,1.5,1,1000000000.0,0.242,12.0,0.3595,12.0,0.30074999999999996
growth,0.3,60,1.5,2,1000000000.0,0.28825,7.0,0.3565,6.0,0.32237499999999997
growth,0.3,60,2.0,1,1000000000.0,0.27475,10.0,0.3735,10.0,0.324125
growth,0.3,60,2.0,2,1000000000.0,0.31525,6.0,0.3805,5.0,0.347875
growth,0.3,60,3.0,1,1000000000.0,0.3055,7.0,0.3895,7.0,0.34750000000000003
growth,0.3,60,3.0,2,1000000000.0,0.335,4.0,0.36875,4.0,0.35187500000000005
growth,0.3,60,4.0,1,1000000000.0,0.325,6.0,0.406,5.0,0.36550000000000005
growth,0.3,60,4.0,2,1000000000.0,0.337,4.0,0.38675,3.0,0.361875
growth,0.3,90,1.5,1,1000000000.0,0.27475,11.0,0.34125,10.0,0.308
growth,0.3,90,1.5,2,1000000000.0,0.32525,7.0,0.357,6.0,0.341125
growth,0.3,90,2.0,1,1000000000.0,0.3,9.0,0.3525,8.0,0.32625
growth,0.3,90,2.0,2,1000000000.0,0.33725,6.0,0.353,5.0,0.345125
growth,0.3,90,3.0,1,1000000000.0,0.316,7.0,0.36725,6.0,0.341625
growth,0.3,90,3.0,2,1000000000.0,0.33175,5.0,0.36775,4.0,0.34975
growth,0.3,90,4.0,1,1000000000.0,0.33125,6.0,0.37725,5.0,0.35424999999999995
growth,0.3,90,4.0,2,1000000000.0,0.33075,5.0,0.37175,4.0,0.35125
growth,0.6,30,1.5,1,1000000000.0,0.27475,2.0,0.328,2.0,0.301375
growth,0.6,30,1.5,2,1000000000.0,0.31975,1.0,0.36375,1.0,0.34175
growth,0.6,30,2.0,1,1000000000.0,0.29725,2.0,0.35475,2.0,0.326
growth,0.6,30,2.0,2,1000000000.0,0.3425,1.0,0.3905,1.0,0.36650000000000005
growth,0.6,30,3.0,1,1000000000.0,0.3505,1.0,0.3985,1.0,0.3745
growth,0.6,30,3.0,2,1000000000.0,0.368,1.0,0.418,1.0,0.393
growth,0.6,30,4.0,1,1000000000.0,0.3555,1.0,0.403,1.0,0.37925
growth,0.6,30,4.0,2,1000000000.0,0.36525,1.0,0.41225,1.0,0.38875000000000004
growth,0.6,45,1.5,1,1000000000.0,0.28425,2.0,0.34325,2.0,0.31375
growth,0.6,45,1.5,2,1000000000.0,0.33875,1.0,0.3815,2.0,0.36012500000000003
growth,0.6,45,2.0,1,1000000000.0,0.30825,2.0,0.3595,2.0,0.33387500000000003
growth,0.6,45,2.0,2,1000000000.0,0.34825,2.0,0.4125,1.0,0.380375
growth,0.6,45,3.0,1,1000000000.0,0.3545,1.0,0.40775,1.0,0.381125
growth,0.6,45,3.0,2,1000000000.0,0.37325,1.0,0.4205,1.0,0.396875
growth,0.6,45,4.0,1,1000000000.0,0.3665,1.0,0.412,1.0,0.38925
growth,0.6,45,4.0,2,1000000000.0,0.37775,1.0,0.41775,1.0,0.39775
growth,0.6,60,1.5,1,1000000000.0,0.29925,2.0,0.3615,2.0,0.330375
growth,0.6,60,1.5,2,1000000000.0,0.34775,2.0,0.40825,2.0,0.378
growth,0.6,60,2.0,1,1000000000.0,0.32225,2.0,0.377,2.0,0.34962499999999996
growth,0.6,60,2.0,2,1000000000.0,0.362,2.0,0.434,2.0,0.398
growth,0.6,60,3.0,1,1000000000.0,0.371,1.0,0.4175,1.0,0.39425
growth,0.6,60,3.0,2,1000000000.0,0.39,1.0,0.43375,1.0,0.411875
growth,0.6,60,4.0,1,1000000000.0,0.37925,1.0,0.4225,1.0,0.400875
growth,0.6,60,4.0,2,1000000000.0,0.385,1.0,0.432,1.0,0.4085
growth,0.6,90,1.5,1,1000000000.0,0.304,3.0,0.33825,3.0,0.321125
growth,0.6,90,1.5,2,1000000000.0,0.353,2.0,0.381,2.0,0.367
growth,0.6,90,2.0,1,1000000000.0,0.3265,3.0,0.35575,2.0,0.341125
growth,0.6,90,2.0,2,1000000000.0,0.35975,2.0,0.38925,2.0,0.3745
growth,0.6,90,3.0,1,1000000000.0,0.35725,2.0,0.388,2.0,0.372625
growth,0.6,90,3.0,2,1000000000.0,0.35925,2.0,0.39775,2.0,0.3785
growth,0.6,90,4.0,1,1000000000.0,0.359,2.0,0.39225,2.0,0.375625
growth,0.6,90,4.0,2,1000000000.0,0.35875,2.0,0.396,2.0,0.377375
growth,1.0,30,1.5,1,1000000000.0,0.29075,2.0,0.34175,2.0,0.31625000000000003
growth,1.0,30,1.5,2,1000000000.0,0.33775,1.0,0.3935,1.0,0.365625
growth,1.0,30,2.0,1,1000000000.0,0.31325,2.0,0.37675,2.0,0.345
growth,1.0,30,2.0,2,1000000000.0,0.371,1.0,0.4105,1.0,0.39075
growth,1.0,30,3.0,1,1000000000.0,0.3625,1.0,0.40825,1.0,0.385375
growth,1.0,30,3.0,2,1000000000.0,0.3795,1.0,0.42025,1.0,0.399875
growth,1.0,30,4.0,1,1000000000.0,0.365,1.0,0.411,1.0,0.388
growth,1.0,30,4.0,2,1000000000.0,0.379,1.0,0.427,1.0,0.403
growth,1.0,45,1.5,1,1000000000.0,0.2885,2.0,0.34425,2.0,0.31637499999999996
growth,1.0,45,1.5,2,1000000000.0,0.36975,1.0,0.399,1.0,0.384375
growth,1.0,45,2.0,1,1000000000.0,0.32175,2.0,0.3735,2.0,0.34762499999999996
growth,1.0,45,2.0,2,1000000000.0,0.381,1.0,0.4225,1.0,0.40175
growth,1.0,45,3.0,1,1000000000.0,0.359,1.0,0.40775,1.0,0.383375
growth,1.0,45,3.0,2,1000000000.0,0.3845,1.0,0.42275,1.0,0.403625
growth,1.0,45,4.0,1,1000000000.0,0.3685,1.0,0.41,1.0,0.38925
growth,1.0,45,4.0,2,1000000000.0,0.38325,1.0,0.42625,1.0,0.40475
growth,1.0,60,1.5,1,1000000000.0,0.30675,2.0,0.3715,2.0,0.339125
growth,1.0,60,1.5,2,1000000000.0,0.38525,1.0,0.4255,1.0,0.405375
growth,1.0,60,2.0,1,1000000000.0,0.33975,2.0,0.39925,2.0,0.3695
growth,1.0,60,2.0,2,1000000000.0,0.38625,1.0,0.4435,1.0,0.414875
growth,1.0,60,3.0,1,1000000000.0,0.37875,1.0,0.42175,1.0,0.40025
growth,1.0,60,3.0,2,1000000000.0,0.3975,1.0,0.4325,1.0,0.41500000000000004
growth,1.0,60,4.0,1,1000000000.0,0.38075,1.0,0.4245,1.0,0.402625
growth,1.0,60,4.0,2,1000000000.0,0.3905,1.0,0.43,1.0,0.41025
growth,1.0,90,1.5,1,1000000000.0,0.304,3.0,0.33825,3.0,0.321125
growth,1.0,90,1.5,2,1000000000.0,0.38725,2.0,0.41375,1.0,0.40049999999999997
growth,1.0,90,2.0,1,1000000000.0,0.3265,3.0,0.35575,2.0,0.341125
growth,1.0,90,2.0,2,1000000000.0,0.37625,2.0,0.40875,2.0,0.39249999999999996
growth,1.0,90,3.0,1,1000000000.0,0.35725,2.0,0.388,2.0,0.372625
growth,1.0,90,3.0,2,1000000000.0,0.359,2.0,0.40275,2.0,0.38087499999999996
growth,1.0,90,4.0,1,1000000000.0,0.359,2.0,0.39225,2.0,0.375625
growth,1.0,90,4.0,2,1000000000.0,0.362,2.0,0.39875,2.0,0.380375
select,0.15,30,1.5,1,960.0,0.09525,37.0,0.17825,37.0,0.13674999999999998
select,0.15,30,1.5,2,960.0,0.14775,22.0,0.21275,22.0,0.18025
select,0.15,30,2.0,1,960.0,0.14,30.0,0.264,30.0,0.202
select,0.15,30,2.0,2,960.0,0.18225,16.0,0.2445,15.0,0.21337499999999998
select,0.15,30,3.0,1,960.0,0.23875,21.0,0.346,21.0,0.292375
select,0.15,30,3.0,2,960.0,0.20525,14.0,0.31,14.0,0.257625
select,0.15,30,4.0,1,960.0,0.278,16.0,0.37875,16.0,0.328375
select,0.15,30,4.0,2,960.0,0.1935,14.0,0.2935,14.0,0.2435
select,0.15,45,1.5,1,960.0,0.12175,32.0,0.25,30.5,0.185875
select,0.15,45,1.5,2,960.0,0.18525,17.0,0.298,18.5,0.24162499999999998
select,0.15,45,2.0,1,960.0,0.19375,26.0,0.341,26.0,0.26737500000000003
select,0.15,45,2.0,2,960.0,0.26025,14.0,0.3565,13.0,0.30837499999999995
select,0.15,45,3.0,1,960.0,0.231,19.0,0.387,18.0,0.309
select,0.15,45,3.0,2,960.0,0.229,15.0,0.29325,14.0,0.261125
select,0.15,45,4.0,1,960.0,0.29925,15.0,0.42475,14.0,0.362
select,0.15,45,4.0,2,960.0,0.3045,10.0,0.355,9.0,0.32975
select,0.15,60,1.5,1,960.0,0.13725,38.0,0.296,35.0,0.216625
select,0.15,60,1.5,2,960.0,0.25075,24.0,0.3765,23.0,0.313625
select,0.15,60,2.0,1,960.0,0.2065,33.0,0.38175,30.0,0.29412499999999997
select,0.15,60,2.0,2,960.0,0.2905,20.0,0.41225,17.0,0.351375
select,0.15,60,3.0,1,960.0,0.27075,24.0,0.41625,23.0,0.3435
select,0.15,60,3.0,2,960.0,0.26975,18.0,0.32725,16.0,0.2985
select,0.15,60,4.0,1,960.0,0.297,21.0,0.4285,18.0,0.36275
select,0.15,60,4.0,2,960.0,0.25275,16.0,0.3165,15.0,0.284625
select,0.15,90,1.5,1,960.0,0.06,45.0,0.154,44.0,0.107
select,0.15,90,1.5,2,960.0,0.20025,39.0,0.31425,36.0,0.25725
select,0.15,90,2.0,1,960.0,0.10075,43.0,0.226,42.0,0.163375
select,0.15,90,2.0,2,960.0,0.241,37.0,0.31975,32.0,0.280375
select,0.15,90,3.0,1,960.0,0.1525,38.0,0.2975,37.0,0.22499999999999998
select,0.15,90,3.0,2,960.0,0.23925,34.0,0.36775,28.0,0.3035
select,0.15,90,4.0,1,960.0,0.18825,36.0,0.32075,34.0,0.2545
select,0.15,90,4.0,2,960.0,0.2335,34.0,0.3465,26.0,0.29
select,0.3,30,1.5,1,960.0,0.2095,9.0,0.2725,9.0,0.241
select,0.3,30,1.5,2,960.0,0.144,8.0,0.183,7.0,0.16349999999999998
select,0.3,30,2.0,1,960.0,0.24125,6.0,0.31425,6.0,0.27775
select,0.3,30,2.0,2,960.0,0.23625,5.0,0.26675,5.0,0.2515
select,0.3,30,3.0,1,960.0,0.1945,7.5,0.25275,8.0,0.223625
select,0.3,30,3.0,2,960.0,0.20125,5.0,0.23075,5.0,0.21600000000000003
select,0.3,30,4.0,1,960.0,0.161,9.0,0.2145,9.0,0.18775
select,0.3,30,4.0,2,960.0,0.15325,6.0,0.19,6.0,0.171625
select,0.3,45,1.5,1,960.0,0.2135,9.0,0.297,9.0,0.25525
select,0.3,45,1.5,2,960.0,0.167,8.0,0.21275,8.0,0.18987500000000002
select,0.3,45,2.0,1,960.0,0.26025,7.0,0.34,8.0,0.300125
select,0.3,45,2.0,2,960.0,0.27525,5.0,0.30575,5.0,0.2905
select,0.3,45,3.0,1,960.0,0.18375,8.0,0.27125,8.0,0.22749999999999998
select,0.3,45,3.0,2,960.0,0.20725,6.0,0.24175,5.0,0.22449999999999998
select,0.3,45,4.0,1,960.0,0.1705,10.0,0.2405,9.0,0.20550000000000002
select,0.3,45,4.0,2,960.0,0.1735,6.0,0.19775,6.0,0.18562499999999998
select,0.3,60,1.5,1,960.0,0.242,12.0,0.3595,12.0,0.30074999999999996
select,0.3,60,1.5,2,960.0,0.21875,9.0,0.2925,9.0,0.255625
select,0.3,60,2.0,1,960.0,0.27475,10.0,0.3735,10.0,0.324125
select,0.3,60,2.0,2,960.0,0.2035,10.0,0.26775,9.0,0.23562499999999997
select,0.3,60,3.0,1,960.0,0.23625,9.0,0.3155,9.0,0.275875
select,0.3,60,3.0,2,960.0,0.24225,7.0,0.276,6.0,0.259125
select,0.3,60,4.0,1,960.0,0.1945,12.0,0.2645,11.0,0.2295
select,0.3,60,4.0,2,960.0,0.2045,8.0,0.22675,7.0,0.215625
select,0.3,90,1.5,1,960.0,0.27475,11.0,0.34125,10.0,0.308
select,0.3,90,1.5,2,960.0,0.2375,11.0,0.2665,9.0,0.252
select,0.3,90,2.0,1,960.0,0.3,9.0,0.3525,8.0,0.32625
select,0.3,90,2.0,2,960.0,0.30325,7.0,0.32325,6.0,0.31325000000000003
select,0.3,90,3.0,1,960.0,0.22325,11.0,0.272,10.0,0.247625
select,0.3,90,3.0,2,960.0,0.2385,8.0,0.26175,7.0,0.250125
select,0.3,90,4.0,1,960.0,0.189,14.0,0.224,13.0,0.20650000000000002
select,0.3,90,4.0,2,960.0,0.205,10.0,0.219,8.5,0.212
select,0.6,30,1.5,1,960.0,0.16025,5.0,0.2025,5.0,0.181375
select,0.6,30,1.5,2,960.0,0.1595,4.0,0.1875,4.0,0.1735
select,0.6,30,2.0,1,960.0,0.12525,6.0,0.176,6.0,0.150625
select,0.6,30,2.0,2,960.0,0.1275,4.0,0.1515,4.0,0.1395
select,0.6,30,3.0,1,960.0,0.10875,6.0,0.147,6.0,0.127875
select,0.6,30,3.0,2,960.0,0.1205,4.0,0.14125,4.0,0.130875
select,0.6,30,4.0,1,960.0,0.08775,8.0,0.11925,8.0,0.1035
select,0.6,30,4.0,2,960.0,0.0805,5.0,0.1135,5.0,0.097
select,0.6,45,1.5,1,960.0,0.16425,5.0,0.21925,5.0,0.19175
select,0.6,45,1.5,2,960.0,0.16775,4.0,0.20825,4.0,0.188
select,0.6,45,2.0,1,960.0,0.13475,6.0,0.18775,6.0,0.16125
select,0.6,45,2.0,2,960.0,0.1525,4.0,0.171,4.0,0.16175
select,0.6,45,3.0,1,960.0,0.1135,7.0,0.162,6.0,0.13775
select,0.6,45,3.0,2,960.0,0.126,5.0,0.1485,5.0,0.13724999999999998
select,0.6,45,4.0,1,960.0,0.09675,8.0,0.133,8.0,0.114875
select,0.6,45,4.0,2,960.0,0.10825,6.0,0.11775,5.0,0.11299999999999999
select,0.6,60,1.5,1,960.0,0.1915,5.0,0.24225,5.0,0.21687499999999998
select,0.6,60,1.5,2,960.0,0.1885,4.0,0.23375,4.0,0.211125
select,0.6,60,2.0,1,960.0,0.15475,6.0,0.2015,6.0,0.178125
select,0.6,60,2.0,2,960.0,0.156,4.0,0.188,4.0,0.172
select,0.6,60,3.0,1,960.0,0.13425,7.0,0.167,7.0,0.150625
select,0.6,60,3.0,2,960.0,0.135,5.0,0.15725,5.0,0.146125
select,0.6,60,4.0,1,960.0,0.1075,10.0,0.1355,9.0,0.1215
select,0.6,60,4.0,2,960.0,0.11275,6.0,0.125,6.0,0.11887500000000001
select,0.6,90,1.5,1,960.0,0.19325,6.0,0.23375,5.0,0.21350000000000002
select,0.6,90,1.5,2,960.0,0.19225,5.0,0.2255,4.0,0.208875
select,0.6,90,2.0,1,960.0,0.1675,7.0,0.18725,6.0,0.177375
select,0.6,90,2.0,2,960.0,0.167,5.5,0.17725,5.0,0.172125
select,0.6,90,3.0,1,960.0,0.1335,9.0,0.15625,8.0,0.144875
select,0.6,90,3.0,2,960.0,0.14525,7.0,0.15875,5.0,0.152
select,0.6,90,4.0,1,960.0,0.115,11.0,0.12825,10.0,0.12162500000000001
select,0.6,90,4.0,2,960.0,0.124,8.0,0.132,7.0,0.128
select,1.0,30,1.5,1,960.0,0.11975,3.0,0.156,3.0,0.137875
select,1.0,30,1.5,2,960.0,0.1185,3.0,0.14625,3.0,0.132375
select,1.0,30,2.0,1,960.0,0.094,5.0,0.1385,5.0,0.11625
select,1.0,30,2.0,2,960.0,0.09625,4.0,0.124,4.0,0.110125
select,1.0,30,3.0,1,960.0,0.076,6.0,0.105,6.0,0.0905
select,1.0,30,3.0,2,960.0,0.07375,4.0,0.0995,4.0,0.08662500000000001
select,1.0,30,4.0,1,960.0,0.05975,9.0,0.085,8.5,0.072375
select,1.0,30,4.0,2,960.0,0.0495,6.0,0.07925,6.0,0.064375
select,1.0,45,1.5,1,960.0,0.11725,5.0,0.1645,5.0,0.140875
select,1.0,45,1.5,2,960.0,0.11975,4.0,0.15625,4.0,0.138
select,1.0,45,2.0,1,960.0,0.10075,5.0,0.14375,5.0,0.12225
select,1.0,45,2.0,2,960.0,0.105,4.0,0.1355,4.0,0.12025
select,1.0,45,3.0,1,960.0,0.07275,7.0,0.108,6.0,0.090375
select,1.0,45,3.0,2,960.0,0.081,5.0,0.1015,4.0,0.09125
select,1.0,45,4.0,1,960.0,0.06325,9.0,0.08725,9.0,0.07525
select,1.0,45,4.0,2,960.0,0.06825,6.0,0.079,6.0,0.073625
select,1.0,60,1.5,1,960.0,0.13075,4.0,0.16825,5.0,0.14950000000000002
select,1.0,60,1.5,2,960.0,0.127,4.0,0.16275,4.0,0.144875
select,1.0,60,2.0,1,960.0,0.10775,5.0,0.139,5.0,0.12337500000000001
select,1.0,60,2.0,2,960.0,0.1045,4.0,0.13225,4.0,0.11837500000000001
select,1.0,60,3.0,1,960.0,0.0755,7.0,0.09475,7.0,0.085125
select,1.0,60,3.0,2,960.0,0.07875,5.0,0.095,5.0,0.08687500000000001
select,1.0,60,4.0,1,960.0,0.06375,9.0,0.07825,9.0,0.07100000000000001
select,1.0,60,4.0,2,960.0,0.06525,7.0,0.07275,6.0,0.069
select,1.0,90,1.5,1,960.0,0.14075,5.0,0.17325,5.0,0.15699999999999997
select,1.0,90,1.5,2,960.0,0.14125,4.0,0.1625,4.0,0.15187499999999998
select,1.0,90,2.0,1,960.0,0.118,6.0,0.141,6.0,0.1295
select,1.0,90,2.0,2,960.0,0.12325,5.0,0.13575,5.0,0.1295
select,1.0,90,3.0,1,960.0,0.09525,8.0,0.105,7.0,0.10012499999999999
select,1.0,90,3.0,2,960.0,0.1,6.0,0.1045,5.0,0.10225000000000001
select,1.0,90,4.0,1,960.0,0.08025,9.0,0.08975,9.0,0.08499999999999999
select,1.0,90,4.0,2,960.0,0.086,7.0,0.08925,6.0,0.087625
