tipo,size,R,S,rr,K,G,L,reserva,ev,p_cobra,n_ret,quiebra,dias,p10,p50,p90,ev_val,p_cobra_val,n_ret_val,dias_val,p10_val,p50_val,p90_val
select_flex,50,150.0,60,3,1,600.0,1000000000.0,0,1256.3319032461104,0.7893333333333333,2.816666666666667,0.9753333333333334,88.62133333333334,0.0,852.5901880935061,3066.039659054892,1194.7658447494682,0.752875,2.667375,84.1645,0.0,759.440259234698,3022.157822132949
select_flex,50,150.0,60,3,1,600.0,450.0,500,1256.3319032461104,0.7893333333333333,2.816666666666667,0.9753333333333334,88.62133333333334,0.0,852.5901880935061,3066.039659054892,1194.7658447494682,0.752875,2.667375,84.1645,0.0,759.440259234698,3022.157822132949
select_flex,50,150.0,60,3,1,600.0,450.0,0,1256.3319032461104,0.7893333333333333,2.816666666666667,0.9753333333333334,88.62133333333334,0.0,852.5901880935061,3066.039659054892,1194.7658447494682,0.752875,2.667375,84.1645,0.0,759.440259234698,3022.157822132949
select_flex,50,150.0,60,3,1,600.0,225.0,500,1256.3319032461104,0.7893333333333333,2.816666666666667,0.9753333333333334,88.62133333333334,0.0,852.5901880935061,3066.039659054892,1194.7658447494682,0.752875,2.667375,84.1645,0.0,759.440259234698,3022.157822132949
select_flex,50,150.0,60,3,1,600.0,225.0,0,1256.3319032461104,0.7893333333333333,2.816666666666667,0.9753333333333334,88.62133333333334,0.0,852.5901880935061,3066.039659054892,1194.7658447494682,0.752875,2.667375,84.1645,0.0,759.440259234698,3022.157822132949
select_flex,50,150.0,60,3,1,375.0,1000000000.0,500,1256.3319032461104,0.7893333333333333,2.816666666666667,0.9753333333333334,88.62133333333334,0.0,852.5901880935061,3066.039659054892,1194.7658447494682,0.752875,2.667375,84.1645,0.0,759.440259234698,3022.157822132949
select_flex,50,150.0,60,3,1,375.0,1000000000.0,0,1256.3319032461104,0.7893333333333333,2.816666666666667,0.9753333333333334,88.62133333333334,0.0,852.5901880935061,3066.039659054892,1194.7658447494682,0.752875,2.667375,84.1645,0.0,759.440259234698,3022.157822132949
select_flex,50,150.0,60,3,1,375.0,450.0,500,1256.3319032461104,0.7893333333333333,2.816666666666667,0.9753333333333334,88.62133333333334,0.0,852.5901880935061,3066.039659054892,1194.7658447494682,0.752875,2.667375,84.1645,0.0,759.440259234698,3022.157822132949
select_flex,50,150.0,60,3,1,375.0,450.0,0,1256.3319032461104,0.7893333333333333,2.816666666666667,0.9753333333333334,88.62133333333334,0.0,852.5901880935061,3066.039659054892,1194.7658447494682,0.752875,2.667375,84.1645,0.0,759.440259234698,3022.157822132949
select_flex,50,150.0,60,3,1,375.0,225.0,500,1256.3319032461104,0.7893333333333333,2.816666666666667,0.9753333333333334,88.62133333333334,0.0,852.5901880935061,3066.039659054892,1194.7658447494682,0.752875,2.667375,84.1645,0.0,759.440259234698,3022.157822132949
select_flex,50,150.0,60,3,1,375.0,225.0,0,1256.3319032461104,0.7893333333333333,2.816666666666667,0.9753333333333334,88.62133333333334,0.0,852.5901880935061,3066.039659054892,1194.7658447494682,0.752875,2.667375,84.1645,0.0,759.440259234698,3022.157822132949
select_flex,50,150.0,60,3,1,262.5,1000000000.0,500,1256.3319032461104,0.7893333333333333,2.816666666666667,0.9753333333333334,88.62133333333334,0.0,852.5901880935061,3066.039659054892,1194.7658447494682,0.752875,2.667375,84.1645,0.0,759.440259234698,3022.157822132949
select_flex,50,150.0,60,3,1,262.5,1000000000.0,0,1256.3319032461104,0.7893333333333333,2.816666666666667,0.9753333333333334,88.62133333333334,0.0,852.5901880935061,3066.039659054892,1194.7658447494682,0.752875,2.667375,84.1645,0.0,759.440259234698,3022.157822132949
select_flex,50,150.0,60,3,1,150.0,225.0,0,1256.3319032461104,0.7893333333333333,2.816666666666667,0.9753333333333334,88.62133333333334,0.0,852.5901880935061,3066.039659054892,1194.7658447494682,0.752875,2.667375,84.1645,0.0,759.440259234698,3022.157822132949
select_flex,50,150.0,60,3,1,262.5,450.0,0,1256.3319032461104,0.7893333333333333,2.816666666666667,0.9753333333333334,88.62133333333334,0.0,852.5901880935061,3066.039659054892,1194.7658447494682,0.752875,2.667375,84.1645,0.0,759.440259234698,3022.157822132949
select_daily,50,150.0,60,3,3,375.0,225.0,0,1115.5934445861135,0.422,2.57,0.9226666666666666,101.44733333333333,0.0,0.0,4033.7347091218144,1016.6030300480368,0.40675,2.356125,98.7005,0.0,0.0,3564.4978598194702
select_daily,50,150.0,60,3,3,600.0,225.0,0,1115.5934445861135,0.422,2.57,0.9226666666666666,101.44733333333333,0.0,0.0,4033.7347091218144,1016.6030300480368,0.40675,2.356125,98.7005,0.0,0.0,3564.4978598194702
select_daily,50,150.0,60,3,3,600.0,225.0,500,1115.5934445861135,0.422,2.57,0.9226666666666666,101.44733333333333,0.0,0.0,4033.7347091218144,1016.6030300480368,0.40675,2.356125,98.7005,0.0,0.0,3564.4978598194702
select_daily,50,150.0,60,3,3,375.0,225.0,500,1115.5934445861135,0.422,2.57,0.9226666666666666,101.44733333333333,0.0,0.0,4033.7347091218144,1016.6030300480368,0.40675,2.356125,98.7005,0.0,0.0,3564.4978598194702
select_daily,50,150.0,60,3,2,375.0,225.0,0,1089.7155370468236,0.42866666666666664,2.572,0.9066666666666666,109.418,0.0,0.0,3751.0174335275847,999.3243543712906,0.406625,2.349125,106.665,0.0,0.0,3535.7721308012433
select_daily,50,150.0,60,3,2,375.0,225.0,500,1089.7155370468236,0.42866666666666664,2.572,0.9066666666666666,109.418,0.0,0.0,3751.0174335275847,999.3243543712906,0.406625,2.349125,106.665,0.0,0.0,3535.7721308012433
select_daily,50,150.0,60,3,2,600.0,225.0,0,1089.7155370468236,0.42866666666666664,2.572,0.9066666666666666,109.418,0.0,0.0,3751.0174335275847,999.3243543712906,0.406625,2.349125,106.665,0.0,0.0,3535.7721308012433
select_daily,50,150.0,60,3,2,600.0,225.0,500,1089.7155370468236,0.42866666666666664,2.572,0.9066666666666666,109.418,0.0,0.0,3751.0174335275847,999.3243543712906,0.406625,2.349125,106.665,0.0,0.0,3535.7721308012433
select_daily,50,150.0,60,3,5,600.0,225.0,500,1028.8889896851506,0.38666666666666666,2.334,0.96,86.60333333333334,0.0,0.0,3613.7511685098784,940.0674793701705,0.380625,2.132,86.529875,0.0,0.0,3365.638568813821
select_daily,50,150.0,60,3,5,600.0,225.0,0,1028.8889896851506,0.38666666666666666,2.334,0.96,86.60333333333334,0.0,0.0,3613.7511685098784,940.0674793701705,0.380625,2.132,86.529875,0.0,0.0,3365.638568813821
growth,50,300.0,60,3,2,375.0,450.0,0,1023.3,0.294,0.634,0.984,40.276,0.0,0.0,2700.0,927.947561872242,0.29125,0.59325,37.895125,0.0,0.0,2700.0
growth,50,300.0,60,3,2,600.0,450.0,0,1023.3,0.294,0.634,0.984,40.276,0.0,0.0,2700.0,927.947561872242,0.29125,0.59325,37.895125,0.0,0.0,2700.0
growth,50,300.0,60,3,2,375.0,450.0,500,1022.5407192492432,0.294,0.634,0.984,40.28333333333333,0.0,0.0,2700.0,928.2053045966765,0.29125,0.5935,37.902625,0.0,0.0,2700.0
growth,50,300.0,60,3,2,600.0,450.0,500,1022.5407192492432,0.294,0.634,0.984,40.28333333333333,0.0,0.0,2700.0,928.2053045966765,0.29125,0.5935,37.902625,0.0,0.0,2700.0
growth,50,300.0,60,3,2,150.0,450.0,0,1014.3,0.294,0.63,0.9826666666666667,40.408,0.0,0.0,2700.0,922.210061872242,0.289625,0.58975,38.008875,0.0,0.0,2700.0
growth,50,300.0,60,3,2,187.5,450.0,0,1014.3,0.294,0.63,0.9826666666666667,40.408,0.0,0.0,2700.0,922.210061872242,0.289625,0.58975,38.008875,0.0,0.0,2700.0
growth,50,300.0,60,3,2,262.5,450.0,0,1014.3,0.294,0.63,0.9826666666666667,40.408,0.0,0.0,2700.0,922.210061872242,0.289625,0.58975,38.008875,0.0,0.0,2700.0
growth,50,300.0,60,3,2,262.5,450.0,500,1013.5407192492432,0.294,0.63,0.9826666666666667,40.41466666666667,0.0,0.0,2700.0,922.1790168484671,0.289625,0.589875,38.01325,0.0,0.0,2700.0
growth,50,300.0,60,3,2,187.5,450.0,500,1013.5407192492432,0.294,0.63,0.9826666666666667,40.41466666666667,0.0,0.0,2700.0,922.1790168484671,0.289625,0.589875,38.01325,0.0,0.0,2700.0
growth,50,300.0,60,3,2,150.0,450.0,500,1013.5407192492432,0.294,0.63,0.9826666666666667,40.41466666666667,0.0,0.0,2700.0,922.1790168484671,0.289625,0.589875,38.01325,0.0,0.0,2700.0
select_daily,50,150.0,60,3,5,375.0,225.0,500,1012.153691345472,0.39066666666666666,2.3653333333333335,0.9493333333333334,89.03866666666667,0.0,0.0,3574.189421270603,942.3305188037406,0.387375,2.1985,88.544375,0.0,0.0,3337.7262328659945
select_daily,50,150.0,60,3,5,375.0,225.0,0,1012.153691345472,0.39066666666666666,2.3653333333333335,0.9493333333333334,89.03866666666667,0.0,0.0,3574.189421270603,942.3305188037406,0.387375,2.1985,88.544375,0.0,0.0,3337.7262328659945
select_daily,50,200.0,90,3,2,600.0,300.0,0,991.967145143797,0.38866666666666666,2.1353333333333335,0.9826666666666667,61.797333333333334,0.0,0.0,3207.388213826509,929.2126870579175,0.359625,2.01625,59.8425,0.0,0.0,3228.667116647642
select_daily,50,200.0,90,3,2,600.0,300.0,500,991.967145143797,0.38866666666666666,2.1353333333333335,0.9826666666666667,61.797333333333334,0.0,0.0,3207.388213826509,929.2126870579175,0.359625,2.01625,59.8425,0.0,0.0,3228.667116647642
growth,50,300.0,60,3,1,187.5,900.0,0,978.2525571973324,0.30866666666666664,0.628,0.9846666666666667,44.234,0.0,0.0,2700.0,977.0570972949022,0.29725,0.62225,44.35125,0.0,0.0,2700.0
growth,50,300.0,60,3,1,150.0,1000000000.0,0,978.2525571973324,0.30866666666666664,0.628,0.9846666666666667,44.234,0.0,0.0,2700.0,977.0570972949022,0.29725,0.62225,44.35125,0.0,0.0,2700.0
growth,50,300.0,60,3,1,187.5,1000000000.0,0,978.2525571973324,0.30866666666666664,0.628,0.9846666666666667,44.234,0.0,0.0,2700.0,977.0570972949022,0.29725,0.62225,44.35125,0.0,0.0,2700.0
growth,50,300.0,60,3,1,262.5,450.0,0,978.2525571973324,0.30866666666666664,0.628,0.9846666666666667,44.234,0.0,0.0,2700.0,977.0570972949022,0.29725,0.62225,44.35125,0.0,0.0,2700.0
growth,50,300.0,60,3,1,600.0,1000000000.0,0,978.2525571973324,0.30866666666666664,0.628,0.9846666666666667,44.234,0.0,0.0,2700.0,977.0570972949022,0.29725,0.62225,44.35125,0.0,0.0,2700.0
select_daily,50,300.0,60,3,1,150.0,900.0,500,951.4812648437686,0.36466666666666664,1.832,0.9973333333333333,35.13066666666667,0.0,0.0,3349.150020875469,903.9957601958946,0.363375,1.73475,33.7625,0.0,0.0,3200.6401411612446
lightning,50,300.0,60,3,2,187.5,450.0,0,945.6,0.254,0.5253333333333333,0.9573333333333334,44.132666666666665,0.0,0.0,3600.0,874.125,0.252,0.485625,41.7855,0.0,0.0,3600.0
lightning,50,300.0,60,3,2,262.5,450.0,500,945.6,0.254,0.5253333333333333,0.9573333333333334,44.132666666666665,0.0,0.0,3600.0,874.125,0.252,0.485625,41.7855,0.0,0.0,3600.0
lightning,50,300.0,60,3,2,187.5,450.0,500,945.6,0.254,0.5253333333333333,0.9573333333333334,44.132666666666665,0.0,0.0,3600.0,874.125,0.252,0.485625,41.7855,0.0,0.0,3600.0
lightning,50,300.0,60,3,2,262.5,450.0,0,945.6,0.254,0.5253333333333333,0.9573333333333334,44.132666666666665,0.0,0.0,3600.0,874.125,0.252,0.485625,41.7855,0.0,0.0,3600.0
lightning,50,300.0,60,3,2,150.0,450.0,0,945.6,0.254,0.5253333333333333,0.9573333333333334,44.132666666666665,0.0,0.0,3600.0,874.125,0.252,0.485625,41.7855,0.0,0.0,3600.0
lightning,50,300.0,60,3,2,150.0,450.0,500,945.6,0.254,0.5253333333333333,0.9573333333333334,44.132666666666665,0.0,0.0,3600.0,874.125,0.252,0.485625,41.7855,0.0,0.0,3600.0
lightning,50,300.0,60,3,2,375.0,450.0,500,938.4,0.252,0.5213333333333333,0.9573333333333334,44.096,0.0,0.0,3600.0,876.375,0.25225,0.486875,41.95075,0.0,0.0,3600.0
lightning,50,300.0,60,3,2,600.0,450.0,500,938.4,0.252,0.5213333333333333,0.9573333333333334,44.096,0.0,0.0,3600.0,876.375,0.25225,0.486875,41.95075,0.0,0.0,3600.0
lightning,50,300.0,60,3,2,600.0,450.0,0,938.4,0.252,0.5213333333333333,0.9573333333333334,44.096,0.0,0.0,3600.0,876.375,0.25225,0.486875,41.95075,0.0,0.0,3600.0
lightning,50,300.0,60,3,2,375.0,450.0,0,938.4,0.252,0.5213333333333333,0.9573333333333334,44.096,0.0,0.0,3600.0,876.375,0.25225,0.486875,41.95075,0.0,0.0,3600.0
lightning,50,150.0,60,3,3,150.0,225.0,500,910.8,0.338,0.506,0.87,118.174,0.0,0.0,3600.0,900.225,0.336,0.500125,113.562875,0.0,0.0,3600.0
lightning,50,150.0,60,3,3,150.0,225.0,0,910.8,0.338,0.506,0.87,118.174,0.0,0.0,3600.0,900.225,0.336,0.500125,113.562875,0.0,0.0,3600.0
lightning,50,200.0,60,3,1,150.0,600.0,500,910.8,0.338,0.506,0.87,118.174,0.0,0.0,3600.0,900.225,0.336,0.500125,113.562875,0.0,0.0,3600.0
lightning,50,200.0,60,3,1,150.0,1000000000.0,0,910.8,0.338,0.506,0.87,118.174,0.0,0.0,3600.0,900.225,0.336,0.500125,113.562875,0.0,0.0,3600.0
lightning,50,150.0,60,3,2,262.5,225.0,500,910.8,0.338,0.506,0.87,118.174,0.0,0.0,3600.0,900.225,0.336,0.500125,113.562875,0.0,0.0,3600.0
select_daily,25,150.0,60,3,3,375.0,225.0,0,502.44982545549607,0.33066666666666666,1.216,0.9966666666666667,29.121333333333332,0.0,0.0,1796.961767908812,444.6195901821944,0.318125,1.078,28.389625,0.0,0.0,1556.5769822857103
select_daily,25,150.0,60,3,3,375.0,225.0,500,502.44982545549607,0.33066666666666666,1.216,0.9966666666666667,29.121333333333332,0.0,0.0,1796.961767908812,444.6195901821944,0.318125,1.078,28.389625,0.0,0.0,1556.5769822857103
select_daily,25,150.0,60,3,3,600.0,225.0,0,502.44982545549607,0.33066666666666666,1.216,0.9966666666666667,29.121333333333332,0.0,0.0,1796.961767908812,444.6195901821944,0.318125,1.078,28.389625,0.0,0.0,1556.5769822857103
select_daily,25,150.0,60,3,3,600.0,225.0,500,502.44982545549607,0.33066666666666666,1.216,0.9966666666666667,29.121333333333332,0.0,0.0,1796.961767908812,444.6195901821944,0.318125,1.078,28.389625,0.0,0.0,1556.5769822857103
select_daily,25,150.0,60,3,2,375.0,225.0,500,500.60091332608835,0.322,1.2506666666666666,0.998,31.906,0.0,0.0,1850.1638418458572,438.55567839150376,0.314625,1.098125,30.941,0.0,0.0,1617.3562890996632
select_daily,25,150.0,60,3,2,600.0,225.0,500,500.60091332608835,0.322,1.2506666666666666,0.998,31.906,0.0,0.0,1850.1638418458572,438.55567839150376,0.314625,1.098125,30.941,0.0,0.0,1617.3562890996632
select_daily,25,150.0,60,3,2,375.0,225.0,0,500.60091332608835,0.322,1.2506666666666666,0.998,31.906,0.0,0.0,1850.1638418458572,438.55567839150376,0.314625,1.098125,30.941,0.0,0.0,1617.3562890996632
select_daily,25,150.0,60,3,2,600.0,225.0,0,500.60091332608835,0.322,1.2506666666666666,0.998,31.906,0.0,0.0,1850.1638418458572,438.55567839150376,0.314625,1.098125,30.941,0.0,0.0,1617.3562890996632
select_flex,25,150.0,60,3,5,400.0,225.0,0,488.9895929211933,0.4186666666666667,0.7646666666666667,0.9933333333333333,25.623333333333335,0.0,0.0,1554.9229537442432,430.89112968011585,0.404,0.684625,24.183,0.0,0.0,1291.8297839658114
select_flex,25,150.0,60,3,5,400.0,225.0,500,488.9895929211933,0.4186666666666667,0.7646666666666667,0.9933333333333333,25.623333333333335,0.0,0.0,1554.9229537442432,430.89112968011585,0.404,0.684625,24.183,0.0,0.0,1291.8297839658114
select_daily,25,150.0,60,3,5,375.0,225.0,500,478.13230976709104,0.32066666666666666,1.1573333333333333,0.9953333333333333,26.541333333333334,0.0,0.0,1831.3327768577333,419.7099824419975,0.309875,1.027125,25.28625,0.0,0.0,1555.3464968267244
select_daily,25,150.0,60,3,5,375.0,225.0,0,478.13230976709104,0.32066666666666666,1.1573333333333333,0.9953333333333333,26.541333333333334,0.0,0.0,1831.3327768577333,419.7099824419975,0.309875,1.027125,25.28625,0.0,0.0,1555.3464968267244
select_flex,25,150.0,60,3,3,400.0,225.0,500,476.9566122581796,0.4533333333333333,0.8366666666666667,0.994,25.156666666666666,0.0,0.0,1441.0869480466965,444.95371085120155,0.4585,0.807625,24.478125,0.0,0.0,1296.6062750002886
select_flex,25,150.0,60,3,3,400.0,225.0,0,476.9566122581796,0.4533333333333333,0.8366666666666667,0.994,25.156666666666666,0.0,0.0,1441.0869480466965,444.95371085120155,0.4585,0.807625,24.478125,0.0,0.0,1296.6062750002886
select_daily,25,150.0,60,3,5,600.0,225.0,500,474.93186538536753,0.31666666666666665,1.1446666666666667,0.996,26.05,0.0,0.0,1745.658349848148,434.719601272721,0.30825,1.05225,25.634375,0.0,0.0,1536.3819238479425
select_daily,25,150.0,60,3,5,600.0,225.0,0,474.93186538536753,0.31666666666666665,1.1446666666666667,0.996,26.05,0.0,0.0,1745.658349848148,434.719601272721,0.30825,1.05225,25.634375,0.0,0.0,1536.3819238479425
select_flex,25,150.0,60,3,2,400.0,225.0,0,473.1251002277375,0.4846666666666667,0.8913333333333333,0.996,26.030666666666665,0.0,0.0,1407.742604134959,443.00877774074684,0.48625,0.857375,25.69125,0.0,0.0,1285.194206895056
select_flex,25,150.0,60,3,2,400.0,225.0,500,473.1251002277375,0.4846666666666667,0.8913333333333333,0.996,26.030666666666665,0.0,0.0,1407.742604134959,443.00877774074684,0.48625,0.857375,25.69125,0.0,0.0,1285.194206895056
select_daily,25,150.0,60,5,3,600.0,225.0,500,437.7320571701609,0.31533333333333335,1.0386666666666666,0.9466666666666667,37.242666666666665,0.0,0.0,1531.5142191277396,401.4389738870055,0.287625,0.949875,35.629375,0.0,0.0,1407.778288075105
select_daily,25,150.0,60,5,3,600.0,225.0,0,437.7320571701609,0.31533333333333335,1.0386666666666666,0.9466666666666667,37.242666666666665,0.0,0.0,1531.5142191277396,401.4389738870055,0.287625,0.949875,35.629375,0.0,0.0,1407.778288075105
select_flex,25,150.0,60,3,2,400.0,1000000000.0,500,436.70237930489617,0.462,0.8453333333333334,0.9906666666666667,17.588,0.0,0.0,1239.5731768443363,394.07312547908003,0.46175,0.789625,16.063,0.0,0.0,1105.2519977938773
select_flex,25,150.0,60,3,2,400.0,1000000000.0,0,436.70237930489617,0.462,0.8453333333333334,0.9906666666666667,17.588,0.0,0.0,1239.5731768443363,394.07312547908003,0.46175,0.789625,16.063,0.0,0.0,1105.2519977938773
select_flex,25,150.0,60,3,2,400.0,450.0,500,436.70237930489617,0.462,0.8453333333333334,0.9906666666666667,17.588,0.0,0.0,1239.5731768443363,394.07312547908003,0.46175,0.789625,16.063,0.0,0.0,1105.2519977938773
select_flex,25,150.0,60,3,2,400.0,450.0,0,436.70237930489617,0.462,0.8453333333333334,0.9906666666666667,17.588,0.0,0.0,1239.5731768443363,394.07312547908003,0.46175,0.789625,16.063,0.0,0.0,1105.2519977938773
select_daily,25,150.0,60,3,2,150.0,225.0,0,435.4467737276437,0.32466666666666666,1.2373333333333334,0.998,34.26133333333333,0.0,0.0,1554.9394221308771,417.11101421774134,0.31325,1.176125,33.288625,0.0,0.0,1526.3298884447195
select_flex,25,150.0,40,5,2,400.0,1000000000.0,500,426.1468095249167,0.4686666666666667,0.844,0.992,21.926666666666666,0.0,0.0,1173.694824241635,390.85173626807085,0.462,0.788375,20.927375,0.0,0.0,1094.8083754996694
select_flex,25,100.0,40,5,2,400.0,300.0,0,426.1468095249167,0.4686666666666667,0.844,0.992,21.926666666666666,0.0,0.0,1173.694824241635,390.85173626807085,0.462,0.788375,20.927375,0.0,0.0,1094.8083754996694
select_flex,25,150.0,40,5,2,400.0,450.0,500,426.1468095249167,0.4686666666666667,0.844,0.992,21.926666666666666,0.0,0.0,1173.694824241635,390.85173626807085,0.462,0.788375,20.927375,0.0,0.0,1094.8083754996694
select_flex,25,150.0,40,5,2,400.0,450.0,0,426.1468095249167,0.4686666666666667,0.844,0.992,21.926666666666666,0.0,0.0,1173.694824241635,390.85173626807085,0.462,0.788375,20.927375,0.0,0.0,1094.8083754996694
select_flex,25,150.0,40,5,2,400.0,225.0,500,426.1468095249167,0.4686666666666667,0.844,0.992,21.926666666666666,0.0,0.0,1173.694824241635,390.85173626807085,0.462,0.788375,20.927375,0.0,0.0,1094.8083754996694
lightning,25,150.0,60,3,2,187.5,450.0,500,412.2,0.228,0.458,0.976,29.168666666666667,0.0,0.0,900.0,357.6375,0.222375,0.397375,26.406125,0.0,0.0,900.0
lightning,25,150.0,60,3,2,187.5,1000000000.0,0,412.2,0.228,0.458,0.976,29.168666666666667,0.0,0.0,900.0,357.6375,0.222375,0.397375,26.406125,0.0,0.0,900.0
lightning,25,150.0,60,3,2,187.5,1000000000.0,500,412.2,0.228,0.458,0.976,29.168666666666667,0.0,0.0,900.0,357.6375,0.222375,0.397375,26.406125,0.0,0.0,900.0
lightning,25,150.0,60,3,2,262.5,225.0,0,412.2,0.254,0.458,0.9693333333333334,44.06,0.0,0.0,900.0,411.975,0.245375,0.45775,44.013,0.0,0.0,900.0
lightning,25,150.0,60,3,2,262.5,225.0,500,412.2,0.254,0.458,0.9693333333333334,44.06,0.0,0.0,900.0,411.975,0.245375,0.45775,44.013,0.0,0.0,900.0
lightning,25,150.0,60,3,2,262.5,450.0,0,412.2,0.228,0.458,0.976,29.168666666666667,0.0,0.0,900.0,357.6375,0.222375,0.397375,26.406125,0.0,0.0,900.0
lightning,25,150.0,60,3,2,262.5,450.0,500,412.2,0.228,0.458,0.976,29.168666666666667,0.0,0.0,900.0,357.6375,0.222375,0.397375,26.406125,0.0,0.0,900.0
lightning,25,150.0,60,3,2,262.5,1000000000.0,0,412.2,0.228,0.458,0.976,29.168666666666667,0.0,0.0,900.0,357.6375,0.222375,0.397375,26.406125,0.0,0.0,900.0
lightning,25,150.0,60,3,3,150.0,225.0,0,412.2,0.254,0.458,0.9693333333333334,44.06,0.0,0.0,900.0,411.975,0.245375,0.45775,44.013,0.0,0.0,900.0
lightning,25,150.0,60,3,2,262.5,1000000000.0,500,412.2,0.228,0.458,0.976,29.168666666666667,0.0,0.0,900.0,357.6375,0.222375,0.397375,26.406125,0.0,0.0,900.0
lightning,25,150.0,60,3,3,150.0,225.0,500,412.2,0.254,0.458,0.9693333333333334,44.06,0.0,0.0,900.0,411.975,0.245375,0.45775,44.013,0.0,0.0,900.0
lightning,25,150.0,60,3,3,187.5,225.0,0,412.2,0.254,0.458,0.9693333333333334,44.06,0.0,0.0,900.0,411.975,0.245375,0.45775,44.013,0.0,0.0,900.0
lightning,25,150.0,60,3,3,187.5,225.0,500,412.2,0.254,0.458,0.9693333333333334,44.06,0.0,0.0,900.0,411.975,0.245375,0.45775,44.013,0.0,0.0,900.0
lightning,25,150.0,60,3,3,262.5,225.0,0,412.2,0.254,0.458,0.9693333333333334,44.06,0.0,0.0,900.0,411.975,0.245375,0.45775,44.013,0.0,0.0,900.0
lightning,25,150.0,60,3,3,262.5,225.0,500,412.2,0.254,0.458,0.9693333333333334,44.06,0.0,0.0,900.0,411.975,0.245375,0.45775,44.013,0.0,0.0,900.0
growth,25,150.0,60,3,1,175.0,450.0,0,406.2,0.2966666666666667,0.4513333333333333,0.996,31.973333333333333,0.0,0.0,900.0,410.625,0.285625,0.45625,32.35825,0.0,0.0,900.0
growth,25,150.0,60,3,1,175.0,225.0,0,406.2,0.2966666666666667,0.4513333333333333,0.996,31.973333333333333,0.0,0.0,900.0,410.625,0.285625,0.45625,32.35825,0.0,0.0,900.0
growth,25,150.0,60,3,1,175.0,1000000000.0,0,406.2,0.2966666666666667,0.4513333333333333,0.996,31.973333333333333,0.0,0.0,900.0,410.625,0.285625,0.45625,32.35825,0.0,0.0,900.0
growth,25,150.0,60,3,1,250.0,225.0,0,406.2,0.2966666666666667,0.4513333333333333,0.996,31.973333333333333,0.0,0.0,900.0,410.625,0.285625,0.45625,32.35825,0.0,0.0,900.0
growth,25,150.0,60,3,1,100.0,225.0,0,406.2,0.2966666666666667,0.4513333333333333,0.996,31.973333333333333,0.0,0.0,900.0,410.625,0.285625,0.45625,32.35825,0.0,0.0,900.0
growth,25,150.0,60,3,1,125.0,1000000000.0,0,406.2,0.2966666666666667,0.4513333333333333,0.996,31.973333333333333,0.0,0.0,900.0,410.625,0.285625,0.45625,32.35825,0.0,0.0,900.0
growth,25,150.0,60,3,1,250.0,450.0,0,406.2,0.2966666666666667,0.4513333333333333,0.996,31.973333333333333,0.0,0.0,900.0,410.625,0.285625,0.45625,32.35825,0.0,0.0,900.0
growth,25,150.0,60,3,1,100.0,450.0,0,406.2,0.2966666666666667,0.4513333333333333,0.996,31.973333333333333,0.0,0.0,900.0,410.625,0.285625,0.45625,32.35825,0.0,0.0,900.0
growth,25,150.0,60,3,1,125.0,450.0,0,406.2,0.2966666666666667,0.4513333333333333,0.996,31.973333333333333,0.0,0.0,900.0,410.625,0.285625,0.45625,32.35825,0.0,0.0,900.0
growth,25,150.0,60,3,1,250.0,1000000000.0,0,406.2,0.2966666666666667,0.4513333333333333,0.996,31.973333333333333,0.0,0.0,900.0,410.625,0.285625,0.45625,32.35825,0.0,0.0,900.0
growth,25,150.0,60,3,1,400.0,225.0,0,406.2,0.2966666666666667,0.4513333333333333,0.996,31.973333333333333,0.0,0.0,900.0,410.625,0.285625,0.45625,32.35825,0.0,0.0,900.0
growth,25,150.0,60,3,1,400.0,450.0,0,406.2,0.2966666666666667,0.4513333333333333,0.996,31.973333333333333,0.0,0.0,900.0,410.625,0.285625,0.45625,32.35825,0.0,0.0,900.0
growth,25,150.0,60,3,1,100.0,1000000000.0,0,406.2,0.2966666666666667,0.4513333333333333,0.996,31.973333333333333,0.0,0.0,900.0,410.625,0.285625,0.45625,32.35825,0.0,0.0,900.0
growth,25,150.0,60,3,1,400.0,1000000000.0,0,406.2,0.2966666666666667,0.4513333333333333,0.996,31.973333333333333,0.0,0.0,900.0,410.625,0.285625,0.45625,32.35825,0.0,0.0,900.0
growth,25,150.0,60,3,2,100.0,225.0,0,406.2,0.2966666666666667,0.4513333333333333,0.996,31.973333333333333,0.0,0.0,900.0,410.625,0.285625,0.45625,32.35825,0.0,0.0,900.0
