esc,modo,plan,Rusd,K,ev_3años,p_cobra,n_ret,vida_dias,ev_por_año_vida,p50,p90
cons,estrategia,select_flex,75,1,523.6880113998047,0.608,1.758,480.9173333333333,274.4117745934522,257.09759156761646,1464.2585707435899
cons,estrategia,select_flex,75,2,574.4335672107051,0.61,1.7163333333333333,392.899,368.43376780571515,265.79140881294796,1632.1930149788932
cons,estrategia,select_flex,75,3,757.7733350073124,0.679,2.179,388.4873333333333,491.54467607311796,431.64700222672127,2002.8540921701533
cons,estrategia,select_flex,100,1,953.4933493418939,0.7166666666666667,2.9716666666666667,265.52433333333335,904.9276991593637,573.8936381195101,2521.2199582292446
cons,estrategia,select_flex,100,2,1219.0862479462535,0.7686666666666667,3.2973333333333334,201.20866666666666,1526.8215806598253,806.3159772294956,3006.7785280907697
cons,estrategia,select_flex,100,3,1377.9254658709917,0.7913333333333333,3.441,185.275,1874.172000536985,987.1965329201854,3365.0627868331944
cons,estrategia,select_flex,150,1,827.495544258153,0.6713333333333333,1.991,86.09666666666666,2422.0319464910126,458.61644112747763,2234.1628811071223
cons,estrategia,select_flex,150,2,954.3901250202845,0.6943333333333334,2.065,59.52466666666667,4040.447850836824,560.7037143912612,2512.770532846895
cons,estrategia,select_flex,150,3,965.52380780098,0.693,1.8926666666666667,54.409666666666666,4471.852420204381,531.1546693689002,2506.207128987358
cons,estrategia,select_flex,250,1,821.1798999615079,0.591,1.1743333333333332,34.56933333333333,5986.153472932657,362.73774856199634,2212.3109357989338
cons,estrategia,select_flex,250,2,905.5315472386862,0.59,1.1876666666666666,24.088666666666665,9473.083465425605,383.96961623872573,2450.158316290776
cons,estrategia,select_flex,250,3,956.8237369718266,0.5816666666666667,1.164,22.539666666666665,10697.566440655748,396.511245023541,2697.319815854473
cons,estrategia,select_flex,400,1,840.59311304474,0.371,0.6403333333333333,18.904,11205.536631785573,0.0,2573.2707892384547
cons,estrategia,select_flex,400,2,968.2495162895952,0.38233333333333336,0.6953333333333334,13.899,17555.139082306498,0.0,2969.1235952710763
cons,estrategia,select_flex,400,3,983.8328165800823,0.38233333333333336,0.6916666666666667,12.684666666666667,19545.320053990177,0.0,2835.7590049754713
cons,estrategia,select_flex,600,1,920.3513820400708,0.23233333333333334,0.4786666666666667,14.354,16157.764265995393,0.0,2250.0
cons,estrategia,select_flex,600,2,1057.1184443819625,0.23966666666666667,0.5343333333333333,10.836,24584.149869347963,0.0,3037.3684591169526
cons,estrategia,select_flex,600,3,1144.2923896806199,0.23933333333333334,0.573,10.522333333333334,27404.727931021273,0.0,3360.548810548881
cons,estrategia,select_flex,900,1,1105.3285923810788,0.16866666666666666,0.508,13.827666666666667,20143.876186391906,0.0,2250.0
cons,estrategia,select_flex,900,2,1400.1559483804008,0.17533333333333334,0.6363333333333333,11.603,30409.316469177025,0.0,2250.0
cons,estrategia,select_flex,900,3,1446.5499359465912,0.17733333333333334,0.657,10.942666666666666,33312.77420420443,0.0,2250.0
cons,estrategia,growth,75,1,11.7,0.008333333333333333,0.008666666666666666,518.1813333333333,5.689900060725203,0.0,0.0
cons,estrategia,growth,75,2,33.3,0.022333333333333334,0.024666666666666667,442.6483333333333,18.95771285708369,0.0,0.0
cons,estrategia,growth,75,3,77.4,0.04766666666666667,0.05733333333333333,456.763,42.70223288663925,0.0,0.0
cons,estrategia,growth,100,1,198.0,0.10433333333333333,0.14666666666666667,359.207,138.90597900374993,0.0,1350.0
cons,estrategia,growth,100,2,616.95,0.23433333333333334,0.44866666666666666,341.42066666666665,455.36610749983896,0.0,2700.0
cons,estrategia,growth,100,3,978.3,0.324,0.6926666666666667,357.82,688.9821698060478,0.0,4050.0
cons,estrategia,growth,150,1,414.0,0.13866666666666666,0.287,153.11866666666666,681.3538954536351,0.0,1350.0
cons,estrategia,growth,150,2,849.15,0.21633333333333332,0.535,138.963,1539.8760821225794,0.0,2700.0
cons,estrategia,growth,150,3,978.75,0.22833333333333333,0.598,133.03233333333333,1854.0229568250325,0.0,2700.0
cons,estrategia,growth,250,1,753.3,0.19233333333333333,0.462,71.80566666666667,2643.6855030011557,0.0,2700.0
cons,estrategia,growth,250,2,1071.9,0.22733333333333333,0.6083333333333333,77.88733333333333,3468.0709743133248,0.0,2700.0
cons,estrategia,growth,250,3,1146.6,0.22966666666666666,0.6413333333333333,79.212,3647.720042417815,0.0,2700.0
cons,estrategia,growth,400,1,846.9,0.21333333333333335,0.49266666666666664,44.306,4816.927729878572,0.0,1350.0
cons,estrategia,growth,400,2,1032.75,0.19633333333333333,0.5643333333333334,61.477666666666664,4233.293391095954,0.0,1350.0
cons,estrategia,growth,400,3,1069.65,0.18066666666666667,0.5653333333333334,61.782333333333334,4362.926834531986,0.0,1350.0
cons,estrategia,growth,600,1,752.4,0.177,0.43,37.045,5118.229180726144,0.0,1350.0
cons,estrategia,growth,600,2,855.0,0.15833333333333333,0.461,48.614,4432.056609207225,0.0,1350.0
cons,estrategia,growth,600,3,851.4,0.143,0.45066666666666666,50.706,4231.309904153354,0.0,1350.0
cons,estrategia,growth,900,1,719.1,0.138,0.3903333333333333,35.62266666666667,5087.019500692443,0.0,1350.0
cons,estrategia,growth,900,2,688.95,0.11666666666666667,0.365,40.959666666666664,4238.6917211240325,0.0,1350.0
cons,estrategia,growth,900,3,690.3,0.11,0.36033333333333334,40.654333333333334,4278.894418799144,0.0,1350.0
cons,sin ventaja,select_flex,75,1,245.08012060073895,0.41233333333333333,0.7613333333333333,420.83433333333335,146.75653933032925,0.0,795.8153096399141
cons,sin ventaja,select_flex,75,2,195.56244448019638,0.353,0.62,306.415,160.83330127118282,0.0,616.1536877712358
cons,sin ventaja,select_flex,75,3,228.3299565120438,0.37033333333333335,0.6893333333333334,275.50466666666665,208.84999785013335,0.0,749.8418366196549
cons,sin ventaja,select_flex,100,1,595.2794455412132,0.5996666666666667,1.654,240.38233333333332,624.0492726575264,264.8987894296261,1701.1179102702333
cons,sin ventaja,select_flex,100,2,431.74996133447235,0.518,1.2046666666666668,148.29,733.7041624943491,231.85484517571808,1309.3809044458599
cons,sin ventaja,select_flex,100,3,519.0425765808791,0.547,1.3746666666666667,138.06766666666667,947.3523559586594,245.67943928115932,1514.9037401920614
cons,sin ventaja,select_flex,150,1,588.8272406533349,0.569,1.1833333333333333,88.899,1669.135363104651,265.71176438581927,1690.8978723638763
cons,sin ventaja,select_flex,150,2,560.9293950475935,0.5586666666666666,1.2436666666666667,54.624,2587.7674200350316,266.6952869996363,1640.6720738508782
cons,sin ventaja,select_flex,150,3,592.4442110803386,0.5563333333333333,1.192,50.004333333333335,2985.6600666391314,274.81441193549085,1711.1278312520294
cons,sin ventaja,select_flex,250,1,755.4585480302644,0.604,1.465,31.124333333333333,6116.614677807074,354.47061139114254,2116.4551831648914
cons,sin ventaja,select_flex,250,2,569.9900755878814,0.49433333333333335,0.8816666666666667,21.47,6690.149000845186,0.0,1645.1140581592554
cons,sin ventaja,select_flex,250,3,598.8816567290714,0.4816666666666667,0.871,19.645,7682.269152238534,0.0,1717.31550359489
cons,sin ventaja,select_flex,400,1,747.3659455223883,0.49633333333333335,0.902,15.153,12428.972366636432,0.0,2099.788824649045
cons,sin ventaja,select_flex,400,2,595.9994549165806,0.342,0.5253333333333333,11.767333333333333,12763.45781873364,0.0,1747.6626468900922
cons,sin ventaja,select_flex,400,3,647.9787467517392,0.3343333333333333,0.538,10.971,14883.843239580556,0.0,1854.8616879257959
cons,sin ventaja,select_flex,600,1,804.0263912258356,0.3616666666666667,0.6176666666666667,10.334333333333333,19605.972059695247,0.0,2278.5728586455566
cons,sin ventaja,select_flex,600,2,649.8444287408868,0.22233333333333333,0.36933333333333335,8.673333333333334,18880.952656729838,0.0,2157.459047579955
cons,sin ventaja,select_flex,600,3,719.860653391968,0.22333333333333333,0.3983333333333333,8.271333333333333,21931.758441376955,0.0,2250.0
cons,sin ventaja,select_flex,900,1,971.238446511562,0.2673333333333333,0.527,8.749666666666666,27972.732887452505,0.0,2600.173725376803
cons,sin ventaja,select_flex,900,2,746.6525418246553,0.17233333333333334,0.3546666666666667,7.714333333333333,24390.49914096873,0.0,2250.0
cons,sin ventaja,select_flex,900,3,814.1885108977717,0.165,0.384,7.522,27276.72224757225,0.0,2250.0
cons,sin ventaja,growth,75,1,2.7,0.002,0.002,441.201,1.5421542562233541,0.0,0.0
cons,sin ventaja,growth,75,2,1.35,0.001,0.001,324.2633333333333,1.049147297977981,0.0,0.0
cons,sin ventaja,growth,75,3,3.6,0.0026666666666666666,0.0026666666666666666,297.5903333333333,3.0484861179406595,0.0,0.0
cons,sin ventaja,growth,100,1,82.8,0.046,0.06133333333333333,300.73533333333336,69.38193716290957,0.0,0.0
cons,sin ventaja,growth,100,2,44.1,0.024333333333333332,0.03266666666666666,184.20233333333334,60.33148331454361,0.0,0.0
cons,sin ventaja,growth,100,3,82.8,0.04133333333333333,0.06133333333333333,176.48266666666666,118.23030779226666,0.0,0.0
cons,sin ventaja,growth,150,1,270.0,0.107,0.19233333333333333,134.47766666666666,505.9576187371881,0.0,1350.0
cons,sin ventaja,growth,150,2,179.55,0.076,0.12633333333333333,80.779,560.1282511543842,0.0,0.0
cons,sin ventaja,growth,150,3,225.0,0.09566666666666666,0.157,76.724,739.0125645169699,0.0,0.0
cons,sin ventaja,growth,250,1,428.4,0.14266666666666666,0.282,56.639,1906.050601175868,0.0,1350.0
cons,sin ventaja,growth,250,2,246.6,0.11366666666666667,0.17233333333333334,34.324333333333335,1810.4707059132004,0.0,1350.0
cons,sin ventaja,growth,250,3,258.75,0.12266666666666666,0.18233333333333332,31.914666666666665,2043.1045287433155,0.0,1350.0
cons,sin ventaja,growth,400,1,519.75,0.17333333333333334,0.33366666666666667,31.639666666666667,4139.645381851895,0.0,1350.0
cons,sin ventaja,growth,400,2,283.05,0.136,0.19966666666666666,20.851666666666667,3420.7625289745024,0.0,1350.0
cons,sin ventaja,growth,400,3,261.45,0.12266666666666666,0.18266666666666667,21.531666666666666,3059.93033516526,0.0,1350.0
cons,sin ventaja,growth,600,1,504.0,0.16866666666666666,0.31966666666666665,24.900666666666666,5100.586329683275,0.0,1350.0
cons,sin ventaja,growth,600,2,246.15,0.118,0.17466666666666666,16.901,3670.1851961422403,0.0,1350.0
cons,sin ventaja,growth,600,3,235.8,0.107,0.16366666666666665,17.882,3322.9840062632816,0.0,1350.0
cons,sin ventaja,growth,900,1,480.15,0.13933333333333334,0.294,24.597666666666665,4919.076335153741,0.0,1350.0
cons,sin ventaja,growth,900,2,214.65,0.09133333333333334,0.14866666666666667,14.827333333333334,3648.113843801987,0.0,0.0
cons,sin ventaja,growth,900,3,190.8,0.08333333333333333,0.13333333333333333,14.912666666666667,3224.2120792167734,0.0,0.0
opt,estrategia,select_flex,75,1,163.80477572887472,0.30933333333333335,0.5783333333333334,302.312,136.54371471749857,0.0,534.4385865095182
opt,estrategia,select_flex,75,2,118.75857374076206,0.24233333333333335,0.383,205.757,145.44905195289607,0.0,396.93660556185057
opt,estrategia,select_flex,75,3,114.90541482778868,0.234,0.371,172.61933333333334,167.7457789776507,0.0,407.93859764786833
opt,estrategia,select_flex,100,1,585.2996494477858,0.592,1.8583333333333334,196.92766666666665,748.9831883830884,266.5539156985211,1664.411946149272
opt,estrategia,select_flex,100,2,502.0989463308546,0.5453333333333333,1.457,122.88066666666667,1029.6895183569047,245.5744222563238,1472.7698380618926
opt,estrategia,select_flex,100,3,468.6093552519784,0.5173333333333333,1.2653333333333334,101.432,1164.2238891424654,233.2741346690077,1397.8883273782383
opt,estrategia,select_flex,150,1,1082.3673421809972,0.7326666666666667,2.4976666666666665,85.91466666666666,3174.738153706134,645.0377370507268,2875.7999601535003
opt,estrategia,select_flex,150,2,882.1103003828479,0.6673333333333333,1.9463333333333332,49.76533333333333,4466.800095712096,505.764171574854,2431.0513714080726
opt,estrategia,select_flex,150,3,697.6135433820308,0.5993333333333334,1.4036666666666666,39.724666666666664,4425.427012576697,324.8506967867447,2001.0000206957814
opt,estrategia,select_flex,250,1,868.546526453895,0.615,1.262,33.06133333333333,6620.232839965566,420.1228779908794,2422.7851190540523
opt,estrategia,select_flex,250,2,881.5634215690645,0.5893333333333334,1.1646666666666667,20.440333333333335,10868.412888018993,385.9393609660436,2459.405347447686
opt,estrategia,select_flex,250,3,745.4925521021954,0.513,0.9306666666666666,16.584,11328.034438600655,255.65710416848182,2075.5443381951586
opt,estrategia,select_flex,400,1,843.3324456476304,0.3973333333333333,0.6703333333333333,17.716666666666665,11995.471851544848,0.0,2470.886355687119
opt,estrategia,select_flex,400,2,908.1685068581356,0.3863333333333333,0.672,11.726,19517.180942201107,0.0,2747.0224696415175
opt,estrategia,select_flex,400,3,788.2291946959292,0.3463333333333333,0.5746666666666667,9.567333333333334,20761.663688597397,0.0,2476.797641487069
opt,estrategia,select_flex,600,1,1078.0343130468632,0.257,0.5566666666666666,14.345,18937.932860774454,0.0,2876.6822678717135
opt,estrategia,select_flex,600,2,1021.3797645207171,0.25433333333333336,0.525,9.374333333333333,27456.640542533234,0.0,2841.2862781415092
opt,estrategia,select_flex,600,3,918.4153601007521,0.22566666666666665,0.4656666666666667,7.828,29565.747412543373,0.0,2250.0
opt,estrategia,select_flex,900,1,1346.1133532850083,0.18333333333333332,0.6156666666666667,14.681666666666667,23105.044728878787,0.0,2250.0
opt,estrategia,select_flex,900,2,1275.0742286068307,0.177,0.583,9.624333333333333,33386.07407705345,0.0,2250.0
opt,estrategia,select_flex,900,3,1055.8829427710427,0.16766666666666666,0.48433333333333334,7.531,35331.6294752759,0.0,2250.0
opt,estrategia,growth,75,1,0.45,0.0003333333333333333,0.0003333333333333333,317.16633333333334,0.3575411009365223,0.0,0.0
opt,estrategia,growth,75,2,0.0,0.0,0.0,214.12466666666666,0.0,0.0,0.0
opt,estrategia,growth,75,3,0.0,0.0,0.0,179.56233333333333,0.0,0.0,0.0
opt,estrategia,growth,100,1,59.85,0.034,0.044333333333333336,245.37066666666666,61.467005020975066,0.0,0.0
opt,estrategia,growth,100,2,61.2,0.036333333333333336,0.045,157.59066666666666,97.86366366874519,0.0,0.0
opt,estrategia,growth,100,3,65.7,0.03866666666666667,0.048666666666666664,130.194,127.16715055993366,0.0,0.0
opt,estrategia,growth,150,1,931.05,0.23733333333333334,0.606,183.00366666666667,1282.0759511193764,0.0,4050.0
opt,estrategia,growth,150,2,575.55,0.18033333333333335,0.37566666666666665,103.56366666666666,1400.4776449913259,0.0,1350.0
opt,estrategia,growth,150,3,347.4,0.12366666666666666,0.232,67.901,1289.3005994020707,0.0,1350.0
opt,estrategia,growth,250,1,972.0,0.21966666666666668,0.5786666666666667,74.24533333333333,3299.1164427842828,0.0,2700.0
opt,estrategia,growth,250,2,908.1,0.221,0.535,64.60433333333333,3542.195827937239,0.0,2700.0
opt,estrategia,growth,250,3,522.0,0.17433333333333334,0.3343333333333333,40.863,3219.146905513545,0.0,1350.0
opt,estrategia,growth,400,1,977.85,0.22733333333333333,0.558,45.435,5423.532518983162,0.0,2700.0
opt,estrategia,growth,400,2,748.35,0.18133333333333335,0.43433333333333335,48.617,3878.9764897052473,0.0,1350.0
opt,estrategia,growth,400,3,432.9,0.15733333333333333,0.28,28.311666666666667,3853.210101842585,0.0,1350.0
opt,estrategia,growth,600,1,1210.95,0.20033333333333334,0.6293333333333333,48.47,6295.8407262224055,0.0,1350.0
opt,estrategia,growth,600,2,768.6,0.155,0.42033333333333334,44.120666666666665,4389.94273280851,0.0,1350.0
opt,estrategia,growth,600,3,441.45,0.138,0.2703333333333333,27.56,4036.480406386067,0.0,1350.0
opt,estrategia,growth,900,1,1148.85,0.14933333333333335,0.569,46.095333333333336,6280.683510984481,0.0,1350.0
opt,estrategia,growth,900,2,688.95,0.10966666666666666,0.36033333333333334,39.684333333333335,4374.910334052901,0.0,1350.0
opt,estrategia,growth,900,3,372.6,0.10133333333333333,0.21933333333333332,24.173333333333332,3884.2471042471047,0.0,1350.0
opt,sin ventaja,select_flex,75,1,183.80214843642176,0.349,0.5943333333333334,365.9066666666667,126.58457914398466,0.0,610.9325619028524
opt,sin ventaja,select_flex,75,2,242.63910599191237,0.39966666666666667,0.7623333333333333,264.2753333333333,231.36875446804945,0.0,752.7418395380396
opt,sin ventaja,select_flex,75,3,326.3114789163477,0.4653333333333333,0.9823333333333333,245.86533333333333,334.4533837775135,0.0,993.1712271429503
opt,sin ventaja,select_flex,100,1,395.542315105602,0.5,1.139,192.662,517.3654555989852,112.51145038652106,1188.1770609037349
opt,sin ventaja,select_flex,100,2,312.6343477892031,0.43633333333333335,0.8643333333333333,114.39166666666667,688.7202358232317,0.0,931.051842924982
opt,sin ventaja,select_flex,100,3,403.56954158651916,0.49133333333333334,1.063,101.74433333333333,999.5595936199837,0.0,1193.6133192653929
opt,sin ventaja,select_flex,150,1,406.35661786041067,0.4746666666666667,0.8743333333333333,72.045,1421.3598126285444,0.0,1247.8432010204908
opt,sin ventaja,select_flex,150,2,420.4717534578,0.481,0.955,41.77733333333333,2536.276813695599,0.0,1290.511153550586
opt,sin ventaja,select_flex,150,3,452.90820576878247,0.4766666666666667,0.9083333333333333,36.547,3122.906609399765,0.0,1381.841173064064
opt,sin ventaja,select_flex,250,1,626.8074944615952,0.555,1.2796666666666667,27.845666666666666,5672.533916862779,271.88261326340194,1816.6771371074096
opt,sin ventaja,select_flex,250,2,451.0093749680655,0.41133333333333333,0.6566666666666666,17.326,6559.757733576849,0.0,1375.5206375651749
opt,sin ventaja,select_flex,250,3,490.3465018535395,0.4116666666666667,0.648,14.977,8250.471954803495,0.0,1473.7437242874105
opt,sin ventaja,select_flex,400,1,606.5102216905378,0.46366666666666667,0.791,13.271666666666667,11516.30610568998,0.0,1812.02863678481
opt,sin ventaja,select_flex,400,2,479.02337874863485,0.2633333333333333,0.38566666666666666,9.780333333333333,12342.51301366579,0.0,1581.3526675999576
opt,sin ventaja,select_flex,400,3,540.971977775524,0.281,0.422,8.663666666666666,15735.247400957876,0.0,1723.2943688610667
opt,sin ventaja,select_flex,600,1,696.993867912899,0.334,0.5493333333333333,9.066333333333333,19373.04180823382,0.0,2173.1051822340655
opt,sin ventaja,select_flex,600,2,531.3097307269362,0.17,0.285,7.378666666666667,18145.56181918882,0.0,1961.9800431927142
opt,sin ventaja,select_flex,600,3,590.706690255847,0.18366666666666667,0.31133333333333335,6.604333333333333,22539.45681287136,0.0,2141.8655440152074
opt,sin ventaja,select_flex,900,1,853.4179021049713,0.254,0.479,7.639666666666667,28150.614511599906,0.0,2250.0
opt,sin ventaja,select_flex,900,2,582.4432989750538,0.136,0.27366666666666667,6.508333333333334,22551.965891172375,0.0,2250.0
opt,sin ventaja,select_flex,900,3,691.4120147057553,0.14666666666666667,0.321,6.1466666666666665,28346.39279379344,0.0,2250.0
opt,sin ventaja,growth,75,1,3.6,0.0023333333333333335,0.0026666666666666666,383.287,2.3668947811952927,0.0,0.0
opt,sin ventaja,growth,75,2,5.85,0.004,0.004333333333333333,286.69466666666665,5.142055892215179,0.0,0.0
opt,sin ventaja,growth,75,3,12.6,0.008333333333333333,0.009333333333333334,274.95733333333334,11.547973503767857,0.0,0.0
opt,sin ventaja,growth,100,1,23.4,0.014,0.017333333333333333,225.32933333333332,26.169695320035267,0.0,0.0
opt,sin ventaja,growth,100,2,21.6,0.013666666666666667,0.016,131.12633333333332,41.51111269284838,0.0,0.0
opt,sin ventaja,growth,100,3,43.2,0.023666666666666666,0.03166666666666667,125.30766666666666,86.87736584353712,0.0,0.0
opt,sin ventaja,growth,150,1,99.0,0.046,0.072,94.736,263.3423408208073,0.0,0.0
opt,sin ventaja,growth,150,2,79.2,0.03966666666666667,0.058,54.52433333333333,366.04574104528257,0.0,0.0
opt,sin ventaja,growth,150,3,109.8,0.057,0.07933333333333334,49.269333333333336,561.5988309157826,0.0,0.0
opt,sin ventaja,growth,250,1,221.4,0.096,0.156,43.20766666666667,1291.270839280066,0.0,0.0
opt,sin ventaja,growth,250,2,158.4,0.086,0.115,24.682666666666666,1617.199654278306,0.0,0.0
opt,sin ventaja,growth,250,3,197.1,0.102,0.14133333333333334,22.19,2238.3596214511035,0.0,1350.0
opt,sin ventaja,growth,400,1,310.05,0.138,0.21533333333333332,23.08566666666667,3384.46366432274,0.0,1350.0
opt,sin ventaja,growth,400,2,206.55,0.112,0.14933333333333335,15.353,3390.2559760307436,0.0,1350.0
opt,sin ventaja,growth,400,3,217.35,0.11266666666666666,0.155,15.326333333333332,3573.731486113226,0.0,1350.0
opt,sin ventaja,growth,600,1,360.45,0.154,0.24533333333333332,18.241333333333333,4979.537314523792,0.0,1350.0
opt,sin ventaja,growth,600,2,176.85,0.096,0.127,11.637333333333334,3829.5886801099905,0.0,0.0
opt,sin ventaja,growth,600,3,192.15,0.09466666666666666,0.13533333333333333,12.754666666666667,3796.398703742421,0.0,0.0
opt,sin ventaja,growth,900,1,330.75,0.13066666666666665,0.21966666666666668,17.18,4851.513387660069,0.0,1350.0
opt,sin ventaja,growth,900,2,152.1,0.077,0.107,10.209,3754.4519541580958,0.0,0.0
opt,sin ventaja,growth,900,3,155.25,0.07266666666666667,0.10766666666666666,10.849333333333334,3606.0280201548476,0.0,0.0
