forma,Rusd,K,cons_aprueba,cons_ev,cons_cobra,cons_vida,cons_neto_examen,opt_aprueba,opt_ev,opt_cobra,opt_vida,opt_neto_examen,min_neto
3R,100,1,0.21,953.4933493418939,0.7166666666666667,265.52433333333335,101.23360336179772,0.243,585.2996494477858,0.592,196.92766666666665,43.22781481581194,43.22781481581194
3R,100,2,0.26666666666666666,1219.0862479462535,0.7686666666666667,201.20866666666666,226.08966611900092,0.26866666666666666,502.0989463308546,0.5453333333333333,122.88066666666667,35.89725024755626,35.89725024755626
3R,100,3,0.274,1377.9254658709917,0.7913333333333333,185.275,278.55157764865174,0.239,468.6093552519784,0.5173333333333333,101.432,12.997635905222836,12.997635905222836
3R,150,1,0.2683333333333333,827.495544258153,0.6713333333333333,86.09666666666666,123.04463770927103,0.29333333333333333,1082.3673421809972,0.7326666666666667,85.91466666666666,218.4944203730925,123.04463770927103
3R,150,2,0.23366666666666666,954.3901250202845,0.6943333333333334,59.52466666666667,124.00915921307313,0.22766666666666666,882.1103003828479,0.6673333333333333,49.76533333333333,101.82711172049503,101.82711172049503
3R,150,3,0.23033333333333333,965.52380780098,0.693,54.409666666666666,123.39231706349238,0.20166666666666666,697.6135433820308,0.5993333333333334,39.724666666666664,41.6853979153762,41.6853979153762
3R,250,1,0.20033333333333334,821.1798999615079,0.591,34.56933333333333,65.50970662562207,0.225,868.546526453895,0.615,33.06133333333333,96.42296845212638,65.50970662562207
3R,250,2,0.20833333333333334,905.5315472386862,0.59,24.088666666666665,89.65240567472631,0.221,881.5634215690645,0.5893333333333334,20.440333333333335,95.82551616676326,89.65240567472631
3R,250,3,0.201,956.8237369718266,0.5816666666666667,22.539666666666665,93.32157113133715,0.19733333333333333,745.4925521021954,0.513,16.584,48.110530281499905,48.110530281499905
3R,400,1,0.14633333333333334,840.59311304474,0.371,18.904,24.0067922088803,0.16,843.3324456476304,0.3973333333333333,17.716666666666665,35.93319130362087,24.0067922088803
3R,400,2,0.14933333333333335,968.2495162895952,0.38233333333333336,13.899,45.591927765912914,0.15633333333333332,908.1685068581356,0.3863333333333333,11.726,42.97700990548853,42.97700990548853
3R,400,3,0.15366666666666667,983.8328165800823,0.38233333333333336,12.684666666666667,52.18230948113933,0.15533333333333332,788.2291946959292,0.3463333333333333,9.567333333333334,23.438268242767663,23.438268242767663
3R,600,1,0.10066666666666667,920.3513820400708,0.23233333333333334,14.354,-6.351294207966205,0.10933333333333334,1078.0343130468632,0.257,14.345,18.865084893123708,-6.351294207966205
3R,600,2,0.09933333333333333,1057.1184443819625,0.23966666666666667,10.836,6.007098808608276,0.111,1021.3797645207171,0.25433333333333336,9.374333333333333,14.373153861799608,6.007098808608276
3R,600,3,0.10466666666666667,1144.2923896806199,0.23933333333333334,10.522333333333334,20.76927011990489,0.10733333333333334,918.4153601007521,0.22566666666666665,7.828,-0.4234180158526044,-0.4234180158526044
2R,100,1,0.14133333333333334,765.1423542898875,0.682,359.2096666666667,9.140119406304109,0.15333333333333332,434.33859412913415,0.5306666666666666,266.47633333333334,-32.401415566866106,-32.401415566866106
2R,100,2,0.21433333333333332,919.867733328912,0.7063333333333334,271.20733333333334,98.15831751016344,0.246,449.1934894376354,0.5236666666666666,174.43266666666668,11.501598401658299,11.501598401658299
2R,100,3,0.22,950.5324182428412,0.717,239.67866666666666,110.11713201342508,0.20133333333333334,364.5015044369237,0.467,132.08833333333334,-25.613697106699362,-25.613697106699362
2R,150,1,0.24733333333333332,970.2098254381351,0.7103333333333334,127.754,140.96523015836542,0.253,1096.0376847829966,0.7366666666666667,120.51333333333334,178.29753425009812,140.96523015836542
2R,150,2,0.24966666666666668,925.3915455403859,0.6823333333333333,82.40466666666667,132.03942253658303,0.26466666666666666,766.9068067745113,0.6436666666666667,68.64866666666667,103.97466819298734,103.97466819298734
2R,150,3,0.24266666666666667,892.5968398733594,0.6773333333333333,70.37033333333333,117.60349980926856,0.23466666666666666,624.9610476864477,0.5886666666666667,52.183,47.6575258570864,47.6575258570864
2R,250,1,0.26066666666666666,854.261399439745,0.6646666666666666,43.732,123.67747145396018,0.2796666666666667,851.0571234061581,0.662,40.89933333333333,139.01230884592223,123.67747145396018
2R,250,2,0.191,873.4035676980333,0.6353333333333333,29.493666666666666,67.82008143032436,0.192,873.9312000685961,0.6376666666666667,25.517333333333333,68.79479041317046,67.82008143032436
2R,250,3,0.18366666666666667,844.9457255266011,0.594,26.730333333333334,56.188364921719085,0.17033333333333334,685.4832290348043,0.5423333333333333,21.391,17.760643345595,17.760643345595
2R,400,1,0.18333333333333332,765.3209183810626,0.5036666666666667,20.218,41.30883503652814,0.19333333333333333,768.2546677603921,0.5236666666666666,18.768,49.52923576700914,41.30883503652814
2R,400,2,0.174,828.9010914785824,0.475,14.196666666666667,45.22878991727333,0.197,880.9510821397721,0.5053333333333333,12.761666666666667,74.5473631815351,45.22878991727333
2R,400,3,0.16733333333333333,828.7876897588055,0.4066666666666667,14.054666666666666,39.68380675297345,0.18566666666666667,713.3444206372773,0.365,11.439,33.44428076498781,33.44428076498781
2R,600,1,0.14466666666666667,804.6848510648214,0.33366666666666667,13.341333333333333,17.41107512071082,0.15433333333333332,862.6938008673396,0.3546666666666667,12.790333333333333,34.1424099338594,17.41107512071082
2R,600,2,0.13866666666666666,914.9877223830584,0.31466666666666665,9.907666666666668,27.878297503784097,0.164,946.521892681897,0.3333333333333333,8.883333333333333,56.229590399831125,27.878297503784097
2R,600,3,0.13966666666666666,903.9000427779381,0.25833333333333336,10.432666666666666,27.24470597465202,0.15866666666666668,847.9603529870747,0.233,9.053,35.5430426739492,27.24470597465202
parcial 0.5R+BE+cierre,100,1,0.034,296.86814734860866,0.429,410.4843333333333,-88.90648299014731,0.032,355.12775468643287,0.361,246.97033333333334,-87.63591185003415,-88.90648299014731
parcial 0.5R+BE+cierre,100,2,0.05733333333333333,305.3496457179768,0.421,290.8446666666667,-81.493286978836,0.041,246.57060276381756,0.2956666666666667,154.455,-88.89060528668348,-88.89060528668348
parcial 0.5R+BE+cierre,100,3,0.064,309.8165439187636,0.4166666666666667,251.56833333333333,-79.17174118919912,0.041,250.43310048334703,0.2786666666666667,119.85633333333334,-88.73224288018277,-88.73224288018277
parcial 0.5R+BE+cierre,150,1,0.059666666666666666,571.3868984383272,0.551,206.05033333333333,-64.90724839317981,0.06366666666666666,731.1589569554754,0.5143333333333333,155.072,-52.449546407168064,-64.90724839317981
parcial 0.5R+BE+cierre,150,2,0.09166666666666666,554.1269099319074,0.5276666666666666,125.90833333333333,-48.20503325624182,0.060333333333333336,596.9585780500202,0.4533333333333333,89.357,-62.98349912431545,-62.98349912431545
parcial 0.5R+BE+cierre,150,3,0.09,490.3563826288401,0.49966666666666665,102.75766666666667,-54.86792556340439,0.05533333333333333,543.9349191992671,0.4033333333333333,65.27466666666666,-68.90226780430721,-68.90226780430721
parcial 0.5R+BE+cierre,250,1,0.06233333333333333,578.5582505919932,0.41533333333333333,90.01866666666666,-62.93653571309909,0.06733333333333333,808.1376072905506,0.41633333333333333,81.00433333333334,-44.58540110910293,-62.93653571309909
parcial 0.5R+BE+cierre,250,2,0.082,612.8730315822248,0.411,56.198,-48.74441141025756,0.06066666666666667,667.8257795800426,0.36233333333333334,44.207,-58.48523603881075,-58.48523603881075
parcial 0.5R+BE+cierre,250,3,0.087,526.8824321343151,0.388,45.665,-53.16122840431459,0.056666666666666664,565.4419154035913,0.31266666666666665,32.88,-66.95829146046316,-66.95829146046316
parcial 0.5R+BE+cierre,400,1,0.051333333333333335,639.485385914605,0.25166666666666665,53.493,-66.17308352305028,0.060333333333333336,938.1438858586077,0.26666666666666666,53.108,-42.398652219864,-66.17308352305028
parcial 0.5R+BE+cierre,400,2,0.07066666666666667,677.5139620468364,0.33366666666666667,29.285,-51.12234668202356,0.058,669.5629337179929,0.2936666666666667,24.144,-60.165349844356406,-60.165349844356406
parcial 0.5R+BE+cierre,400,3,0.068,638.0055919883376,0.3323333333333333,23.120333333333335,-55.61561974479304,0.048,667.1537073893145,0.2926666666666667,17.287333333333333,-66.9766220453129,-66.9766220453129
parcial 0.5R+BE+cierre,600,1,0.043333333333333335,713.4219275248057,0.16833333333333333,42.24666666666667,-68.08504980725841,0.055,1067.0740488837066,0.17766666666666667,45.565333333333335,-40.310927311396135,-68.08504980725841
parcial 0.5R+BE+cierre,600,2,0.06166666666666667,815.2953771854275,0.33766666666666667,16.59,-48.72345174023197,0.049,796.9303714421997,0.327,13.448,-59.950411799332215,-59.950411799332215
parcial 0.5R+BE+cierre,600,3,0.061,773.2458811787774,0.287,15.057333333333334,-51.83200124809458,0.041666666666666664,724.4674462356368,0.25766666666666665,11.657,-68.81385640684847,-68.81385640684847
parcial 1R+BE+cierre,100,1,0.076,673.8633575246305,0.621,349.056,-47.786384828128085,0.07566666666666666,528.6114571289476,0.4696666666666667,235.995,-59.001733077242974,-59.001733077242974
parcial 1R+BE+cierre,100,2,0.10733333333333334,718.0499206693967,0.6336666666666667,261.37166666666667,-21.92930851481809,0.107,396.54731133538576,0.4106666666666667,145.79566666666668,-56.56943768711373,-56.56943768711373
parcial 1R+BE+cierre,100,3,0.11166666666666666,684.9375008542522,0.6163333333333333,228.54466666666667,-22.51531240460851,0.09566666666666666,405.33127439485116,0.3913333333333333,116.73866666666666,-60.22330808289257,-60.22330808289257
parcial 1R+BE+cierre,150,1,0.109,645.9091916379721,0.569,135.79833333333335,-28.59589811146104,0.11466666666666667,960.7254916481413,0.6016666666666667,130.17233333333334,11.163189708986877,-28.59589811146104
parcial 1R+BE+cierre,150,2,0.13,627.1312558169654,0.5536666666666666,89.05966666666667,-17.47293674379449,0.12133333333333333,770.9445600983529,0.5396666666666666,74.54266666666666,-5.458726708066521,-17.47293674379449
parcial 1R+BE+cierre,150,3,0.12933333333333333,590.8506415768646,0.539,78.144,-22.58331702272551,0.10466666666666667,713.9136802777278,0.48966666666666664,55.884,-24.27703479759782,-24.27703479759782
parcial 1R+BE+cierre,250,1,0.09466666666666666,728.8183048758231,0.4593333333333333,62.75933333333333,-30.005200471755415,0.10966666666666666,935.0908347277083,0.4726666666666667,61.550333333333334,3.548294875138666,-30.005200471755415
parcial 1R+BE+cierre,250,2,0.10633333333333334,751.2464087936235,0.526,36.827666666666666,-19.11746519827804,0.109,884.0351616417598,0.5193333333333333,31.418333333333333,-2.6401673810481725,-19.11746519827804
parcial 1R+BE+cierre,250,3,0.10866666666666666,698.55938191512,0.488,32.75933333333333,-23.089880498556965,0.09033333333333333,802.5792424340353,0.457,25.528666666666666,-26.500341766792147,-26.500341766792147
parcial 1R+BE+cierre,400,1,0.075,892.189171535789,0.5123333333333333,25.236666666666668,-32.085812134815825,0.08633333333333333,982.7122742508673,0.52,24.184666666666665,-14.159173656341792,-32.085812134815825
parcial 1R+BE+cierre,400,2,0.08233333333333333,842.605127126331,0.44466666666666665,18.55,-29.62551119993209,0.083,903.8063124350673,0.425,16.809666666666665,-23.984076067889404,-29.62551119993209
parcial 1R+BE+cierre,400,3,0.081,793.8740949591084,0.4036666666666667,16.608666666666668,-34.69619830831222,0.06933333333333333,852.8787255051545,0.3586666666666667,14.564666666666668,-39.86707503164262,-39.86707503164262
parcial 1R+BE+cierre,600,1,0.07,949.1561258635302,0.436,15.267666666666667,-32.55907118955288,0.08233333333333333,1117.477555739275,0.461,14.981666666666667,-6.9943479107997035,-32.55907118955288
parcial 1R+BE+cierre,600,2,0.06166666666666667,911.3605405304017,0.33266666666666667,12.579666666666666,-42.79943333395856,0.07,1036.686993329487,0.31833333333333336,12.388,-26.431910466935904,-42.79943333395856
parcial 1R+BE+cierre,600,3,0.06333333333333334,871.78633946336,0.304,11.665666666666667,-43.78686516732053,0.058666666666666666,965.3696817769445,0.255,10.989333333333333,-42.36497866908592,-43.78686516732053
parcial 0.5R+BE+2R,100,1,0.005666666666666667,0.0,0.0,571.009,-99.0,0.004666666666666667,0.0,0.0,301.2626666666667,-99.0,-99.0
parcial 0.5R+BE+2R,100,2,0.022,37.95580791326896,0.08833333333333333,430.9483333333333,-98.16497222590809,0.013666666666666667,6.547845292643365,0.021333333333333333,191.875,-98.91051278100053,-98.91051278100053
parcial 0.5R+BE+2R,100,3,0.027666666666666666,69.77396264856588,0.15633333333333332,364.517,-97.06958703338968,0.015666666666666666,6.211955968399605,0.018333333333333333,136.506,-98.90267935649507,-98.90267935649507
parcial 0.5R+BE+2R,150,1,0.07733333333333334,437.80235524573106,0.5356666666666666,306.48266666666666,-65.14328452766347,0.06966666666666667,200.992313357379,0.3496666666666667,205.82766666666666,-84.99753550276927,-84.99753550276927
parcial 0.5R+BE+2R,150,2,0.14066666666666666,459.8807742209118,0.5383333333333333,187.551,-34.310104426258405,0.08133333333333333,165.2489514914064,0.31766666666666665,113.54633333333334,-85.55975194536562,-85.55975194536562
parcial 0.5R+BE+2R,150,3,0.13633333333333333,385.4270270207003,0.492,150.06933333333333,-46.453448649511195,0.071,124.24290878389019,0.25533333333333336,77.91833333333334,-90.1787534763438,-90.1787534763438
parcial 0.5R+BE+2R,250,1,0.20966666666666667,690.652959005053,0.6243333333333333,114.13566666666667,45.80690373805945,0.18366666666666667,459.67216044643396,0.5353333333333333,87.20466666666667,-14.573546531338295,-14.573546531338295
parcial 0.5R+BE+2R,250,2,0.20633333333333334,579.8993893245693,0.5686666666666667,67.857,20.652573997302795,0.16466666666666666,327.6899712085006,0.43033333333333335,49.224,-45.04038474100024,-45.04038474100024
parcial 0.5R+BE+2R,250,3,0.19133333333333333,517.5871452846336,0.5303333333333333,56.126,0.031673797793231984,0.13366666666666666,242.34525360569043,0.35533333333333333,34.664,-66.60651776803938,-66.60651776803938
parcial 0.5R+BE+2R,400,1,0.23033333333333333,645.7031208864962,0.548,47.760333333333335,49.726952177522975,0.231,474.77924162185997,0.49166666666666664,38.32966666666667,10.674004814649663,10.674004814649663
parcial 0.5R+BE+2R,400,2,0.19366666666666665,587.7835633660089,0.49166666666666664,30.596666666666668,14.834083438550394,0.16766666666666666,378.42224817823876,0.4073333333333333,23.071666666666665,-35.55120305544864,-35.55120305544864
parcial 0.5R+BE+2R,400,3,0.19,552.7409147836928,0.464,25.07,6.020773808901637,0.144,320.0212145423019,0.3506666666666667,16.894,-52.91694510590853,-52.91694510590853
parcial 0.5R+BE+2R,600,1,0.17533333333333334,618.5070598105405,0.39466666666666667,27.048666666666666,9.444904486781425,0.18666666666666668,508.05422640418914,0.36866666666666664,22.747,-4.163211071218029,-4.163211071218029
parcial 0.5R+BE+2R,600,2,0.174,652.1076967147769,0.43766666666666665,16.599,14.466739228371182,0.15466666666666667,498.41671901144105,0.3963333333333333,12.963333333333333,-21.911547459563778,-21.911547459563778
parcial 0.5R+BE+2R,600,3,0.171,595.4973818924663,0.39166666666666666,14.235666666666667,2.830052303611737,0.145,399.7651554510241,0.324,10.134,-41.03405245960151,-41.03405245960151
