fase,plan,Robj,Rusd,K,G,cons_p,cons_dias,opt_p,opt_dias,colchon,cons_ev,cons_pcobra,cons_nret,opt_ev,opt_pcobra,opt_nret
examen,growth,2.0,150,1,300.0,0.01,49.0,0.013,49.0,,,,,,,
examen,growth,2.0,150,1,600.0,0.01,49.0,0.013,49.0,,,,,,,
examen,growth,2.0,150,1,1200.0,0.01,49.0,0.013,49.0,,,,,,,
examen,growth,2.0,150,1,1000000000.0,0.01,49.0,0.013,49.0,,,,,,,
examen,growth,2.0,150,2,300.0,0.043666666666666666,47.0,0.04533333333333334,45.0,,,,,,,
examen,growth,2.0,150,2,600.0,0.043666666666666666,47.0,0.04533333333333334,45.0,,,,,,,
examen,growth,2.0,150,2,1200.0,0.043666666666666666,47.0,0.04533333333333334,45.0,,,,,,,
examen,growth,2.0,150,2,1000000000.0,0.043666666666666666,47.0,0.04533333333333334,45.0,,,,,,,
examen,growth,2.0,150,3,300.0,0.053,47.0,0.05633333333333333,45.0,,,,,,,
examen,growth,2.0,150,3,600.0,0.05433333333333333,45.0,0.048,44.0,,,,,,,
examen,growth,2.0,150,3,1200.0,0.05433333333333333,45.0,0.048,44.0,,,,,,,
examen,growth,2.0,150,3,1000000000.0,0.05433333333333333,45.0,0.048,44.0,,,,,,,
examen,growth,2.0,150,5,300.0,0.05566666666666667,47.0,0.067,43.0,,,,,,,
examen,growth,2.0,150,5,600.0,0.057,46.0,0.062,43.5,,,,,,,
examen,growth,2.0,150,5,1200.0,0.057666666666666665,46.0,0.06333333333333334,43.0,,,,,,,
examen,growth,2.0,150,5,1000000000.0,0.057666666666666665,46.0,0.06333333333333334,43.0,,,,,,,
examen,growth,2.0,250,1,300.0,0.14166666666666666,38.0,0.154,38.0,,,,,,,
examen,growth,2.0,250,1,600.0,0.14166666666666666,38.0,0.154,38.0,,,,,,,
examen,growth,2.0,250,1,1200.0,0.14166666666666666,38.0,0.154,38.0,,,,,,,
examen,growth,2.0,250,1,1000000000.0,0.14166666666666666,38.0,0.154,38.0,,,,,,,
examen,growth,2.0,250,2,300.0,0.187,34.0,0.223,32.0,,,,,,,
examen,growth,2.0,250,2,600.0,0.21766666666666667,30.0,0.24833333333333332,28.0,,,,,,,
examen,growth,2.0,250,2,1200.0,0.21766666666666667,30.0,0.24833333333333332,28.0,,,,,,,
examen,growth,2.0,250,2,1000000000.0,0.21766666666666667,30.0,0.24833333333333332,28.0,,,,,,,
examen,growth,2.0,250,3,300.0,0.208,32.0,0.20133333333333334,29.0,,,,,,,
examen,growth,2.0,250,3,600.0,0.22033333333333333,28.0,0.22,25.5,,,,,,,
examen,growth,2.0,250,3,1200.0,0.226,28.0,0.20366666666666666,25.0,,,,,,,
examen,growth,2.0,250,3,1000000000.0,0.226,28.0,0.20366666666666666,25.0,,,,,,,
examen,growth,2.0,250,5,300.0,0.20566666666666666,32.0,0.21866666666666668,27.0,,,,,,,
examen,growth,2.0,250,5,600.0,0.22033333333333333,27.0,0.23133333333333334,22.0,,,,,,,
examen,growth,2.0,250,5,1200.0,0.22633333333333333,26.0,0.22533333333333333,22.0,,,,,,,
examen,growth,2.0,250,5,1000000000.0,0.22533333333333333,26.0,0.22433333333333333,22.0,,,,,,,
examen,growth,2.0,400,1,300.0,0.25133333333333335,19.5,0.256,18.0,,,,,,,
examen,growth,2.0,400,1,600.0,0.25133333333333335,19.5,0.256,18.0,,,,,,,
examen,growth,2.0,400,1,1200.0,0.25133333333333335,19.5,0.256,18.0,,,,,,,
examen,growth,2.0,400,1,1000000000.0,0.25133333333333335,19.5,0.256,18.0,,,,,,,
examen,growth,2.0,400,2,300.0,0.24666666666666667,15.0,0.26666666666666666,13.0,,,,,,,
examen,growth,2.0,400,2,600.0,0.234,16.0,0.247,14.0,,,,,,,
examen,growth,2.0,400,2,1200.0,0.25633333333333336,13.0,0.27566666666666667,11.0,,,,,,,
examen,growth,2.0,400,2,1000000000.0,0.25633333333333336,13.0,0.27566666666666667,11.0,,,,,,,
examen,growth,2.0,400,3,300.0,0.25233333333333335,14.0,0.232,12.0,,,,,,,
examen,growth,2.0,400,3,600.0,0.23266666666666666,14.0,0.223,11.0,,,,,,,
examen,growth,2.0,400,3,1200.0,0.25533333333333336,12.0,0.242,9.0,,,,,,,
examen,growth,2.0,400,3,1000000000.0,0.26033333333333336,12.0,0.23333333333333334,9.0,,,,,,,
examen,growth,2.0,400,5,300.0,0.25233333333333335,14.0,0.235,11.0,,,,,,,
examen,growth,2.0,400,5,600.0,0.22966666666666666,14.0,0.229,11.0,,,,,,,
examen,growth,2.0,400,5,1200.0,0.24366666666666667,12.0,0.25333333333333335,9.0,,,,,,,
examen,growth,2.0,400,5,1000000000.0,0.25066666666666665,12.0,0.245,9.0,,,,,,,
examen,growth,2.0,600,1,300.0,0.27266666666666667,9.0,0.291,8.0,,,,,,,
examen,growth,2.0,600,1,600.0,0.27266666666666667,9.0,0.291,8.0,,,,,,,
examen,growth,2.0,600,1,1200.0,0.27266666666666667,9.0,0.291,8.0,,,,,,,
examen,growth,2.0,600,1,1000000000.0,0.27266666666666667,9.0,0.291,8.0,,,,,,,
examen,growth,2.0,600,2,300.0,0.25666666666666665,7.0,0.2836666666666667,6.0,,,,,,,
examen,growth,2.0,600,2,600.0,0.24633333333333332,7.0,0.271,6.0,,,,,,,
examen,growth,2.0,600,2,1200.0,0.27366666666666667,6.0,0.278,6.0,,,,,,,
examen,growth,2.0,600,2,1000000000.0,0.27366666666666667,6.0,0.278,6.0,,,,,,,
examen,growth,2.0,600,3,300.0,0.25066666666666665,7.0,0.2733333333333333,6.0,,,,,,,
examen,growth,2.0,600,3,600.0,0.23633333333333334,7.0,0.265,6.0,,,,,,,
examen,growth,2.0,600,3,1200.0,0.26266666666666666,6.0,0.257,5.0,,,,,,,
examen,growth,2.0,600,3,1000000000.0,0.2643333333333333,5.0,0.246,5.0,,,,,,,
examen,growth,2.0,600,5,300.0,0.24766666666666667,7.0,0.278,6.0,,,,,,,
examen,growth,2.0,600,5,600.0,0.237,7.0,0.26666666666666666,6.0,,,,,,,
examen,growth,2.0,600,5,1200.0,0.2643333333333333,6.0,0.25333333333333335,5.0,,,,,,,
examen,growth,2.0,600,5,1000000000.0,0.262,5.0,0.25,5.0,,,,,,,
examen,growth,2.0,900,1,300.0,0.289,4.0,0.29733333333333334,4.0,,,,,,,
examen,growth,2.0,900,1,600.0,0.289,4.0,0.29733333333333334,4.0,,,,,,,
examen,growth,2.0,900,1,1200.0,0.289,4.0,0.29733333333333334,4.0,,,,,,,
examen,growth,2.0,900,1,1000000000.0,0.289,4.0,0.29733333333333334,4.0,,,,,,,
examen,growth,2.0,900,2,300.0,0.2896666666666667,4.0,0.301,4.0,,,,,,,
examen,growth,2.0,900,2,600.0,0.287,4.0,0.299,4.0,,,,,,,
examen,growth,2.0,900,2,1200.0,0.27266666666666667,3.0,0.278,3.0,,,,,,,
examen,growth,2.0,900,2,1000000000.0,0.2836666666666667,3.0,0.303,3.0,,,,,,,
examen,growth,2.0,900,3,300.0,0.2926666666666667,4.0,0.2896666666666667,3.0,,,,,,,
examen,growth,2.0,900,3,600.0,0.29,4.0,0.285,3.0,,,,,,,
examen,growth,2.0,900,3,1200.0,0.2786666666666667,4.0,0.2633333333333333,3.0,,,,,,,
examen,growth,2.0,900,3,1000000000.0,0.27266666666666667,3.0,0.25733333333333336,3.0,,,,,,,
examen,growth,2.0,900,5,300.0,0.29333333333333333,4.0,0.2906666666666667,3.0,,,,,,,
examen,growth,2.0,900,5,600.0,0.289,4.0,0.2853333333333333,3.0,,,,,,,
examen,growth,2.0,900,5,1200.0,0.2773333333333333,3.0,0.263,3.0,,,,,,,
examen,growth,2.0,900,5,1000000000.0,0.2733333333333333,3.0,0.26366666666666666,2.0,,,,,,,
examen,growth,2.0,1250,1,300.0,0.25866666666666666,3.0,0.26466666666666666,3.0,,,,,,,
examen,growth,2.0,1250,1,600.0,0.25866666666666666,3.0,0.26466666666666666,3.0,,,,,,,
examen,growth,2.0,1250,1,1200.0,0.25866666666666666,3.0,0.26466666666666666,3.0,,,,,,,
examen,growth,2.0,1250,1,1000000000.0,0.25866666666666666,3.0,0.26466666666666666,3.0,,,,,,,
examen,growth,2.0,1250,2,300.0,0.25433333333333336,3.0,0.26033333333333336,3.0,,,,,,,
examen,growth,2.0,1250,2,600.0,0.25066666666666665,3.0,0.25166666666666665,3.0,,,,,,,
examen,growth,2.0,1250,2,1200.0,0.21833333333333332,4.0,0.20366666666666666,3.0,,,,,,,
examen,growth,2.0,1250,2,1000000000.0,0.254,3.0,0.264,2.0,,,,,,,
examen,growth,2.0,1250,3,300.0,0.25166666666666665,3.0,0.25933333333333336,3.0,,,,,,,
examen,growth,2.0,1250,3,600.0,0.24733333333333332,3.0,0.24566666666666667,2.0,,,,,,,
examen,growth,2.0,1250,3,1200.0,0.212,4.0,0.18933333333333333,3.0,,,,,,,
examen,growth,2.0,1250,3,1000000000.0,0.242,2.0,0.23433333333333334,2.0,,,,,,,
examen,growth,2.0,1250,5,300.0,0.25,3.0,0.25933333333333336,3.0,,,,,,,
examen,growth,2.0,1250,5,600.0,0.24566666666666667,3.0,0.24566666666666667,2.0,,,,,,,
examen,growth,2.0,1250,5,1200.0,0.20966666666666667,4.0,0.18933333333333333,3.0,,,,,,,
examen,growth,2.0,1250,5,1000000000.0,0.23666666666666666,2.0,0.23266666666666666,2.0,,,,,,,
examen,select,2.0,150,1,300.0,0.01,49.0,0.013,49.0,,,,,,,
examen,select,2.0,150,1,600.0,0.01,49.0,0.013,49.0,,,,,,,
examen,select,2.0,150,1,1200.0,0.01,49.0,0.013,49.0,,,,,,,
examen,select,2.0,150,1,1000000000.0,0.01,49.0,0.013,49.0,,,,,,,
examen,select,2.0,150,2,300.0,0.043666666666666666,47.0,0.04533333333333334,45.0,,,,,,,
examen,select,2.0,150,2,600.0,0.043666666666666666,47.0,0.04533333333333334,45.0,,,,,,,
examen,select,2.0,150,2,1200.0,0.043666666666666666,47.0,0.04533333333333334,45.0,,,,,,,
examen,select,2.0,150,2,1000000000.0,0.043666666666666666,47.0,0.04533333333333334,45.0,,,,,,,
examen,select,2.0,150,3,300.0,0.053,47.0,0.05633333333333333,45.0,,,,,,,
examen,select,2.0,150,3,600.0,0.05433333333333333,45.0,0.048,44.0,,,,,,,
examen,select,2.0,150,3,1200.0,0.05433333333333333,45.0,0.048,44.0,,,,,,,
examen,select,2.0,150,3,1000000000.0,0.05433333333333333,45.0,0.048,44.0,,,,,,,
examen,select,2.0,150,5,300.0,0.05566666666666667,47.0,0.067,43.0,,,,,,,
examen,select,2.0,150,5,600.0,0.057,46.0,0.062,43.5,,,,,,,
examen,select,2.0,150,5,1200.0,0.057666666666666665,46.0,0.06333333333333334,43.0,,,,,,,
examen,select,2.0,150,5,1000000000.0,0.057666666666666665,46.0,0.06333333333333334,43.0,,,,,,,
examen,select,2.0,250,1,300.0,0.14166666666666666,38.0,0.154,38.0,,,,,,,
examen,select,2.0,250,1,600.0,0.14166666666666666,38.0,0.154,38.0,,,,,,,
examen,select,2.0,250,1,1200.0,0.14166666666666666,38.0,0.154,38.0,,,,,,,
examen,select,2.0,250,1,1000000000.0,0.14166666666666666,38.0,0.154,38.0,,,,,,,
examen,select,2.0,250,2,300.0,0.187,34.0,0.223,32.0,,,,,,,
examen,select,2.0,250,2,600.0,0.21766666666666667,30.0,0.24833333333333332,28.0,,,,,,,
examen,select,2.0,250,2,1200.0,0.21766666666666667,30.0,0.24833333333333332,28.0,,,,,,,
examen,select,2.0,250,2,1000000000.0,0.21766666666666667,30.0,0.24833333333333332,28.0,,,,,,,
examen,select,2.0,250,3,300.0,0.208,32.0,0.20133333333333334,29.0,,,,,,,
examen,select,2.0,250,3,600.0,0.22033333333333333,28.0,0.22,25.5,,,,,,,
examen,select,2.0,250,3,1200.0,0.22333333333333333,28.0,0.205,25.0,,,,,,,
examen,select,2.0,250,3,1000000000.0,0.22333333333333333,28.0,0.205,25.0,,,,,,,
examen,select,2.0,250,5,300.0,0.20566666666666666,32.0,0.21866666666666668,27.0,,,,,,,
examen,select,2.0,250,5,600.0,0.22033333333333333,27.0,0.23133333333333334,22.0,,,,,,,
examen,select,2.0,250,5,1200.0,0.224,27.0,0.227,22.0,,,,,,,
examen,select,2.0,250,5,1000000000.0,0.224,27.0,0.227,22.0,,,,,,,
examen,select,2.0,400,1,300.0,0.25133333333333335,19.5,0.256,18.0,,,,,,,
examen,select,2.0,400,1,600.0,0.25133333333333335,19.5,0.256,18.0,,,,,,,
examen,select,2.0,400,1,1200.0,0.25133333333333335,19.5,0.256,18.0,,,,,,,
examen,select,2.0,400,1,1000000000.0,0.25133333333333335,19.5,0.256,18.0,,,,,,,
examen,select,2.0,400,2,300.0,0.24666666666666667,15.0,0.26666666666666666,13.0,,,,,,,
examen,select,2.0,400,2,600.0,0.234,16.0,0.24966666666666668,14.0,,,,,,,
examen,select,2.0,400,2,1200.0,0.24,15.0,0.25533333333333336,12.0,,,,,,,
examen,select,2.0,400,2,1000000000.0,0.24,15.0,0.25533333333333336,12.0,,,,,,,
examen,select,2.0,400,3,300.0,0.25233333333333335,14.0,0.232,12.0,,,,,,,
examen,select,2.0,400,3,600.0,0.23333333333333334,14.0,0.22433333333333333,11.0,,,,,,,
examen,select,2.0,400,3,1200.0,0.24033333333333334,13.0,0.23033333333333333,11.0,,,,,,,
examen,select,2.0,400,3,1000000000.0,0.24033333333333334,13.0,0.23033333333333333,11.0,,,,,,,
examen,select,2.0,400,5,300.0,0.25166666666666665,14.0,0.23633333333333334,11.0,,,,,,,
examen,select,2.0,400,5,600.0,0.22966666666666666,14.0,0.23533333333333334,11.0,,,,,,,
examen,select,2.0,400,5,1200.0,0.22866666666666666,13.0,0.23566666666666666,10.0,,,,,,,
examen,select,2.0,400,5,1000000000.0,0.22866666666666666,13.0,0.23566666666666666,10.0,,,,,,,
examen,select,2.0,600,1,300.0,0.27266666666666667,9.0,0.291,8.0,,,,,,,
examen,select,2.0,600,1,600.0,0.27266666666666667,9.0,0.291,8.0,,,,,,,
examen,select,2.0,600,1,1200.0,0.27266666666666667,9.0,0.291,8.0,,,,,,,
examen,select,2.0,600,1,1000000000.0,0.27266666666666667,9.0,0.291,8.0,,,,,,,
examen,select,2.0,600,2,300.0,0.25666666666666665,7.0,0.2836666666666667,6.0,,,,,,,
examen,select,2.0,600,2,600.0,0.24566666666666667,7.0,0.2713333333333333,6.0,,,,,,,
examen,select,2.0,600,2,1200.0,0.19366666666666665,10.0,0.19933333333333333,9.0,,,,,,,
examen,select,2.0,600,2,1000000000.0,0.19366666666666665,10.0,0.19933333333333333,9.0,,,,,,,
examen,select,2.0,600,3,300.0,0.24966666666666668,7.0,0.2693333333333333,6.0,,,,,,,
examen,select,2.0,600,3,600.0,0.233,7.0,0.248,6.0,,,,,,,
examen,select,2.0,600,3,1200.0,0.18933333333333333,9.0,0.18233333333333332,8.0,,,,,,,
examen,select,2.0,600,3,1000000000.0,0.18933333333333333,9.0,0.18233333333333332,8.0,,,,,,,
examen,select,2.0,600,5,300.0,0.24966666666666668,7.0,0.2723333333333333,6.0,,,,,,,
examen,select,2.0,600,5,600.0,0.236,7.0,0.24766666666666667,5.0,,,,,,,
examen,select,2.0,600,5,1200.0,0.185,9.0,0.18533333333333332,7.0,,,,,,,
examen,select,2.0,600,5,1000000000.0,0.185,9.0,0.18533333333333332,7.0,,,,,,,
examen,select,2.0,900,1,300.0,0.20533333333333334,7.0,0.21533333333333332,6.0,,,,,,,
examen,select,2.0,900,1,600.0,0.20533333333333334,7.0,0.21533333333333332,6.0,,,,,,,
examen,select,2.0,900,1,1200.0,0.20533333333333334,7.0,0.21533333333333332,6.0,,,,,,,
examen,select,2.0,900,1,1000000000.0,0.20533333333333334,7.0,0.21533333333333332,6.0,,,,,,,
examen,select,2.0,900,2,300.0,0.20066666666666666,6.0,0.228,4.0,,,,,,,
examen,select,2.0,900,2,600.0,0.201,6.0,0.224,4.0,,,,,,,
examen,select,2.0,900,2,1200.0,0.19666666666666666,5.5,0.21833333333333332,4.0,,,,,,,
examen,select,2.0,900,2,1000000000.0,0.19666666666666666,5.5,0.21833333333333332,4.0,,,,,,,
examen,select,2.0,900,3,300.0,0.197,5.0,0.22733333333333333,4.0,,,,,,,
examen,select,2.0,900,3,600.0,0.19733333333333333,5.0,0.22133333333333333,4.0,,,,,,,
examen,select,2.0,900,3,1200.0,0.18466666666666667,5.0,0.19866666666666666,5.0,,,,,,,
examen,select,2.0,900,3,1000000000.0,0.18466666666666667,5.0,0.19866666666666666,5.0,,,,,,,
examen,select,2.0,900,5,300.0,0.19633333333333333,5.0,0.22966666666666666,4.0,,,,,,,
examen,select,2.0,900,5,600.0,0.19633333333333333,5.0,0.22433333333333333,4.0,,,,,,,
examen,select,2.0,900,5,1200.0,0.18933333333333333,5.0,0.204,5.0,,,,,,,
examen,select,2.0,900,5,1000000000.0,0.18933333333333333,5.0,0.204,5.0,,,,,,,
examen,select,2.0,1250,1,300.0,0.16433333333333333,6.0,0.17166666666666666,6.0,,,,,,,
examen,select,2.0,1250,1,600.0,0.16433333333333333,6.0,0.17166666666666666,6.0,,,,,,,
examen,select,2.0,1250,1,1200.0,0.16433333333333333,6.0,0.17166666666666666,6.0,,,,,,,
examen,select,2.0,1250,1,1000000000.0,0.16433333333333333,6.0,0.17166666666666666,6.0,,,,,,,
examen,select,2.0,1250,2,300.0,0.15666666666666668,5.0,0.18233333333333332,5.0,,,,,,,
examen,select,2.0,1250,2,600.0,0.15433333333333332,5.0,0.18266666666666667,5.0,,,,,,,
examen,select,2.0,1250,2,1200.0,0.155,5.0,0.181,5.0,,,,,,,
examen,select,2.0,1250,2,1000000000.0,0.155,5.0,0.181,5.0,,,,,,,
examen,select,2.0,1250,3,300.0,0.158,5.0,0.17566666666666667,4.0,,,,,,,
examen,select,2.0,1250,3,600.0,0.15666666666666668,5.0,0.175,4.0,,,,,,,
examen,select,2.0,1250,3,1200.0,0.15466666666666667,5.0,0.16533333333333333,4.0,,,,,,,
examen,select,2.0,1250,3,1000000000.0,0.15466666666666667,5.0,0.16533333333333333,4.0,,,,,,,
examen,select,2.0,1250,5,300.0,0.15466666666666667,5.0,0.17766666666666667,4.0,,,,,,,
examen,select,2.0,1250,5,600.0,0.15466666666666667,5.0,0.17866666666666667,4.0,,,,,,,
examen,select,2.0,1250,5,1200.0,0.153,5.0,0.17066666666666666,4.0,,,,,,,
examen,select,2.0,1250,5,1000000000.0,0.153,5.0,0.17066666666666666,4.0,,,,,,,
fondeada,growth,2.0,100,1,300.0,,250.0,,250.0,-1.0,25.65,0.019,0.019,9.45,0.007,0.007
fondeada,growth,2.0,100,1,300.0,,250.0,,250.0,2500.0,2.025,0.0015,0.0015,2.025,0.0015,0.0015
fondeada,growth,2.0,100,1,600.0,,250.0,,250.0,-1.0,25.65,0.019,0.019,9.45,0.007,0.007
fondeada,growth,2.0,100,1,600.0,,250.0,,250.0,2500.0,2.025,0.0015,0.0015,2.025,0.0015,0.0015
fondeada,growth,2.0,100,1,1200.0,,250.0,,250.0,-1.0,25.65,0.019,0.019,9.45,0.007,0.007
fondeada,growth,2.0,100,1,1200.0,,250.0,,250.0,2500.0,2.025,0.0015,0.0015,2.025,0.0015,0.0015
fondeada,growth,2.0,100,1,1000000000.0,,250.0,,250.0,-1.0,25.65,0.019,0.019,9.45,0.007,0.007
fondeada,growth,2.0,100,1,1000000000.0,,250.0,,250.0,2500.0,2.025,0.0015,0.0015,2.025,0.0015,0.0015
fondeada,growth,2.0,100,2,300.0,,249.9155,,250.0,-1.0,91.8,0.062,0.068,39.15,0.0265,0.029
fondeada,growth,2.0,100,2,300.0,,249.9155,,250.0,2500.0,16.875,0.0105,0.0125,7.425,0.0055,0.0055
fondeada,growth,2.0,100,2,600.0,,249.9155,,250.0,-1.0,91.8,0.062,0.068,39.15,0.0265,0.029
fondeada,growth,2.0,100,2,600.0,,249.9155,,250.0,2500.0,16.875,0.0105,0.0125,7.425,0.0055,0.0055
fondeada,growth,2.0,100,2,1200.0,,249.9155,,250.0,-1.0,91.8,0.062,0.068,39.15,0.0265,0.029
fondeada,growth,2.0,100,2,1200.0,,249.9155,,250.0,2500.0,16.875,0.0105,0.0125,7.425,0.0055,0.0055
fondeada,growth,2.0,100,2,1000000000.0,,249.9155,,250.0,-1.0,91.8,0.062,0.068,39.15,0.0265,0.029
fondeada,growth,2.0,100,2,1000000000.0,,249.9155,,250.0,2500.0,16.875,0.0105,0.0125,7.425,0.0055,0.0055
fondeada,growth,2.0,100,3,300.0,,250.0,,250.0,-1.0,105.975,0.0705,0.078,35.775,0.0245,0.0265
fondeada,growth,2.0,100,3,300.0,,250.0,,250.0,2500.0,27.0,0.0175,0.02,4.725,0.0035,0.0035
fondeada,growth,2.0,100,3,600.0,,250.0,,250.0,-1.0,110.025,0.0735,0.081,34.425,0.0235,0.0255
fondeada,growth,2.0,100,3,600.0,,250.0,,250.0,2500.0,27.675,0.0175,0.0205,3.375,0.0025,0.0025
fondeada,growth,2.0,100,3,1200.0,,250.0,,250.0,-1.0,110.025,0.0735,0.081,34.425,0.0235,0.0255
fondeada,growth,2.0,100,3,1200.0,,250.0,,250.0,2500.0,27.675,0.0175,0.0205,3.375,0.0025,0.0025
fondeada,growth,2.0,100,3,1000000000.0,,250.0,,250.0,-1.0,110.025,0.0735,0.081,34.425,0.0235,0.0255
fondeada,growth,2.0,100,3,1000000000.0,,250.0,,250.0,2500.0,27.675,0.0175,0.0205,3.375,0.0025,0.0025
fondeada,growth,2.0,100,5,300.0,,249.91,,250.0,-1.0,107.2812784824261,0.0705,0.079,84.375,0.0555,0.0625
fondeada,growth,2.0,100,5,300.0,,249.923,,250.0,2500.0,24.975,0.0165,0.0185,22.95,0.0155,0.017
fondeada,growth,2.0,100,5,600.0,,249.91,,250.0,-1.0,112.68127848242611,0.0735,0.083,78.975,0.051,0.0585
fondeada,growth,2.0,100,5,600.0,,249.923,,250.0,2500.0,28.35,0.0185,0.021,20.925,0.0145,0.0155
fondeada,growth,2.0,100,5,1200.0,,249.91,,250.0,-1.0,112.68127848242611,0.0735,0.083,78.975,0.051,0.0585
fondeada,growth,2.0,100,5,1200.0,,249.923,,250.0,2500.0,28.35,0.0185,0.021,20.925,0.0145,0.0155
fondeada,growth,2.0,100,5,1000000000.0,,249.91,,250.0,-1.0,112.68127848242611,0.0735,0.083,78.975,0.051,0.0585
fondeada,growth,2.0,100,5,1000000000.0,,249.923,,250.0,2500.0,28.35,0.0185,0.021,20.925,0.0145,0.0155
fondeada,growth,2.0,150,1,300.0,,249.9735,,249.9225,-1.0,292.24665845415785,0.162,0.216,422.5154917079044,0.2225,0.3105
fondeada,growth,2.0,150,1,300.0,,250.0,,250.0,2500.0,116.775,0.0725,0.0865,192.375,0.1085,0.1425
fondeada,growth,2.0,150,1,600.0,,249.9735,,249.9225,-1.0,292.24665845415785,0.162,0.216,422.5154917079044,0.2225,0.3105
fondeada,growth,2.0,150,1,600.0,,250.0,,250.0,2500.0,116.775,0.0725,0.0865,192.375,0.1085,0.1425
fondeada,growth,2.0,150,1,1200.0,,249.9735,,249.9225,-1.0,292.24665845415785,0.162,0.216,422.5154917079044,0.2225,0.3105
fondeada,growth,2.0,150,1,1200.0,,250.0,,250.0,2500.0,116.775,0.0725,0.0865,192.375,0.1085,0.1425
fondeada,growth,2.0,150,1,1000000000.0,,249.9735,,249.9225,-1.0,292.24665845415785,0.162,0.216,422.5154917079044,0.2225,0.3105
fondeada,growth,2.0,150,1,1000000000.0,,250.0,,250.0,2500.0,116.775,0.0725,0.0865,192.375,0.1085,0.1425
fondeada,growth,2.0,150,2,300.0,,249.721,,249.9285,-1.0,581.046280285599,0.258,0.4175,473.1177775624253,0.2125,0.3425
fondeada,growth,2.0,150,2,300.0,,249.889,,250.0,2500.0,340.875,0.169,0.252,278.1,0.1335,0.206
fondeada,growth,2.0,150,2,600.0,,249.721,,249.9285,-1.0,581.046280285599,0.258,0.4175,473.1177775624253,0.2125,0.3425
fondeada,growth,2.0,150,2,600.0,,249.889,,250.0,2500.0,340.875,0.169,0.252,278.1,0.1335,0.206
fondeada,growth,2.0,150,2,1200.0,,249.721,,249.9285,-1.0,581.046280285599,0.258,0.4175,473.1177775624253,0.2125,0.3425
fondeada,growth,2.0,150,2,1200.0,,249.889,,250.0,2500.0,340.875,0.169,0.252,278.1,0.1335,0.206
fondeada,growth,2.0,150,2,1000000000.0,,249.721,,249.9285,-1.0,581.046280285599,0.258,0.4175,473.1177775624253,0.2125,0.3425
fondeada,growth,2.0,150,2,1000000000.0,,249.889,,250.0,2500.0,340.875,0.169,0.252,278.1,0.1335,0.206
fondeada,growth,2.0,150,3,300.0,,249.878,,249.875,-1.0,575.6611127302607,0.2465,0.4135,361.7584540460467,0.172,0.26
fondeada,growth,2.0,150,3,300.0,,250.0,,250.0,2500.0,359.775,0.1745,0.266,225.45,0.108,0.1665
fondeada,growth,2.0,150,3,600.0,,249.8095,,249.873,-1.0,560.1855951578624,0.25,0.404,309.04620823792106,0.1535,0.224
fondeada,growth,2.0,150,3,600.0,,250.0,,250.0,2500.0,357.075,0.1765,0.2645,182.925,0.0925,0.135
fondeada,growth,2.0,150,3,1200.0,,249.8095,,249.873,-1.0,560.1855951578624,0.25,0.404,309.04620823792106,0.1535,0.224
fondeada,growth,2.0,150,3,1200.0,,250.0,,250.0,2500.0,357.075,0.1765,0.2645,182.925,0.0925,0.135
fondeada,growth,2.0,150,3,1000000000.0,,249.8095,,249.873,-1.0,560.1855951578624,0.25,0.404,309.04620823792106,0.1535,0.224
fondeada,growth,2.0,150,3,1000000000.0,,250.0,,250.0,2500.0,357.075,0.1765,0.2645,182.925,0.0925,0.135
fondeada,growth,2.0,150,5,300.0,,249.8465,,249.8,-1.0,564.2056049945372,0.2375,0.4055,451.4607672465252,0.1845,0.3185
fondeada,growth,2.0,150,5,300.0,,250.0,,250.0,2500.0,351.0,0.1615,0.2595,280.8,0.1265,0.2065
fondeada,growth,2.0,150,5,600.0,,249.96,,249.9115,-1.0,523.1072811815959,0.235,0.3775,371.2150477761984,0.166,0.2665
fondeada,growth,2.0,150,5,600.0,,250.0,,250.0,2500.0,327.375,0.159,0.242,232.2,0.109,0.17
fondeada,growth,2.0,150,5,1200.0,,249.96,,249.861,-1.0,523.1072811815959,0.236,0.3775,359.71081519447574,0.1635,0.2585
fondeada,growth,2.0,150,5,1200.0,,250.0,,250.0,2500.0,332.1,0.1595,0.2455,225.45,0.106,0.166
fondeada,growth,2.0,150,5,1000000000.0,,249.96,,249.861,-1.0,523.1072811815959,0.236,0.3775,359.71081519447574,0.1635,0.2585
fondeada,growth,2.0,150,5,1000000000.0,,250.0,,250.0,2500.0,332.1,0.1595,0.2455,225.45,0.106,0.166
fondeada,growth,2.0,250,1,300.0,,249.309,,249.312,-1.0,694.3045228875651,0.2575,0.483,658.4362960538286,0.2495,0.4605
fondeada,growth,2.0,250,1,300.0,,250.0,,250.0,2500.0,534.6,0.1885,0.38,524.475,0.1875,0.3725
fondeada,growth,2.0,250,1,600.0,,249.309,,249.312,-1.0,694.3045228875651,0.2575,0.483,658.4362960538286,0.2495,0.4605
fondeada,growth,2.0,250,1,600.0,,250.0,,250.0,2500.0,534.6,0.1885,0.38,524.475,0.1875,0.3725
fondeada,growth,2.0,250,1,1200.0,,249.309,,249.312,-1.0,694.3045228875651,0.2575,0.483,658.4362960538286,0.2495,0.4605
fondeada,growth,2.0,250,1,1200.0,,250.0,,250.0,2500.0,534.6,0.1885,0.38,524.475,0.1875,0.3725
fondeada,growth,2.0,250,1,1000000000.0,,249.309,,249.312,-1.0,694.3045228875651,0.2575,0.483,658.4362960538286,0.2495,0.4605
fondeada,growth,2.0,250,1,1000000000.0,,250.0,,250.0,2500.0,534.6,0.1885,0.38,524.475,0.1875,0.3725
fondeada,growth,2.0,250,2,300.0,,249.485,,249.0495,-1.0,746.9103247074786,0.2595,0.512,800.9120852889428,0.289,0.5495
fondeada,growth,2.0,250,2,300.0,,250.0,,250.0,2500.0,637.875,0.2085,0.4425,718.2,0.217,0.475
fondeada,growth,2.0,250,2,600.0,,249.893,,250.0,-1.0,735.75,0.2725,0.4975,773.55,0.2865,0.518
fondeada,growth,2.0,250,2,600.0,,249.893,,250.0,2500.0,626.4,0.2115,0.421,718.2,0.229,0.47
fondeada,growth,2.0,250,2,1200.0,,249.893,,250.0,-1.0,735.75,0.2725,0.4975,773.55,0.2865,0.518
fondeada,growth,2.0,250,2,1200.0,,249.893,,250.0,2500.0,626.4,0.2115,0.421,718.2,0.229,0.47
fondeada,growth,2.0,250,2,1000000000.0,,249.893,,250.0,-1.0,735.75,0.2725,0.4975,773.55,0.2865,0.518
fondeada,growth,2.0,250,2,1000000000.0,,249.893,,250.0,2500.0,626.4,0.2115,0.421,718.2,0.229,0.47
fondeada,growth,2.0,250,3,300.0,,249.5825,,249.97,-1.0,776.7129081315857,0.2575,0.5255,596.6690554638051,0.2345,0.4145
fondeada,growth,2.0,250,3,300.0,,250.0,,250.0,2500.0,723.6,0.2065,0.4805,539.325,0.166,0.36
fondeada,growth,2.0,250,3,600.0,,250.0,,250.0,-1.0,699.975,0.2625,0.4725,583.875,0.2395,0.3985
fondeada,growth,2.0,250,3,600.0,,250.0,,250.0,2500.0,624.375,0.2,0.4195,504.225,0.1805,0.3385
fondeada,growth,2.0,250,3,1200.0,,250.0,,250.0,-1.0,642.6,0.2505,0.443,492.075,0.2185,0.3445
fondeada,growth,2.0,250,3,1200.0,,250.0,,250.0,2500.0,571.05,0.204,0.3935,420.525,0.169,0.291
fondeada,growth,2.0,250,3,1000000000.0,,250.0,,250.0,-1.0,642.6,0.2505,0.443,492.075,0.2185,0.3445
fondeada,growth,2.0,250,3,1000000000.0,,250.0,,250.0,2500.0,571.05,0.204,0.3935,420.525,0.169,0.291
fondeada,growth,2.0,250,5,300.0,,249.197,,249.7455,-1.0,781.9989532411973,0.2495,0.5215,637.8075451534795,0.238,0.438
fondeada,growth,2.0,250,5,300.0,,249.883,,250.0,2500.0,704.7,0.1985,0.4665,618.3,0.179,0.404
fondeada,growth,2.0,250,5,600.0,,249.883,,250.0,-1.0,693.225,0.2565,0.47,666.9,0.25,0.4435
fondeada,growth,2.0,250,5,600.0,,249.883,,250.0,2500.0,633.825,0.197,0.423,614.25,0.196,0.3985
fondeada,growth,2.0,250,5,1200.0,,249.883,,250.0,-1.0,623.025,0.249,0.4335,586.575,0.232,0.3995
fondeada,growth,2.0,250,5,1200.0,,249.883,,250.0,2500.0,581.175,0.203,0.399,512.325,0.181,0.345
fondeada,growth,2.0,250,5,1000000000.0,,249.883,,250.0,-1.0,620.325,0.2485,0.4315,587.925,0.232,0.4
fondeada,growth,2.0,250,5,1000000000.0,,249.883,,250.0,2500.0,578.475,0.2025,0.397,517.725,0.18,0.347
fondeada,growth,2.0,400,1,300.0,,250.0,,250.0,-1.0,750.6,0.258,0.4885,767.475,0.261,0.504
fondeada,growth,2.0,400,1,300.0,,250.0,,250.0,2500.0,719.55,0.199,0.4535,764.1,0.21,0.4815
fondeada,growth,2.0,400,1,600.0,,250.0,,250.0,-1.0,750.6,0.258,0.4885,767.475,0.261,0.504
fondeada,growth,2.0,400,1,600.0,,250.0,,250.0,2500.0,719.55,0.199,0.4535,764.1,0.21,0.4815
fondeada,growth,2.0,400,1,1200.0,,250.0,,250.0,-1.0,750.6,0.258,0.4885,767.475,0.261,0.504
fondeada,growth,2.0,400,1,1200.0,,250.0,,250.0,2500.0,719.55,0.199,0.4535,764.1,0.21,0.4815
fondeada,growth,2.0,400,1,1000000000.0,,250.0,,250.0,-1.0,750.6,0.258,0.4885,767.475,0.261,0.504
fondeada,growth,2.0,400,1,1000000000.0,,250.0,,250.0,2500.0,719.55,0.199,0.4535,764.1,0.21,0.4815
fondeada,growth,2.0,400,2,300.0,,249.89,,250.0,-1.0,756.675,0.2665,0.4955,765.45,0.276,0.506
fondeada,growth,2.0,400,2,300.0,,249.89,,250.0,2500.0,789.075,0.208,0.4895,812.025,0.213,0.497
fondeada,growth,2.0,400,2,600.0,,249.9275,,250.0,-1.0,737.1,0.2615,0.481,762.75,0.2655,0.495
fondeada,growth,2.0,400,2,600.0,,250.0,,250.0,2500.0,755.325,0.21,0.4715,778.275,0.214,0.4785
fondeada,growth,2.0,400,2,1200.0,,250.0,,250.0,-1.0,677.025,0.2215,0.438,656.1,0.226,0.428
fondeada,growth,2.0,400,2,1200.0,,250.0,,250.0,2500.0,672.975,0.216,0.4345,650.025,0.219,0.423
fondeada,growth,2.0,400,2,1000000000.0,,250.0,,250.0,-1.0,677.025,0.2215,0.438,656.1,0.226,0.428
fondeada,growth,2.0,400,2,1000000000.0,,250.0,,250.0,2500.0,672.975,0.216,0.4345,650.025,0.219,0.423
fondeada,growth,2.0,400,3,300.0,,250.0,,250.0,-1.0,822.825,0.268,0.5255,631.8,0.2435,0.42
fondeada,growth,2.0,400,3,300.0,,250.0,,250.0,2500.0,860.625,0.206,0.5195,604.8,0.1835,0.381
fondeada,growth,2.0,400,3,600.0,,249.883,,250.0,-1.0,772.875,0.2575,0.4935,605.475,0.2395,0.401
fondeada,growth,2.0,400,3,600.0,,249.883,,250.0,2500.0,770.85,0.1975,0.473,568.35,0.1905,0.366
fondeada,growth,2.0,400,3,1200.0,,249.8795,,250.0,-1.0,639.225,0.214,0.4145,521.775,0.2015,0.3445
fondeada,growth,2.0,400,3,1200.0,,249.8795,,250.0,2500.0,616.95,0.1995,0.3985,505.575,0.1925,0.3335
fondeada,growth,2.0,400,3,1000000000.0,,249.8325,,250.0,-1.0,562.95,0.2025,0.3755,440.1,0.1875,0.299
fondeada,growth,2.0,400,3,1000000000.0,,249.8325,,250.0,2500.0,545.4,0.184,0.361,416.475,0.174,0.2825
fondeada,growth,2.0,400,5,300.0,,250.0,,250.0,-1.0,805.275,0.2685,0.517,631.8,0.2455,0.4225
fondeada,growth,2.0,400,5,300.0,,250.0,,250.0,2500.0,828.9,0.206,0.505,637.875,0.188,0.398
fondeada,growth,2.0,400,5,600.0,,249.7865,,250.0,-1.0,780.975,0.2565,0.498,675.0,0.247,0.439
fondeada,growth,2.0,400,5,600.0,,249.7865,,250.0,2500.0,783.0,0.2015,0.4775,702.0,0.2035,0.433
fondeada,growth,2.0,400,5,1200.0,,249.8795,,250.0,-1.0,593.325,0.2085,0.389,609.525,0.2085,0.3915
fondeada,growth,2.0,400,5,1200.0,,249.8795,,250.0,2500.0,577.8,0.1955,0.377,609.525,0.1995,0.389
fondeada,growth,2.0,400,5,1000000000.0,,249.8795,,250.0,-1.0,529.2,0.195,0.3575,479.25,0.1935,0.324
fondeada,growth,2.0,400,5,1000000000.0,,249.8795,,250.0,2500.0,509.625,0.179,0.3425,467.1,0.1795,0.3135
fondeada,growth,2.0,600,1,300.0,,250.0,,250.0,-1.0,778.95,0.254,0.4935,842.4,0.2715,0.5315
fondeada,growth,2.0,600,1,300.0,,250.0,,250.0,2500.0,758.7,0.217,0.4705,801.225,0.23,0.4945
fondeada,growth,2.0,600,1,600.0,,250.0,,250.0,-1.0,778.95,0.254,0.4935,842.4,0.2715,0.5315
fondeada,growth,2.0,600,1,600.0,,250.0,,250.0,2500.0,758.7,0.217,0.4705,801.225,0.23,0.4945
fondeada,growth,2.0,600,1,1200.0,,250.0,,250.0,-1.0,778.95,0.254,0.4935,842.4,0.2715,0.5315
fondeada,growth,2.0,600,1,1200.0,,250.0,,250.0,2500.0,758.7,0.217,0.4705,801.225,0.23,0.4945
fondeada,growth,2.0,600,1,1000000000.0,,250.0,,250.0,-1.0,778.95,0.254,0.4935,842.4,0.2715,0.5315
fondeada,growth,2.0,600,1,1000000000.0,,250.0,,250.0,2500.0,758.7,0.217,0.4705,801.225,0.23,0.4945
fondeada,growth,2.0,600,2,300.0,,249.8795,,250.0,-1.0,784.35,0.2375,0.483,748.575,0.2685,0.4805
fondeada,growth,2.0,600,2,300.0,,249.8795,,250.0,2500.0,822.15,0.2095,0.489,729.0,0.224,0.4525
fondeada,growth,2.0,600,2,600.0,,249.8795,,250.0,-1.0,792.45,0.236,0.486,755.325,0.2695,0.484
fondeada,growth,2.0,600,2,600.0,,249.8795,,250.0,2500.0,819.45,0.2085,0.4875,742.5,0.228,0.4605
fondeada,growth,2.0,600,2,1200.0,,249.8815,,250.0,-1.0,552.15,0.176,0.3525,550.125,0.172,0.35
fondeada,growth,2.0,600,2,1200.0,,249.8815,,250.0,2500.0,548.775,0.1675,0.3485,535.95,0.162,0.3395
fondeada,growth,2.0,600,2,1000000000.0,,249.8815,,250.0,-1.0,552.15,0.176,0.3525,550.125,0.172,0.35
fondeada,growth,2.0,600,2,1000000000.0,,249.8815,,250.0,2500.0,548.775,0.1675,0.3485,535.95,0.162,0.3395
fondeada,growth,2.0,600,3,300.0,,249.882,,250.0,-1.0,765.45,0.2315,0.471,698.625,0.256,0.4505
fondeada,growth,2.0,600,3,300.0,,249.882,,250.0,2500.0,751.275,0.2035,0.453,641.925,0.2065,0.4015
fondeada,growth,2.0,600,3,600.0,,249.7605,,250.0,-1.0,725.625,0.21,0.444,623.7,0.222,0.4005
fondeada,growth,2.0,600,3,600.0,,249.7605,,250.0,2500.0,704.7,0.1925,0.4265,590.625,0.193,0.371
fondeada,growth,2.0,600,3,1200.0,,249.6425,,250.0,-1.0,483.3,0.155,0.3095,434.025,0.152,0.2805
fondeada,growth,2.0,600,3,1200.0,,249.6425,,250.0,2500.0,480.6,0.15,0.3065,432.675,0.151,0.2795
fondeada,growth,2.0,600,3,1000000000.0,,249.6425,,250.0,-1.0,436.725,0.1545,0.2895,353.025,0.14,0.2355
fondeada,growth,2.0,600,3,1000000000.0,,249.6425,,250.0,2500.0,433.35,0.1495,0.286,351.675,0.139,0.2345
fondeada,growth,2.0,600,5,300.0,,249.882,,250.0,-1.0,760.725,0.229,0.4685,714.15,0.2605,0.46
fondeada,growth,2.0,600,5,300.0,,249.882,,250.0,2500.0,738.45,0.201,0.447,679.05,0.2205,0.4235
fondeada,growth,2.0,600,5,600.0,,249.882,,250.0,-1.0,741.825,0.2125,0.4545,739.125,0.2325,0.457
fondeada,growth,2.0,600,5,600.0,,249.882,,250.0,2500.0,729.0,0.1955,0.441,716.175,0.208,0.434
fondeada,growth,2.0,600,5,1200.0,,249.764,,250.0,-1.0,486.675,0.1615,0.315,490.05,0.1515,0.3055
fondeada,growth,2.0,600,5,1200.0,,249.764,,250.0,2500.0,482.625,0.156,0.3115,488.7,0.1505,0.3045
fondeada,growth,2.0,600,5,1000000000.0,,249.8795,,250.0,-1.0,420.525,0.1555,0.284,394.875,0.1405,0.258
fondeada,growth,2.0,600,5,1000000000.0,,249.8795,,250.0,2500.0,414.45,0.1485,0.2785,392.175,0.1385,0.256
fondeada,growth,2.0,900,1,300.0,,250.0,,250.0,-1.0,648.675,0.18,0.396,735.75,0.19,0.441
fondeada,growth,2.0,900,1,300.0,,250.0,,250.0,2500.0,648.675,0.18,0.396,735.75,0.19,0.441
fondeada,growth,2.0,900,1,600.0,,250.0,,250.0,-1.0,648.675,0.18,0.396,735.75,0.19,0.441
fondeada,growth,2.0,900,1,600.0,,250.0,,250.0,2500.0,648.675,0.18,0.396,735.75,0.19,0.441
fondeada,growth,2.0,900,1,1200.0,,250.0,,250.0,-1.0,648.675,0.18,0.396,735.75,0.19,0.441
fondeada,growth,2.0,900,1,1200.0,,250.0,,250.0,2500.0,648.675,0.18,0.396,735.75,0.19,0.441
fondeada,growth,2.0,900,1,1000000000.0,,250.0,,250.0,-1.0,648.675,0.18,0.396,735.75,0.19,0.441
fondeada,growth,2.0,900,1,1000000000.0,,250.0,,250.0,2500.0,648.675,0.18,0.396,735.75,0.19,0.441
fondeada,growth,2.0,900,2,300.0,,249.8765,,250.0,-1.0,749.25,0.1755,0.4325,709.425,0.1895,0.422
fondeada,growth,2.0,900,2,300.0,,249.8765,,250.0,2500.0,749.25,0.1755,0.4325,709.425,0.1895,0.422
fondeada,growth,2.0,900,2,600.0,,249.8765,,250.0,-1.0,753.3,0.178,0.436,706.05,0.1875,0.4195
fondeada,growth,2.0,900,2,600.0,,249.8765,,250.0,2500.0,753.3,0.178,0.436,706.05,0.1875,0.4195
fondeada,growth,2.0,900,2,1200.0,,249.8765,,250.0,-1.0,733.725,0.172,0.4235,655.425,0.182,0.394
fondeada,growth,2.0,900,2,1200.0,,249.8765,,250.0,2500.0,733.725,0.172,0.4235,655.425,0.182,0.394
fondeada,growth,2.0,900,2,1000000000.0,,249.8765,,250.0,-1.0,453.6,0.1325,0.288,468.45,0.134,0.2945
fondeada,growth,2.0,900,2,1000000000.0,,249.8765,,250.0,2500.0,453.6,0.1325,0.288,468.45,0.134,0.2945
fondeada,growth,2.0,900,3,300.0,,249.8765,,250.0,-1.0,749.925,0.174,0.4315,653.4,0.1715,0.3865
fondeada,growth,2.0,900,3,300.0,,249.8765,,250.0,2500.0,749.925,0.174,0.4315,653.4,0.1715,0.3865
fondeada,growth,2.0,900,3,600.0,,249.7785,,250.0,-1.0,746.55,0.1755,0.431,645.3,0.1695,0.382
fondeada,growth,2.0,900,3,600.0,,249.7785,,250.0,2500.0,746.55,0.1755,0.431,645.3,0.1695,0.382
fondeada,growth,2.0,900,3,1200.0,,249.7785,,250.0,-1.0,699.3,0.1685,0.4085,483.3,0.1495,0.298
fondeada,growth,2.0,900,3,1200.0,,249.7785,,250.0,2500.0,699.3,0.1685,0.4085,483.3,0.1495,0.298
fondeada,growth,2.0,900,3,1000000000.0,,249.7785,,250.0,-1.0,351.675,0.119,0.2345,331.425,0.112,0.214
fondeada,growth,2.0,900,3,1000000000.0,,249.7785,,250.0,2500.0,351.675,0.119,0.2345,331.425,0.112,0.214
fondeada,growth,2.0,900,5,300.0,,249.8765,,250.0,-1.0,740.475,0.174,0.43,679.05,0.176,0.3985
fondeada,growth,2.0,900,5,300.0,,249.8765,,250.0,2500.0,740.475,0.174,0.43,679.05,0.176,0.3985
fondeada,growth,2.0,900,5,600.0,,249.7785,,250.0,-1.0,744.525,0.176,0.433,679.05,0.1765,0.399
fondeada,growth,2.0,900,5,600.0,,249.7785,,250.0,2500.0,744.525,0.176,0.433,679.05,0.1765,0.399
fondeada,growth,2.0,900,5,1200.0,,249.7785,,250.0,-1.0,655.425,0.169,0.391,550.125,0.1555,0.331
fondeada,growth,2.0,900,5,1200.0,,249.7785,,250.0,2500.0,655.425,0.169,0.391,550.125,0.1555,0.331
fondeada,growth,2.0,900,5,1000000000.0,,249.7785,,250.0,-1.0,330.75,0.115,0.221,361.8,0.1105,0.2285
fondeada,growth,2.0,900,5,1000000000.0,,249.7785,,250.0,2500.0,330.75,0.115,0.221,361.8,0.1105,0.2285
fondeada,select_flex,2.0,100,1,300.0,,250.0,,250.0,-1.0,436.424426617969,0.6055,1.354,312.81779423142683,0.496,1.024
fondeada,select_flex,2.0,100,1,600.0,,250.0,,250.0,-1.0,436.424426617969,0.6055,1.354,312.81779423142683,0.496,1.024
fondeada,select_flex,2.0,100,1,1200.0,,250.0,,250.0,-1.0,436.424426617969,0.6055,1.354,312.81779423142683,0.496,1.024
fondeada,select_flex,2.0,100,1,1000000000.0,,250.0,,250.0,-1.0,436.424426617969,0.6055,1.354,312.81779423142683,0.496,1.024
fondeada,select_flex,2.0,100,2,300.0,,249.9155,,250.0,-1.0,587.9618244387246,0.6785,1.5825,382.91782906560593,0.5275,1.083
fondeada,select_flex,2.0,100,2,600.0,,249.9155,,250.0,-1.0,587.9618244387246,0.6785,1.5825,382.91782906560593,0.5275,1.083
fondeada,select_flex,2.0,100,2,1200.0,,249.9155,,250.0,-1.0,587.9618244387246,0.6785,1.5825,382.91782906560593,0.5275,1.083
fondeada,select_flex,2.0,100,2,1000000000.0,,249.9155,,250.0,-1.0,587.9618244387246,0.6785,1.5825,382.91782906560593,0.5275,1.083
fondeada,select_flex,2.0,100,3,300.0,,250.0,,250.0,-1.0,673.0067463853742,0.7,1.8415,353.4108017425506,0.476,1.0355
fondeada,select_flex,2.0,100,3,600.0,,250.0,,250.0,-1.0,676.4014654060923,0.702,1.8475,341.6243219834649,0.471,1.008
fondeada,select_flex,2.0,100,3,1200.0,,250.0,,250.0,-1.0,676.4014654060923,0.702,1.8475,341.6243219834649,0.471,1.008
fondeada,select_flex,2.0,100,3,1000000000.0,,250.0,,250.0,-1.0,676.4014654060923,0.702,1.8475,341.6243219834649,0.471,1.008
fondeada,select_flex,2.0,100,5,300.0,,249.923,,250.0,-1.0,639.2775116746377,0.685,1.7455,489.1530048434582,0.5575,1.3335
fondeada,select_flex,2.0,100,5,600.0,,249.923,,250.0,-1.0,648.3356840797643,0.689,1.762,465.3400990625152,0.543,1.2775
fondeada,select_flex,2.0,100,5,1200.0,,249.923,,250.0,-1.0,648.3356840797643,0.689,1.762,465.3400990625152,0.543,1.2775
fondeada,select_flex,2.0,100,5,1000000000.0,,249.923,,250.0,-1.0,648.3356840797643,0.689,1.762,465.3400990625152,0.543,1.2775
fondeada,select_flex,2.0,150,1,300.0,,250.0,,250.0,-1.0,938.7907101026545,0.7205,2.7965,1097.2543483278178,0.751,3.2295
fondeada,select_flex,2.0,150,1,600.0,,250.0,,250.0,-1.0,938.7907101026545,0.7205,2.7965,1097.2543483278178,0.751,3.2295
fondeada,select_flex,2.0,150,1,1200.0,,250.0,,250.0,-1.0,938.7907101026545,0.7205,2.7965,1097.2543483278178,0.751,3.2295
fondeada,select_flex,2.0,150,1,1000000000.0,,250.0,,250.0,-1.0,938.7907101026545,0.7205,2.7965,1097.2543483278178,0.751,3.2295
fondeada,select_flex,2.0,150,2,300.0,,249.889,,250.0,-1.0,965.2776172525095,0.6885,2.1765,824.0917851783098,0.663,1.812
fondeada,select_flex,2.0,150,2,600.0,,249.889,,250.0,-1.0,965.2776172525095,0.6885,2.1765,824.0917851783098,0.663,1.812
fondeada,select_flex,2.0,150,2,1200.0,,249.889,,250.0,-1.0,965.2776172525095,0.6885,2.1765,824.0917851783098,0.663,1.812
fondeada,select_flex,2.0,150,2,1000000000.0,,249.889,,250.0,-1.0,965.2776172525095,0.6885,2.1765,824.0917851783098,0.663,1.812
fondeada,select_flex,2.0,150,3,300.0,,249.901,,250.0,-1.0,927.6348462141184,0.6865,2.0935,700.6719115581692,0.6035,1.559
fondeada,select_flex,2.0,150,3,600.0,,250.0,,250.0,-1.0,920.7185773211785,0.6845,2.0485,666.7258528827555,0.5975,1.515
fondeada,select_flex,2.0,150,3,1200.0,,250.0,,250.0,-1.0,920.7185773211785,0.6845,2.0485,666.7258528827555,0.5975,1.515
fondeada,select_flex,2.0,150,3,1000000000.0,,250.0,,250.0,-1.0,920.7185773211785,0.6845,2.0485,666.7258528827555,0.5975,1.515
fondeada,select_flex,2.0,150,5,300.0,,250.0,,250.0,-1.0,912.042983890945,0.6845,2.063,730.0151418735435,0.623,1.597
fondeada,select_flex,2.0,150,5,600.0,,250.0,,250.0,-1.0,916.86313792045,0.6785,2.04,685.8143516568455,0.6135,1.5275
fondeada,select_flex,2.0,150,5,1200.0,,250.0,,250.0,-1.0,918.8227736438897,0.68,2.042,677.681399664127,0.612,1.5145
fondeada,select_flex,2.0,150,5,1000000000.0,,250.0,,250.0,-1.0,918.8227736438897,0.68,2.042,677.681399664127,0.612,1.5145
fondeada,select_flex,2.0,250,1,300.0,,250.0,,250.0,-1.0,922.9141888423269,0.6735,1.85,896.4265856563912,0.671,1.834
fondeada,select_flex,2.0,250,1,600.0,,250.0,,250.0,-1.0,922.9141888423269,0.6735,1.85,896.4265856563912,0.671,1.834
fondeada,select_flex,2.0,250,1,1200.0,,250.0,,250.0,-1.0,922.9141888423269,0.6735,1.85,896.4265856563912,0.671,1.834
fondeada,select_flex,2.0,250,1,1000000000.0,,250.0,,250.0,-1.0,922.9141888423269,0.6735,1.85,896.4265856563912,0.671,1.834
fondeada,select_flex,2.0,250,2,300.0,,249.89,,250.0,-1.0,888.3244713079465,0.6635,1.674,945.5817073512493,0.676,1.766
fondeada,select_flex,2.0,250,2,600.0,,250.0,,250.0,-1.0,937.4183155564095,0.651,1.5535,901.2818201768436,0.6425,1.501
fondeada,select_flex,2.0,250,2,1200.0,,250.0,,250.0,-1.0,937.4183155564095,0.651,1.5535,901.2818201768436,0.6425,1.501
fondeada,select_flex,2.0,250,2,1000000000.0,,250.0,,250.0,-1.0,937.4183155564095,0.651,1.5535,901.2818201768436,0.6425,1.501
fondeada,select_flex,2.0,250,3,300.0,,249.7675,,250.0,-1.0,883.8781598602217,0.6435,1.502,772.0141987370432,0.606,1.292
fondeada,select_flex,2.0,250,3,600.0,,250.0,,250.0,-1.0,873.6017627213935,0.6075,1.2825,706.9326241776624,0.5525,1.0015
fondeada,select_flex,2.0,250,3,1200.0,,250.0,,250.0,-1.0,891.3905372594237,0.6105,1.292,692.3725844362745,0.5495,0.996
fondeada,select_flex,2.0,250,3,1000000000.0,,250.0,,250.0,-1.0,891.3905372594237,0.6105,1.292,692.3725844362745,0.5495,0.996
fondeada,select_flex,2.0,250,5,300.0,,249.6505,,250.0,-1.0,884.3225392267683,0.6425,1.506,801.3425622492391,0.609,1.3115
fondeada,select_flex,2.0,250,5,600.0,,249.883,,250.0,-1.0,855.041710149761,0.5995,1.2515,773.9679086306235,0.557,1.0635
fondeada,select_flex,2.0,250,5,1200.0,,249.883,,250.0,-1.0,864.0577796933446,0.5995,1.247,747.8007459795649,0.552,1.037
fondeada,select_flex,2.0,250,5,1000000000.0,,249.883,,250.0,-1.0,862.8391350684093,0.5995,1.247,740.309659183627,0.5515,1.0325
fondeada,select_flex,2.0,400,1,300.0,,250.0,,250.0,-1.0,829.4619178776235,0.522,0.9695,803.1841567276014,0.537,0.962
fondeada,select_flex,2.0,400,1,600.0,,250.0,,250.0,-1.0,829.4619178776235,0.522,0.9695,803.1841567276014,0.537,0.962
fondeada,select_flex,2.0,400,1,1200.0,,250.0,,250.0,-1.0,829.4619178776235,0.522,0.9695,803.1841567276014,0.537,0.962
fondeada,select_flex,2.0,400,1,1000000000.0,,250.0,,250.0,-1.0,829.4619178776235,0.522,0.9695,803.1841567276014,0.537,0.962
fondeada,select_flex,2.0,400,2,300.0,,249.89,,250.0,-1.0,827.7069672108465,0.52,0.964,821.8835712033485,0.536,0.9725
fondeada,select_flex,2.0,400,2,600.0,,250.0,,250.0,-1.0,819.8918580650992,0.5075,0.943,821.9126391515881,0.533,0.9515
fondeada,select_flex,2.0,400,2,1200.0,,249.8005,,250.0,-1.0,876.3956809725419,0.4855,0.896,868.2001342089285,0.5165,0.928
fondeada,select_flex,2.0,400,2,1000000000.0,,249.8005,,250.0,-1.0,876.3956809725419,0.4855,0.896,868.2001342089285,0.5165,0.928
fondeada,select_flex,2.0,400,3,300.0,,249.8855,,250.0,-1.0,824.4437612160671,0.489,0.866,696.8697058367035,0.46,0.745
fondeada,select_flex,2.0,400,3,600.0,,249.883,,250.0,-1.0,814.4472029883534,0.468,0.8175,736.9877200458594,0.43,0.7045
fondeada,select_flex,2.0,400,3,1200.0,,249.8795,,250.0,-1.0,838.005121776633,0.4275,0.7325,737.1523513570855,0.3825,0.5985
fondeada,select_flex,2.0,400,3,1000000000.0,,249.8795,,250.0,-1.0,865.9559945790074,0.429,0.749,704.0608102534176,0.38,0.5845
fondeada,select_flex,2.0,400,5,300.0,,249.8855,,250.0,-1.0,833.0238163112436,0.4915,0.8665,728.7750418905988,0.4595,0.7585
fondeada,select_flex,2.0,400,5,600.0,,249.883,,250.0,-1.0,820.7866566308176,0.467,0.8155,771.5804414227997,0.4285,0.724
fondeada,select_flex,2.0,400,5,1200.0,,249.8795,,250.0,-1.0,829.8984996750658,0.4235,0.7205,828.3470494158678,0.389,0.6555
fondeada,select_flex,2.0,400,5,1000000000.0,,249.8795,,250.0,-1.0,873.5535414380049,0.4265,0.75,797.8611356114502,0.3855,0.6445
fondeada,select_flex,2.0,600,1,300.0,,250.0,,250.0,-1.0,833.3720055888389,0.3575,0.606,898.9544283663936,0.3735,0.644
fondeada,select_flex,2.0,600,1,600.0,,250.0,,250.0,-1.0,833.3720055888389,0.3575,0.606,898.9544283663936,0.3735,0.644
fondeada,select_flex,2.0,600,1,1200.0,,250.0,,250.0,-1.0,833.3720055888389,0.3575,0.606,898.9544283663936,0.3735,0.644
fondeada,select_flex,2.0,600,1,1000000000.0,,250.0,,250.0,-1.0,833.3720055888389,0.3575,0.606,898.9544283663936,0.3735,0.644
fondeada,select_flex,2.0,600,2,300.0,,250.0,,250.0,-1.0,804.8230816610633,0.32,0.555,859.5942329192018,0.353,0.6045
fondeada,select_flex,2.0,600,2,600.0,,250.0,,250.0,-1.0,817.9469267712739,0.3165,0.555,872.4763872659008,0.3515,0.6035
fondeada,select_flex,2.0,600,2,1200.0,,250.0,,250.0,-1.0,946.8587525832504,0.322,0.5995,927.5089183433296,0.3365,0.6035
fondeada,select_flex,2.0,600,2,1000000000.0,,250.0,,250.0,-1.0,946.8587525832504,0.322,0.5995,927.5089183433296,0.3365,0.6035
fondeada,select_flex,2.0,600,3,300.0,,249.8805,,250.0,-1.0,817.7975121377912,0.309,0.546,781.1500850540754,0.3075,0.5145
fondeada,select_flex,2.0,600,3,600.0,,250.0,,250.0,-1.0,834.8935838311728,0.2875,0.511,772.5238516060862,0.2695,0.4625
fondeada,select_flex,2.0,600,3,1200.0,,249.8795,,250.0,-1.0,874.4255954320465,0.2615,0.497,865.5595668572143,0.238,0.4625
fondeada,select_flex,2.0,600,3,1000000000.0,,249.765,,250.0,-1.0,904.510990769858,0.2625,0.5065,818.4753266247374,0.236,0.442
fondeada,select_flex,2.0,600,5,300.0,,249.8805,,250.0,-1.0,816.6362726908023,0.3065,0.5425,810.8750308107019,0.305,0.5195
fondeada,select_flex,2.0,600,5,600.0,,250.0,,250.0,-1.0,860.7093414681063,0.2885,0.526,832.565824092631,0.27,0.488
fondeada,select_flex,2.0,600,5,1200.0,,249.8795,,250.0,-1.0,885.9577741775792,0.2675,0.5015,888.5262629878606,0.2445,0.477
fondeada,select_flex,2.0,600,5,1000000000.0,,249.765,,250.0,-1.0,905.1509315120902,0.2675,0.511,835.012682454958,0.241,0.4525
fondeada,select_flex,2.0,900,1,300.0,,250.0,,250.0,-1.0,938.6573992123197,0.228,0.482,948.0610372396314,0.246,0.4915
fondeada,select_flex,2.0,900,1,600.0,,250.0,,250.0,-1.0,938.6573992123197,0.228,0.482,948.0610372396314,0.246,0.4915
fondeada,select_flex,2.0,900,1,1200.0,,250.0,,250.0,-1.0,938.6573992123197,0.228,0.482,948.0610372396314,0.246,0.4915
fondeada,select_flex,2.0,900,1,1000000000.0,,250.0,,250.0,-1.0,938.6573992123197,0.228,0.482,948.0610372396314,0.246,0.4915
fondeada,select_flex,2.0,900,2,300.0,,249.756,,250.0,-1.0,956.0736697148659,0.2185,0.4875,970.8103596732858,0.236,0.492
fondeada,select_flex,2.0,900,2,600.0,,249.756,,250.0,-1.0,964.1414898060804,0.211,0.4815,934.223207954561,0.227,0.468
fondeada,select_flex,2.0,900,2,1200.0,,249.756,,250.0,-1.0,953.0858005358058,0.208,0.471,903.0996722995741,0.219,0.446
fondeada,select_flex,2.0,900,2,1000000000.0,,249.8765,,250.0,-1.0,1120.4540220499168,0.2145,0.546,1078.4429781026254,0.224,0.529
fondeada,select_flex,2.0,900,3,300.0,,249.8765,,250.0,-1.0,917.9944134886651,0.1985,0.453,886.9058405485638,0.217,0.4405
fondeada,select_flex,2.0,900,3,600.0,,249.8765,,250.0,-1.0,983.5741314277095,0.198,0.4785,842.3092859517911,0.204,0.412
fondeada,select_flex,2.0,900,3,1200.0,,249.8765,,250.0,-1.0,957.3809274989791,0.18,0.455,765.5304459671182,0.177,0.3665
fondeada,select_flex,2.0,900,3,1000000000.0,,249.633,,250.0,-1.0,1094.271447845444,0.1825,0.516,908.4868037438667,0.172,0.4215
fondeada,select_flex,2.0,900,5,300.0,,249.8765,,250.0,-1.0,941.4210127805597,0.2005,0.4635,920.4521267705542,0.2155,0.4505
fondeada,select_flex,2.0,900,5,600.0,,249.8765,,250.0,-1.0,951.8472862202798,0.1985,0.463,888.2604789229948,0.2045,0.4295
fondeada,select_flex,2.0,900,5,1200.0,,249.8765,,250.0,-1.0,978.9650645856254,0.184,0.463,834.1713212997198,0.1825,0.393
fondeada,select_flex,2.0,900,5,1000000000.0,,249.633,,250.0,-1.0,1085.109710507215,0.184,0.512,1000.8803476336797,0.172,0.4635
examen,growth,3.0,150,1,300.0,0.036,48.0,0.05733333333333333,45.0,,,,,,,
examen,growth,3.0,150,1,600.0,0.036,48.0,0.05733333333333333,45.0,,,,,,,
examen,growth,3.0,150,1,1200.0,0.036,48.0,0.05733333333333333,45.0,,,,,,,
examen,growth,3.0,150,1,1000000000.0,0.036,48.0,0.05733333333333333,45.0,,,,,,,
examen,growth,3.0,150,2,300.0,0.08066666666666666,44.0,0.10833333333333334,44.0,,,,,,,
examen,growth,3.0,150,2,600.0,0.1,43.0,0.09866666666666667,40.0,,,,,,,
examen,growth,3.0,150,2,1200.0,0.1,43.0,0.09866666666666667,40.0,,,,,,,
examen,growth,3.0,150,2,1000000000.0,0.1,43.0,0.09866666666666667,40.0,,,,,,,
examen,growth,3.0,150,3,300.0,0.10733333333333334,43.0,0.11766666666666667,40.0,,,,,,,
examen,growth,3.0,150,3,600.0,0.123,42.0,0.10633333333333334,39.0,,,,,,,
examen,growth,3.0,150,3,1200.0,0.12633333333333333,41.0,0.10233333333333333,39.0,,,,,,,
examen,growth,3.0,150,3,1000000000.0,0.12633333333333333,41.0,0.10233333333333333,39.0,,,,,,,
examen,growth,3.0,150,5,300.0,0.10566666666666667,43.0,0.119,39.0,,,,,,,
examen,growth,3.0,150,5,600.0,0.123,42.0,0.11566666666666667,38.0,,,,,,,
examen,growth,3.0,150,5,1200.0,0.12666666666666668,42.0,0.10966666666666666,38.0,,,,,,,
examen,growth,3.0,150,5,1000000000.0,0.12666666666666668,42.0,0.10966666666666666,38.0,,,,,,,
examen,growth,3.0,250,1,300.0,0.21266666666666667,30.0,0.246,30.0,,,,,,,
examen,growth,3.0,250,1,600.0,0.21266666666666667,30.0,0.246,30.0,,,,,,,
examen,growth,3.0,250,1,1200.0,0.21266666666666667,30.0,0.246,30.0,,,,,,,
examen,growth,3.0,250,1,1000000000.0,0.21266666666666667,30.0,0.246,30.0,,,,,,,
examen,growth,3.0,250,2,300.0,0.2663333333333333,25.0,0.26566666666666666,23.0,,,,,,,
examen,growth,3.0,250,2,600.0,0.25666666666666665,25.0,0.2643333333333333,23.0,,,,,,,
examen,growth,3.0,250,2,1200.0,0.277,24.0,0.2733333333333333,22.0,,,,,,,
examen,growth,3.0,250,2,1000000000.0,0.277,24.0,0.2733333333333333,22.0,,,,,,,
examen,growth,3.0,250,3,300.0,0.26866666666666666,24.0,0.22733333333333333,20.0,,,,,,,
examen,growth,3.0,250,3,600.0,0.26566666666666666,23.0,0.23633333333333334,18.0,,,,,,,
examen,growth,3.0,250,3,1200.0,0.2856666666666667,22.0,0.24133333333333334,18.0,,,,,,,
examen,growth,3.0,250,3,1000000000.0,0.2846666666666667,22.0,0.239,18.0,,,,,,,
examen,growth,3.0,250,5,300.0,0.2633333333333333,24.0,0.23,18.0,,,,,,,
examen,growth,3.0,250,5,600.0,0.26366666666666666,23.0,0.234,17.0,,,,,,,
examen,growth,3.0,250,5,1200.0,0.282,21.0,0.24466666666666667,16.0,,,,,,,
examen,growth,3.0,250,5,1000000000.0,0.2813333333333333,21.0,0.24266666666666667,17.0,,,,,,,
examen,growth,3.0,400,1,300.0,0.27466666666666667,13.0,0.2936666666666667,13.0,,,,,,,
examen,growth,3.0,400,1,600.0,0.27466666666666667,13.0,0.2936666666666667,13.0,,,,,,,
examen,growth,3.0,400,1,1200.0,0.27466666666666667,13.0,0.2936666666666667,13.0,,,,,,,
examen,growth,3.0,400,1,1000000000.0,0.27466666666666667,13.0,0.2936666666666667,13.0,,,,,,,
examen,growth,3.0,400,2,300.0,0.2796666666666667,10.0,0.2776666666666667,9.0,,,,,,,
examen,growth,3.0,400,2,600.0,0.2723333333333333,10.0,0.26966666666666667,9.0,,,,,,,
examen,growth,3.0,400,2,1200.0,0.288,9.0,0.281,8.0,,,,,,,
examen,growth,3.0,400,2,1000000000.0,0.288,9.0,0.281,8.0,,,,,,,
examen,growth,3.0,400,3,300.0,0.2826666666666667,10.0,0.25533333333333336,8.0,,,,,,,
examen,growth,3.0,400,3,600.0,0.2743333333333333,10.0,0.23933333333333334,8.0,,,,,,,
examen,growth,3.0,400,3,1200.0,0.28933333333333333,9.0,0.26166666666666666,7.0,,,,,,,
examen,growth,3.0,400,3,1000000000.0,0.2906666666666667,9.0,0.255,7.0,,,,,,,
examen,growth,3.0,400,5,300.0,0.27566666666666667,9.0,0.25233333333333335,8.0,,,,,,,
examen,growth,3.0,400,5,600.0,0.26666666666666666,10.0,0.23666666666666666,8.0,,,,,,,
examen,growth,3.0,400,5,1200.0,0.2853333333333333,9.0,0.2643333333333333,7.0,,,,,,,
examen,growth,3.0,400,5,1000000000.0,0.287,9.0,0.2613333333333333,7.0,,,,,,,
examen,growth,3.0,600,1,300.0,0.2763333333333333,6.0,0.2956666666666667,5.0,,,,,,,
examen,growth,3.0,600,1,600.0,0.2763333333333333,6.0,0.2956666666666667,5.0,,,,,,,
examen,growth,3.0,600,1,1200.0,0.2763333333333333,6.0,0.2956666666666667,5.0,,,,,,,
examen,growth,3.0,600,1,1000000000.0,0.2763333333333333,6.0,0.2956666666666667,5.0,,,,,,,
examen,growth,3.0,600,2,300.0,0.2743333333333333,5.0,0.2906666666666667,4.0,,,,,,,
examen,growth,3.0,600,2,600.0,0.27,5.0,0.2856666666666667,4.0,,,,,,,
examen,growth,3.0,600,2,1200.0,0.2633333333333333,5.0,0.27066666666666667,4.0,,,,,,,
examen,growth,3.0,600,2,1000000000.0,0.2723333333333333,4.0,0.2806666666666667,4.0,,,,,,,
examen,growth,3.0,600,3,300.0,0.2723333333333333,5.0,0.2836666666666667,4.0,,,,,,,
examen,growth,3.0,600,3,600.0,0.26166666666666666,5.0,0.27666666666666667,4.0,,,,,,,
examen,growth,3.0,600,3,1200.0,0.25133333333333335,5.0,0.26366666666666666,4.0,,,,,,,
examen,growth,3.0,600,3,1000000000.0,0.268,4.0,0.25866666666666666,4.0,,,,,,,
examen,growth,3.0,600,5,300.0,0.27066666666666667,5.0,0.285,4.0,,,,,,,
examen,growth,3.0,600,5,600.0,0.25933333333333336,5.0,0.2776666666666667,4.0,,,,,,,
examen,growth,3.0,600,5,1200.0,0.252,5.0,0.26566666666666666,4.0,,,,,,,
examen,growth,3.0,600,5,1000000000.0,0.269,4.0,0.2663333333333333,4.0,,,,,,,
examen,growth,3.0,900,1,300.0,0.271,3.0,0.2806666666666667,3.0,,,,,,,
examen,growth,3.0,900,1,600.0,0.271,3.0,0.2806666666666667,3.0,,,,,,,
examen,growth,3.0,900,1,1200.0,0.271,3.0,0.2806666666666667,3.0,,,,,,,
examen,growth,3.0,900,1,1000000000.0,0.271,3.0,0.2806666666666667,3.0,,,,,,,
examen,growth,3.0,900,2,300.0,0.2643333333333333,3.0,0.2743333333333333,3.0,,,,,,,
examen,growth,3.0,900,2,600.0,0.25633333333333336,3.0,0.2643333333333333,3.0,,,,,,,
examen,growth,3.0,900,2,1200.0,0.24733333333333332,3.0,0.249,3.0,,,,,,,
examen,growth,3.0,900,2,1000000000.0,0.255,3.0,0.24566666666666667,3.0,,,,,,,
examen,growth,3.0,900,3,300.0,0.267,3.0,0.274,3.0,,,,,,,
examen,growth,3.0,900,3,600.0,0.25966666666666666,3.0,0.265,3.0,,,,,,,
examen,growth,3.0,900,3,1200.0,0.25166666666666665,3.0,0.24533333333333332,3.0,,,,,,,
examen,growth,3.0,900,3,1000000000.0,0.25333333333333335,3.0,0.24033333333333334,3.0,,,,,,,
examen,growth,3.0,900,5,300.0,0.2663333333333333,3.0,0.27466666666666667,3.0,,,,,,,
examen,growth,3.0,900,5,600.0,0.25933333333333336,3.0,0.2653333333333333,3.0,,,,,,,
examen,growth,3.0,900,5,1200.0,0.251,3.0,0.24233333333333335,3.0,,,,,,,
examen,growth,3.0,900,5,1000000000.0,0.25466666666666665,3.0,0.237,3.0,,,,,,,
examen,growth,3.0,1250,1,300.0,0.335,1.0,0.3416666666666667,1.0,,,,,,,
examen,growth,3.0,1250,1,600.0,0.335,1.0,0.3416666666666667,1.0,,,,,,,
examen,growth,3.0,1250,1,1200.0,0.335,1.0,0.3416666666666667,1.0,,,,,,,
examen,growth,3.0,1250,1,1000000000.0,0.335,1.0,0.3416666666666667,1.0,,,,,,,
examen,growth,3.0,1250,2,300.0,0.3333333333333333,1.0,0.342,1.0,,,,,,,
examen,growth,3.0,1250,2,600.0,0.332,1.0,0.3413333333333333,1.0,,,,,,,
examen,growth,3.0,1250,2,1200.0,0.33166666666666667,1.0,0.3396666666666667,1.0,,,,,,,
examen,growth,3.0,1250,2,1000000000.0,0.287,1.0,0.265,1.0,,,,,,,
examen,growth,3.0,1250,3,300.0,0.33566666666666667,1.0,0.3413333333333333,1.0,,,,,,,
examen,growth,3.0,1250,3,600.0,0.33466666666666667,1.0,0.3406666666666667,1.0,,,,,,,
examen,growth,3.0,1250,3,1200.0,0.3333333333333333,1.0,0.339,1.0,,,,,,,
examen,growth,3.0,1250,3,1000000000.0,0.28633333333333333,1.0,0.26066666666666666,1.0,,,,,,,
examen,growth,3.0,1250,5,300.0,0.3353333333333333,1.0,0.3416666666666667,1.0,,,,,,,
examen,growth,3.0,1250,5,600.0,0.3343333333333333,1.0,0.3406666666666667,1.0,,,,,,,
examen,growth,3.0,1250,5,1200.0,0.3333333333333333,1.0,0.3383333333333333,1.0,,,,,,,
examen,growth,3.0,1250,5,1000000000.0,0.2866666666666667,1.0,0.25666666666666665,1.0,,,,,,,
examen,select,3.0,150,1,300.0,0.036,48.0,0.05733333333333333,45.0,,,,,,,
examen,select,3.0,150,1,600.0,0.036,48.0,0.05733333333333333,45.0,,,,,,,
examen,select,3.0,150,1,1200.0,0.036,48.0,0.05733333333333333,45.0,,,,,,,
examen,select,3.0,150,1,1000000000.0,0.036,48.0,0.05733333333333333,45.0,,,,,,,
examen,select,3.0,150,2,300.0,0.08066666666666666,44.0,0.10833333333333334,44.0,,,,,,,
examen,select,3.0,150,2,600.0,0.1,43.0,0.09866666666666667,40.0,,,,,,,
examen,select,3.0,150,2,1200.0,0.1,43.0,0.09866666666666667,40.0,,,,,,,
examen,select,3.0,150,2,1000000000.0,0.1,43.0,0.09866666666666667,40.0,,,,,,,
examen,select,3.0,150,3,300.0,0.10733333333333334,43.0,0.11766666666666667,40.0,,,,,,,
examen,select,3.0,150,3,600.0,0.123,42.0,0.10633333333333334,39.0,,,,,,,
examen,select,3.0,150,3,1200.0,0.12633333333333333,41.0,0.10233333333333333,39.0,,,,,,,
examen,select,3.0,150,3,1000000000.0,0.12633333333333333,41.0,0.10233333333333333,39.0,,,,,,,
examen,select,3.0,150,5,300.0,0.10566666666666667,43.0,0.119,39.0,,,,,,,
examen,select,3.0,150,5,600.0,0.123,42.0,0.11566666666666667,38.0,,,,,,,
examen,select,3.0,150,5,1200.0,0.12666666666666668,42.0,0.10966666666666666,38.0,,,,,,,
examen,select,3.0,150,5,1000000000.0,0.12666666666666668,42.0,0.10966666666666666,38.0,,,,,,,
examen,select,3.0,250,1,300.0,0.21266666666666667,30.0,0.246,30.0,,,,,,,
examen,select,3.0,250,1,600.0,0.21266666666666667,30.0,0.246,30.0,,,,,,,
examen,select,3.0,250,1,1200.0,0.21266666666666667,30.0,0.246,30.0,,,,,,,
examen,select,3.0,250,1,1000000000.0,0.21266666666666667,30.0,0.246,30.0,,,,,,,
examen,select,3.0,250,2,300.0,0.2663333333333333,25.0,0.26566666666666666,23.0,,,,,,,
examen,select,3.0,250,2,600.0,0.25666666666666665,25.0,0.2673333333333333,22.0,,,,,,,
examen,select,3.0,250,2,1200.0,0.2733333333333333,24.0,0.2723333333333333,23.0,,,,,,,
examen,select,3.0,250,2,1000000000.0,0.2733333333333333,24.0,0.2723333333333333,23.0,,,,,,,
examen,select,3.0,250,3,300.0,0.26866666666666666,24.0,0.22733333333333333,20.0,,,,,,,
examen,select,3.0,250,3,600.0,0.26566666666666666,23.0,0.238,18.0,,,,,,,
examen,select,3.0,250,3,1200.0,0.277,23.0,0.243,18.0,,,,,,,
examen,select,3.0,250,3,1000000000.0,0.277,23.0,0.243,18.0,,,,,,,
examen,select,3.0,250,5,300.0,0.2633333333333333,24.0,0.23,18.0,,,,,,,
examen,select,3.0,250,5,600.0,0.264,23.0,0.237,17.0,,,,,,,
examen,select,3.0,250,5,1200.0,0.2723333333333333,22.0,0.24733333333333332,17.0,,,,,,,
examen,select,3.0,250,5,1000000000.0,0.2723333333333333,22.0,0.24733333333333332,17.0,,,,,,,
examen,select,3.0,400,1,300.0,0.27466666666666667,13.0,0.2936666666666667,13.0,,,,,,,
examen,select,3.0,400,1,600.0,0.27466666666666667,13.0,0.2936666666666667,13.0,,,,,,,
examen,select,3.0,400,1,1200.0,0.27466666666666667,13.0,0.2936666666666667,13.0,,,,,,,
examen,select,3.0,400,1,1000000000.0,0.27466666666666667,13.0,0.2936666666666667,13.0,,,,,,,
examen,select,3.0,400,2,300.0,0.2796666666666667,10.0,0.2776666666666667,9.0,,,,,,,
examen,select,3.0,400,2,600.0,0.2723333333333333,10.0,0.26966666666666667,9.0,,,,,,,
examen,select,3.0,400,2,1200.0,0.23733333333333334,13.0,0.22966666666666666,12.0,,,,,,,
examen,select,3.0,400,2,1000000000.0,0.23733333333333334,13.0,0.22966666666666666,12.0,,,,,,,
examen,select,3.0,400,3,300.0,0.2826666666666667,10.0,0.25566666666666665,8.0,,,,,,,
examen,select,3.0,400,3,600.0,0.2733333333333333,10.0,0.23833333333333334,8.0,,,,,,,
examen,select,3.0,400,3,1200.0,0.22666666666666666,13.0,0.19866666666666666,10.0,,,,,,,
examen,select,3.0,400,3,1000000000.0,0.22666666666666666,13.0,0.19866666666666666,10.0,,,,,,,
examen,select,3.0,400,5,300.0,0.2796666666666667,9.0,0.25766666666666665,8.0,,,,,,,
examen,select,3.0,400,5,600.0,0.26866666666666666,10.0,0.242,8.0,,,,,,,
examen,select,3.0,400,5,1200.0,0.227,12.0,0.206,9.0,,,,,,,
examen,select,3.0,400,5,1000000000.0,0.227,12.0,0.206,9.0,,,,,,,
examen,select,3.0,600,1,300.0,0.21133333333333335,9.0,0.23,8.0,,,,,,,
examen,select,3.0,600,1,600.0,0.21133333333333335,9.0,0.23,8.0,,,,,,,
examen,select,3.0,600,1,1200.0,0.21133333333333335,9.0,0.23,8.0,,,,,,,
examen,select,3.0,600,1,1000000000.0,0.21133333333333335,9.0,0.23,8.0,,,,,,,
examen,select,3.0,600,2,300.0,0.21666666666666667,7.0,0.23566666666666666,6.0,,,,,,,
examen,select,3.0,600,2,600.0,0.216,7.0,0.23533333333333334,6.0,,,,,,,
examen,select,3.0,600,2,1200.0,0.21533333333333332,7.0,0.23133333333333334,6.0,,,,,,,
examen,select,3.0,600,2,1000000000.0,0.21533333333333332,7.0,0.23133333333333334,6.0,,,,,,,
examen,select,3.0,600,3,300.0,0.21933333333333332,6.0,0.21366666666666667,5.0,,,,,,,
examen,select,3.0,600,3,600.0,0.21933333333333332,6.0,0.21133333333333335,5.0,,,,,,,
examen,select,3.0,600,3,1200.0,0.20866666666666667,7.0,0.19766666666666666,5.0,,,,,,,
examen,select,3.0,600,3,1000000000.0,0.20866666666666667,7.0,0.19766666666666666,5.0,,,,,,,
examen,select,3.0,600,5,300.0,0.22033333333333333,6.0,0.21966666666666668,5.0,,,,,,,
examen,select,3.0,600,5,600.0,0.21833333333333332,6.0,0.215,5.0,,,,,,,
examen,select,3.0,600,5,1200.0,0.20666666666666667,7.0,0.20333333333333334,5.0,,,,,,,
examen,select,3.0,600,5,1000000000.0,0.20666666666666667,7.0,0.20333333333333334,5.0,,,,,,,
examen,select,3.0,900,1,300.0,0.16333333333333333,7.0,0.17333333333333334,7.0,,,,,,,
examen,select,3.0,900,1,600.0,0.16333333333333333,7.0,0.17333333333333334,7.0,,,,,,,
examen,select,3.0,900,1,1200.0,0.16333333333333333,7.0,0.17333333333333334,7.0,,,,,,,
examen,select,3.0,900,1,1000000000.0,0.16333333333333333,7.0,0.17333333333333334,7.0,,,,,,,
examen,select,3.0,900,2,300.0,0.16466666666666666,6.0,0.173,5.0,,,,,,,
examen,select,3.0,900,2,600.0,0.16433333333333333,6.0,0.173,5.0,,,,,,,
examen,select,3.0,900,2,1200.0,0.16366666666666665,6.0,0.17133333333333334,5.0,,,,,,,
examen,select,3.0,900,2,1000000000.0,0.16366666666666665,6.0,0.17133333333333334,5.0,,,,,,,
examen,select,3.0,900,3,300.0,0.16966666666666666,6.0,0.16833333333333333,5.0,,,,,,,
examen,select,3.0,900,3,600.0,0.16966666666666666,6.0,0.16766666666666666,5.0,,,,,,,
examen,select,3.0,900,3,1200.0,0.17,6.0,0.16933333333333334,5.0,,,,,,,
examen,select,3.0,900,3,1000000000.0,0.17,6.0,0.16933333333333334,5.0,,,,,,,
examen,select,3.0,900,5,300.0,0.17,6.0,0.16866666666666666,5.0,,,,,,,
examen,select,3.0,900,5,600.0,0.17,6.0,0.16766666666666666,5.0,,,,,,,
examen,select,3.0,900,5,1200.0,0.16766666666666666,6.0,0.165,5.0,,,,,,,
examen,select,3.0,900,5,1000000000.0,0.16766666666666666,6.0,0.165,5.0,,,,,,,
examen,select,3.0,1250,1,300.0,0.124,8.0,0.13566666666666666,7.0,,,,,,,
examen,select,3.0,1250,1,600.0,0.124,8.0,0.13566666666666666,7.0,,,,,,,
examen,select,3.0,1250,1,1200.0,0.124,8.0,0.13566666666666666,7.0,,,,,,,
examen,select,3.0,1250,1,1000000000.0,0.124,8.0,0.13566666666666666,7.0,,,,,,,
examen,select,3.0,1250,2,300.0,0.125,6.0,0.13333333333333333,5.0,,,,,,,
examen,select,3.0,1250,2,600.0,0.125,6.0,0.13133333333333333,5.0,,,,,,,
examen,select,3.0,1250,2,1200.0,0.12433333333333334,6.0,0.12933333333333333,5.0,,,,,,,
examen,select,3.0,1250,2,1000000000.0,0.12433333333333334,6.0,0.12933333333333333,5.0,,,,,,,
examen,select,3.0,1250,3,300.0,0.12666666666666668,6.0,0.13566666666666666,5.0,,,,,,,
examen,select,3.0,1250,3,600.0,0.12733333333333333,6.0,0.13633333333333333,5.0,,,,,,,
examen,select,3.0,1250,3,1200.0,0.129,6.0,0.13233333333333333,5.0,,,,,,,
examen,select,3.0,1250,3,1000000000.0,0.129,6.0,0.13233333333333333,5.0,,,,,,,
examen,select,3.0,1250,5,300.0,0.12666666666666668,6.0,0.13166666666666665,5.0,,,,,,,
examen,select,3.0,1250,5,600.0,0.126,6.0,0.13133333333333333,5.0,,,,,,,
examen,select,3.0,1250,5,1200.0,0.12733333333333333,6.0,0.126,5.0,,,,,,,
examen,select,3.0,1250,5,1000000000.0,0.12733333333333333,6.0,0.126,5.0,,,,,,,
fondeada,growth,3.0,100,1,300.0,,250.0,,250.0,-1.0,78.975,0.053,0.0585,45.9,0.0315,0.034
fondeada,growth,3.0,100,1,300.0,,250.0,,250.0,2500.0,20.925,0.0145,0.0155,8.1,0.0055,0.006
fondeada,growth,3.0,100,1,600.0,,250.0,,250.0,-1.0,78.975,0.053,0.0585,45.9,0.0315,0.034
fondeada,growth,3.0,100,1,600.0,,250.0,,250.0,2500.0,20.925,0.0145,0.0155,8.1,0.0055,0.006
fondeada,growth,3.0,100,1,1200.0,,250.0,,250.0,-1.0,78.975,0.053,0.0585,45.9,0.0315,0.034
fondeada,growth,3.0,100,1,1200.0,,250.0,,250.0,2500.0,20.925,0.0145,0.0155,8.1,0.0055,0.006
fondeada,growth,3.0,100,1,1000000000.0,,250.0,,250.0,-1.0,78.975,0.053,0.0585,45.9,0.0315,0.034
fondeada,growth,3.0,100,1,1000000000.0,,250.0,,250.0,2500.0,20.925,0.0145,0.0155,8.1,0.0055,0.006
fondeada,growth,3.0,100,2,300.0,,249.892,,250.0,-1.0,271.35,0.1665,0.201,71.55,0.047,0.053
fondeada,growth,3.0,100,2,300.0,,249.892,,250.0,2500.0,89.775,0.0595,0.0665,19.575,0.0135,0.0145
fondeada,growth,3.0,100,2,600.0,,249.892,,250.0,-1.0,271.35,0.1665,0.201,71.55,0.047,0.053
fondeada,growth,3.0,100,2,600.0,,249.892,,250.0,2500.0,89.775,0.0595,0.0665,19.575,0.0135,0.0145
fondeada,growth,3.0,100,2,1200.0,,249.892,,250.0,-1.0,271.35,0.1665,0.201,71.55,0.047,0.053
fondeada,growth,3.0,100,2,1200.0,,249.892,,250.0,2500.0,89.775,0.0595,0.0665,19.575,0.0135,0.0145
fondeada,growth,3.0,100,2,1000000000.0,,249.892,,250.0,-1.0,271.35,0.1665,0.201,71.55,0.047,0.053
fondeada,growth,3.0,100,2,1000000000.0,,249.892,,250.0,2500.0,89.775,0.0595,0.0665,19.575,0.0135,0.0145
fondeada,growth,3.0,100,3,300.0,,250.0,,250.0,-1.0,422.55,0.2375,0.313,93.825,0.058,0.0695
fondeada,growth,3.0,100,3,300.0,,250.0,,250.0,2500.0,178.2,0.1075,0.132,34.425,0.023,0.0255
fondeada,growth,3.0,100,3,600.0,,250.0,,250.0,-1.0,429.3,0.242,0.318,85.05,0.0545,0.063
fondeada,growth,3.0,100,3,600.0,,250.0,,250.0,2500.0,191.025,0.117,0.1415,31.725,0.0215,0.0235
fondeada,growth,3.0,100,3,1200.0,,250.0,,250.0,-1.0,429.3,0.242,0.318,85.05,0.0545,0.063
fondeada,growth,3.0,100,3,1200.0,,250.0,,250.0,2500.0,191.025,0.117,0.1415,31.725,0.0215,0.0235
fondeada,growth,3.0,100,3,1000000000.0,,250.0,,250.0,-1.0,429.3,0.242,0.318,85.05,0.0545,0.063
fondeada,growth,3.0,100,3,1000000000.0,,250.0,,250.0,2500.0,191.025,0.117,0.1415,31.725,0.0215,0.0235
fondeada,growth,3.0,100,5,300.0,,250.0,,250.0,-1.0,365.175,0.2055,0.2705,136.35,0.0815,0.101
fondeada,growth,3.0,100,5,300.0,,250.0,,250.0,2500.0,158.625,0.0955,0.1175,51.3,0.033,0.038
fondeada,growth,3.0,100,5,600.0,,250.0,,250.0,-1.0,378.675,0.2145,0.2805,147.15,0.0865,0.109
fondeada,growth,3.0,100,5,600.0,,250.0,,250.0,2500.0,170.1,0.103,0.126,53.325,0.0355,0.0395
fondeada,growth,3.0,100,5,1200.0,,250.0,,250.0,-1.0,378.675,0.2145,0.2805,145.8,0.0855,0.108
fondeada,growth,3.0,100,5,1200.0,,250.0,,250.0,2500.0,170.1,0.103,0.126,52.65,0.035,0.039
fondeada,growth,3.0,100,5,1000000000.0,,250.0,,250.0,-1.0,378.675,0.2145,0.2805,145.8,0.0855,0.108
fondeada,growth,3.0,100,5,1000000000.0,,250.0,,250.0,2500.0,170.1,0.103,0.126,52.65,0.035,0.039
fondeada,growth,3.0,150,1,300.0,,249.842,,249.5855,-1.0,414.27471797986294,0.1955,0.301,711.7348376701434,0.2935,0.5095
fondeada,growth,3.0,150,1,300.0,,250.0,,250.0,2500.0,224.1,0.1115,0.165,460.35,0.2085,0.3375
fondeada,growth,3.0,150,1,600.0,,249.842,,249.5855,-1.0,414.27471797986294,0.1955,0.301,711.7348376701434,0.2935,0.5095
fondeada,growth,3.0,150,1,600.0,,250.0,,250.0,2500.0,224.1,0.1115,0.165,460.35,0.2085,0.3375
fondeada,growth,3.0,150,1,1200.0,,249.842,,249.5855,-1.0,414.27471797986294,0.1955,0.301,711.7348376701434,0.2935,0.5095
fondeada,growth,3.0,150,1,1200.0,,250.0,,250.0,2500.0,224.1,0.1115,0.165,460.35,0.2085,0.3375
fondeada,growth,3.0,150,1,1000000000.0,,249.842,,249.5855,-1.0,414.27471797986294,0.1955,0.301,711.7348376701434,0.2935,0.5095
fondeada,growth,3.0,150,1,1000000000.0,,250.0,,250.0,2500.0,224.1,0.1115,0.165,460.35,0.2085,0.3375
fondeada,growth,3.0,150,2,300.0,,249.2075,,249.8025,-1.0,657.6383991622524,0.2645,0.466,713.9965883001362,0.274,0.498
fondeada,growth,3.0,150,2,300.0,,250.0,,250.0,2500.0,450.225,0.1905,0.329,525.15,0.2075,0.379
fondeada,growth,3.0,150,2,600.0,,249.9745,,249.883,-1.0,671.5800902026765,0.286,0.479,579.7651887753916,0.2455,0.4115
fondeada,growth,3.0,150,2,600.0,,250.0,,250.0,2500.0,477.9,0.2135,0.3485,414.45,0.181,0.2995
fondeada,growth,3.0,150,2,1200.0,,249.9745,,249.883,-1.0,671.5800902026765,0.286,0.479,579.7651887753916,0.2455,0.4115
fondeada,growth,3.0,150,2,1200.0,,250.0,,250.0,2500.0,477.9,0.2135,0.3485,414.45,0.181,0.2995
fondeada,growth,3.0,150,2,1000000000.0,,249.9745,,249.883,-1.0,671.5800902026765,0.286,0.479,579.7651887753916,0.2455,0.4115
fondeada,growth,3.0,150,2,1000000000.0,,250.0,,250.0,2500.0,477.9,0.2135,0.3485,414.45,0.181,0.2995
fondeada,growth,3.0,150,3,300.0,,249.719,,249.854,-1.0,754.550002145265,0.2905,0.532,550.732671434012,0.22,0.3865
fondeada,growth,3.0,150,3,300.0,,250.0,,250.0,2500.0,552.825,0.2175,0.4,402.975,0.158,0.287
fondeada,growth,3.0,150,3,600.0,,249.929,,250.0,-1.0,765.3763653941896,0.3055,0.5415,434.025,0.197,0.308
fondeada,growth,3.0,150,3,600.0,,250.0,,250.0,2500.0,586.575,0.236,0.422,304.425,0.1315,0.217
fondeada,growth,3.0,150,3,1200.0,,249.929,,250.0,-1.0,757.2763653941896,0.31,0.538,421.2,0.1905,0.2985
fondeada,growth,3.0,150,3,1200.0,,250.0,,250.0,2500.0,584.55,0.24,0.4215,287.55,0.125,0.206
fondeada,growth,3.0,150,3,1000000000.0,,249.929,,250.0,-1.0,757.2763653941896,0.31,0.538,421.2,0.1905,0.2985
fondeada,growth,3.0,150,3,1000000000.0,,250.0,,250.0,2500.0,584.55,0.24,0.4215,287.55,0.125,0.206
fondeada,growth,3.0,150,5,300.0,,249.5595,,249.7485,-1.0,647.8835050727711,0.255,0.4595,512.2384759213147,0.203,0.357
fondeada,growth,3.0,150,5,300.0,,250.0,,250.0,2500.0,475.2,0.194,0.346,392.85,0.149,0.277
fondeada,growth,3.0,150,5,600.0,,249.9675,,250.0,-1.0,693.8671628267509,0.2755,0.492,450.9,0.191,0.3145
fondeada,growth,3.0,150,5,600.0,,250.0,,250.0,2500.0,516.375,0.208,0.3705,334.8,0.1375,0.2375
fondeada,growth,3.0,150,5,1200.0,,249.994,,249.981,-1.0,678.361544454404,0.275,0.481,425.89739164758043,0.181,0.298
fondeada,growth,3.0,150,5,1200.0,,250.0,,250.0,2500.0,513.675,0.2105,0.369,313.875,0.1285,0.2235
fondeada,growth,3.0,150,5,1000000000.0,,249.994,,249.981,-1.0,678.361544454404,0.275,0.481,425.89739164758043,0.181,0.298
fondeada,growth,3.0,150,5,1000000000.0,,250.0,,250.0,2500.0,513.675,0.2105,0.369,313.875,0.1285,0.2235
fondeada,growth,3.0,250,1,300.0,,250.0,,250.0,-1.0,704.7,0.2655,0.477,863.325,0.292,0.5695
fondeada,growth,3.0,250,1,300.0,,250.0,,250.0,2500.0,627.75,0.206,0.4215,768.15,0.2305,0.507
fondeada,growth,3.0,250,1,600.0,,250.0,,250.0,-1.0,704.7,0.2655,0.477,863.325,0.292,0.5695
fondeada,growth,3.0,250,1,600.0,,250.0,,250.0,2500.0,627.75,0.206,0.4215,768.15,0.2305,0.507
fondeada,growth,3.0,250,1,1200.0,,250.0,,250.0,-1.0,704.7,0.2655,0.477,863.325,0.292,0.5695
fondeada,growth,3.0,250,1,1200.0,,250.0,,250.0,2500.0,627.75,0.206,0.4215,768.15,0.2305,0.507
fondeada,growth,3.0,250,1,1000000000.0,,250.0,,250.0,-1.0,704.7,0.2655,0.477,863.325,0.292,0.5695
fondeada,growth,3.0,250,1,1000000000.0,,250.0,,250.0,2500.0,627.75,0.206,0.4215,768.15,0.2305,0.507
fondeada,growth,3.0,250,2,300.0,,249.817,,249.806,-1.0,854.5441917967247,0.2905,0.5625,862.5939593434013,0.279,0.559
fondeada,growth,3.0,250,2,300.0,,249.8815,,250.0,2500.0,856.575,0.23,0.5445,847.8,0.214,0.5245
fondeada,growth,3.0,250,2,600.0,,249.8755,,250.0,-1.0,799.8493701641305,0.28,0.5315,822.825,0.276,0.5335
fondeada,growth,3.0,250,2,600.0,,249.8815,,250.0,2500.0,782.325,0.2315,0.51,794.475,0.2235,0.5025
fondeada,growth,3.0,250,2,1200.0,,249.8815,,250.0,-1.0,791.775,0.2755,0.534,711.45,0.254,0.474
fondeada,growth,3.0,250,2,1200.0,,249.8815,,250.0,2500.0,739.125,0.24,0.4965,664.875,0.223,0.4425
fondeada,growth,3.0,250,2,1000000000.0,,249.8815,,250.0,-1.0,791.775,0.2755,0.534,711.45,0.254,0.474
fondeada,growth,3.0,250,2,1000000000.0,,249.8815,,250.0,2500.0,739.125,0.24,0.4965,664.875,0.223,0.4425
fondeada,growth,3.0,250,3,300.0,,249.8585,,250.0,-1.0,898.420590098862,0.2925,0.582,641.25,0.2385,0.4295
fondeada,growth,3.0,250,3,300.0,,249.8985,,250.0,2500.0,915.3,0.237,0.5725,604.8,0.175,0.3815
fondeada,growth,3.0,250,3,600.0,,250.0,,250.0,-1.0,834.975,0.282,0.549,550.125,0.231,0.379
fondeada,growth,3.0,250,3,600.0,,250.0,,250.0,2500.0,795.825,0.2295,0.5145,498.15,0.179,0.3345
fondeada,growth,3.0,250,3,1200.0,,249.889,,250.0,-1.0,820.8,0.277,0.5455,496.8,0.2165,0.346
fondeada,growth,3.0,250,3,1200.0,,249.889,,250.0,2500.0,761.4,0.2415,0.5075,458.325,0.171,0.3115
fondeada,growth,3.0,250,3,1000000000.0,,249.889,,250.0,-1.0,799.2,0.2755,0.5345,490.725,0.216,0.3425
fondeada,growth,3.0,250,3,1000000000.0,,249.889,,250.0,2500.0,735.075,0.239,0.4925,445.5,0.167,0.3025
fondeada,growth,3.0,250,5,300.0,,250.0,,249.893,-1.0,849.825,0.2845,0.551,606.7844303007531,0.2335,0.4105
fondeada,growth,3.0,250,5,300.0,,250.0,,250.0,2500.0,830.25,0.2215,0.5215,600.075,0.172,0.3785
fondeada,growth,3.0,250,5,600.0,,250.0,,250.0,-1.0,818.775,0.286,0.5385,585.9,0.2255,0.3925
fondeada,growth,3.0,250,5,600.0,,250.0,,250.0,2500.0,747.225,0.2295,0.489,540.0,0.1745,0.3535
fondeada,growth,3.0,250,5,1200.0,,249.889,,250.0,-1.0,788.4,0.2735,0.525,524.475,0.213,0.359
fondeada,growth,3.0,250,5,1200.0,,249.889,,250.0,2500.0,728.325,0.2395,0.485,493.425,0.1805,0.332
fondeada,growth,3.0,250,5,1000000000.0,,249.889,,250.0,-1.0,778.275,0.2725,0.5195,498.825,0.211,0.344
fondeada,growth,3.0,250,5,1000000000.0,,249.889,,250.0,2500.0,716.175,0.237,0.4775,468.45,0.1775,0.317
fondeada,growth,3.0,400,1,300.0,,249.89,,250.0,-1.0,772.875,0.261,0.4955,832.275,0.279,0.532
fondeada,growth,3.0,400,1,300.0,,249.89,,250.0,2500.0,691.2,0.2155,0.441,766.125,0.2345,0.486
fondeada,growth,3.0,400,1,600.0,,249.89,,250.0,-1.0,772.875,0.261,0.4955,832.275,0.279,0.532
fondeada,growth,3.0,400,1,600.0,,249.89,,250.0,2500.0,691.2,0.2155,0.441,766.125,0.2345,0.486
fondeada,growth,3.0,400,1,1200.0,,249.89,,250.0,-1.0,772.875,0.261,0.4955,832.275,0.279,0.532
fondeada,growth,3.0,400,1,1200.0,,249.89,,250.0,2500.0,691.2,0.2155,0.441,766.125,0.2345,0.486
fondeada,growth,3.0,400,1,1000000000.0,,249.89,,250.0,-1.0,772.875,0.261,0.4955,832.275,0.279,0.532
fondeada,growth,3.0,400,1,1000000000.0,,249.89,,250.0,2500.0,691.2,0.2155,0.441,766.125,0.2345,0.486
fondeada,growth,3.0,400,2,300.0,,250.0,,250.0,-1.0,888.3,0.27,0.5535,852.525,0.2695,0.5285
fondeada,growth,3.0,400,2,300.0,,250.0,,250.0,2500.0,920.7,0.2305,0.5505,828.9,0.223,0.499
fondeada,growth,3.0,400,2,600.0,,250.0,,250.0,-1.0,874.125,0.266,0.5445,856.575,0.269,0.53
fondeada,growth,3.0,400,2,600.0,,250.0,,250.0,2500.0,905.85,0.2285,0.542,832.275,0.2225,0.5
fondeada,growth,3.0,400,2,1200.0,,250.0,,250.0,-1.0,716.85,0.2255,0.4655,537.975,0.207,0.3635
fondeada,growth,3.0,400,2,1200.0,,250.0,,250.0,2500.0,683.775,0.202,0.4425,508.275,0.184,0.3415
fondeada,growth,3.0,400,2,1000000000.0,,250.0,,250.0,-1.0,716.85,0.2255,0.4655,537.975,0.207,0.3635
fondeada,growth,3.0,400,2,1000000000.0,,250.0,,250.0,2500.0,683.775,0.202,0.4425,508.275,0.184,0.3415
fondeada,growth,3.0,400,3,300.0,,249.877,,250.0,-1.0,938.925,0.275,0.5725,638.55,0.2475,0.418
fondeada,growth,3.0,400,3,300.0,,249.877,,250.0,2500.0,916.65,0.2305,0.5445,597.375,0.1965,0.376
fondeada,growth,3.0,400,3,600.0,,249.7655,,250.0,-1.0,940.95,0.2725,0.574,630.45,0.241,0.41
fondeada,growth,3.0,400,3,600.0,,249.7655,,250.0,2500.0,912.6,0.23,0.5415,566.325,0.1955,0.361
fondeada,growth,3.0,400,3,1200.0,,249.877,,250.0,-1.0,681.075,0.205,0.4385,379.35,0.165,0.262
fondeada,growth,3.0,400,3,1200.0,,249.877,,250.0,2500.0,665.55,0.191,0.4265,361.8,0.1505,0.248
fondeada,growth,3.0,400,3,1000000000.0,,249.877,,250.0,-1.0,654.075,0.203,0.425,368.55,0.165,0.2545
fondeada,growth,3.0,400,3,1000000000.0,,249.877,,250.0,2500.0,633.15,0.189,0.4105,348.975,0.15,0.2395
fondeada,growth,3.0,400,5,300.0,,249.877,,250.0,-1.0,888.3,0.268,0.5465,598.725,0.242,0.398
fondeada,growth,3.0,400,5,300.0,,249.877,,250.0,2500.0,855.9,0.223,0.5115,559.575,0.1965,0.3595
fondeada,growth,3.0,400,5,600.0,,249.877,,250.0,-1.0,837.675,0.262,0.521,567.0,0.231,0.376
fondeada,growth,3.0,400,5,600.0,,249.877,,250.0,2500.0,814.05,0.2205,0.492,516.375,0.1935,0.339
fondeada,growth,3.0,400,5,1200.0,,249.877,,250.0,-1.0,662.175,0.2075,0.427,418.5,0.168,0.284
fondeada,growth,3.0,400,5,1200.0,,249.877,,250.0,2500.0,645.975,0.1935,0.4145,405.675,0.1575,0.275
fondeada,growth,3.0,400,5,1000000000.0,,249.877,,250.0,-1.0,627.075,0.204,0.412,382.05,0.1675,0.2635
fondeada,growth,3.0,400,5,1000000000.0,,249.877,,250.0,2500.0,609.525,0.1905,0.3995,369.9,0.1565,0.2545
fondeada,growth,3.0,600,1,300.0,,250.0,,250.0,-1.0,625.725,0.1865,0.392,807.975,0.2035,0.4855
fondeada,growth,3.0,600,1,300.0,,250.0,,250.0,2500.0,625.725,0.1865,0.392,807.975,0.2035,0.4855
fondeada,growth,3.0,600,1,600.0,,250.0,,250.0,-1.0,625.725,0.1865,0.392,807.975,0.2035,0.4855
fondeada,growth,3.0,600,1,600.0,,250.0,,250.0,2500.0,625.725,0.1865,0.392,807.975,0.2035,0.4855
fondeada,growth,3.0,600,1,1200.0,,250.0,,250.0,-1.0,625.725,0.1865,0.392,807.975,0.2035,0.4855
fondeada,growth,3.0,600,1,1200.0,,250.0,,250.0,2500.0,625.725,0.1865,0.392,807.975,0.2035,0.4855
fondeada,growth,3.0,600,1,1000000000.0,,250.0,,250.0,-1.0,625.725,0.1865,0.392,807.975,0.2035,0.4855
fondeada,growth,3.0,600,1,1000000000.0,,250.0,,250.0,2500.0,625.725,0.1865,0.392,807.975,0.2035,0.4855
fondeada,growth,3.0,600,2,300.0,,249.882,,250.0,-1.0,759.375,0.1905,0.453,764.775,0.203,0.4505
fondeada,growth,3.0,600,2,300.0,,249.882,,250.0,2500.0,759.375,0.1905,0.453,764.1,0.2025,0.45
fondeada,growth,3.0,600,2,600.0,,249.882,,250.0,-1.0,756.0,0.19,0.451,763.425,0.203,0.45
fondeada,growth,3.0,600,2,600.0,,249.882,,250.0,2500.0,756.0,0.19,0.451,762.75,0.2025,0.4495
fondeada,growth,3.0,600,2,1200.0,,249.882,,250.0,-1.0,761.4,0.1885,0.451,740.475,0.1985,0.4385
fondeada,growth,3.0,600,2,1200.0,,249.882,,250.0,2500.0,761.4,0.1885,0.451,739.8,0.198,0.438
fondeada,growth,3.0,600,2,1000000000.0,,250.0,,250.0,-1.0,520.425,0.162,0.3385,454.275,0.158,0.2995
fondeada,growth,3.0,600,2,1000000000.0,,250.0,,250.0,2500.0,525.15,0.1605,0.3405,446.85,0.154,0.294
fondeada,growth,3.0,600,3,300.0,,249.882,,250.0,-1.0,818.1,0.1925,0.477,605.475,0.1925,0.375
fondeada,growth,3.0,600,3,300.0,,249.882,,250.0,2500.0,818.1,0.1925,0.477,604.8,0.192,0.3745
fondeada,growth,3.0,600,3,600.0,,249.882,,250.0,-1.0,797.175,0.191,0.467,595.35,0.1895,0.3685
fondeada,growth,3.0,600,3,600.0,,249.882,,250.0,2500.0,797.175,0.191,0.467,594.0,0.1885,0.3675
fondeada,growth,3.0,600,3,1200.0,,250.0,,250.0,-1.0,726.3,0.18,0.4365,535.95,0.173,0.334
fondeada,growth,3.0,600,3,1200.0,,250.0,,250.0,2500.0,726.3,0.18,0.4365,535.275,0.1725,0.3335
fondeada,growth,3.0,600,3,1000000000.0,,250.0,,250.0,-1.0,507.6,0.1495,0.327,315.225,0.1295,0.213
fondeada,growth,3.0,600,3,1000000000.0,,250.0,,250.0,2500.0,505.575,0.1485,0.3255,314.55,0.129,0.2125
fondeada,growth,3.0,600,5,300.0,,249.882,,250.0,-1.0,778.95,0.1895,0.4595,630.45,0.1925,0.386
fondeada,growth,3.0,600,5,300.0,,249.882,,250.0,2500.0,778.95,0.1895,0.4595,629.775,0.192,0.3855
fondeada,growth,3.0,600,5,600.0,,249.882,,250.0,-1.0,735.075,0.1865,0.438,618.3,0.189,0.3795
fondeada,growth,3.0,600,5,600.0,,249.882,,250.0,2500.0,735.075,0.1865,0.438,617.625,0.1885,0.379
fondeada,growth,3.0,600,5,1200.0,,250.0,,250.0,-1.0,666.225,0.1755,0.405,517.725,0.1745,0.3265
fondeada,growth,3.0,600,5,1200.0,,250.0,,250.0,2500.0,666.225,0.1755,0.405,517.725,0.1745,0.3265
fondeada,growth,3.0,600,5,1000000000.0,,250.0,,250.0,-1.0,507.6,0.154,0.329,346.275,0.1325,0.231
fondeada,growth,3.0,600,5,1000000000.0,,250.0,,250.0,2500.0,505.575,0.153,0.3275,346.275,0.1325,0.231
fondeada,growth,3.0,900,1,300.0,,250.0,,250.0,-1.0,508.275,0.144,0.3165,670.95,0.15,0.394
fondeada,growth,3.0,900,1,300.0,,250.0,,250.0,2500.0,508.275,0.144,0.3165,670.95,0.15,0.394
fondeada,growth,3.0,900,1,600.0,,250.0,,250.0,-1.0,508.275,0.144,0.3165,670.95,0.15,0.394
fondeada,growth,3.0,900,1,600.0,,250.0,,250.0,2500.0,508.275,0.144,0.3165,670.95,0.15,0.394
fondeada,growth,3.0,900,1,1200.0,,250.0,,250.0,-1.0,508.275,0.144,0.3165,670.95,0.15,0.394
fondeada,growth,3.0,900,1,1200.0,,250.0,,250.0,2500.0,508.275,0.144,0.3165,670.95,0.15,0.394
fondeada,growth,3.0,900,1,1000000000.0,,250.0,,250.0,-1.0,508.275,0.144,0.3165,670.95,0.15,0.394
fondeada,growth,3.0,900,1,1000000000.0,,250.0,,250.0,2500.0,508.275,0.144,0.3165,670.95,0.15,0.394
fondeada,growth,3.0,900,2,300.0,,249.8765,,250.0,-1.0,619.65,0.1495,0.3645,598.05,0.14,0.3455
fondeada,growth,3.0,900,2,300.0,,249.8765,,250.0,2500.0,619.65,0.1495,0.3645,598.05,0.14,0.3455
fondeada,growth,3.0,900,2,600.0,,249.8765,,250.0,-1.0,623.025,0.15,0.3665,608.175,0.1415,0.3505
fondeada,growth,3.0,900,2,600.0,,249.8765,,250.0,2500.0,623.025,0.15,0.3665,608.175,0.1415,0.3505
fondeada,growth,3.0,900,2,1200.0,,249.8765,,250.0,-1.0,614.925,0.1495,0.363,623.025,0.1415,0.3575
fondeada,growth,3.0,900,2,1200.0,,249.8765,,250.0,2500.0,614.925,0.1495,0.363,623.025,0.1415,0.3575
fondeada,growth,3.0,900,2,1000000000.0,,249.8765,,250.0,-1.0,407.7,0.122,0.264,370.575,0.108,0.235
fondeada,growth,3.0,900,2,1000000000.0,,249.8765,,250.0,2500.0,407.7,0.122,0.264,370.575,0.108,0.235
fondeada,growth,3.0,900,3,300.0,,249.8765,,250.0,-1.0,685.8,0.148,0.3925,498.825,0.1405,0.3005
fondeada,growth,3.0,900,3,300.0,,249.8765,,250.0,2500.0,685.8,0.148,0.3925,498.825,0.1405,0.3005
fondeada,growth,3.0,900,3,600.0,,249.8765,,250.0,-1.0,696.6,0.15,0.399,506.925,0.14,0.304
fondeada,growth,3.0,900,3,600.0,,249.8765,,250.0,2500.0,696.6,0.15,0.399,506.925,0.14,0.304
fondeada,growth,3.0,900,3,1200.0,,249.8765,,250.0,-1.0,700.65,0.1505,0.4,509.625,0.139,0.3045
fondeada,growth,3.0,900,3,1200.0,,249.8765,,250.0,2500.0,700.65,0.1505,0.4,509.625,0.139,0.3045
fondeada,growth,3.0,900,3,1000000000.0,,249.8765,,250.0,-1.0,393.525,0.117,0.254,244.35,0.094,0.1625
fondeada,growth,3.0,900,3,1000000000.0,,249.8765,,250.0,2500.0,393.525,0.117,0.254,244.35,0.094,0.1625
fondeada,growth,3.0,900,5,300.0,,249.8765,,250.0,-1.0,704.7,0.153,0.402,544.05,0.141,0.3165
fondeada,growth,3.0,900,5,300.0,,249.8765,,250.0,2500.0,704.7,0.153,0.402,544.05,0.141,0.3165
fondeada,growth,3.0,900,5,600.0,,249.8765,,250.0,-1.0,697.95,0.154,0.401,543.375,0.138,0.3145
fondeada,growth,3.0,900,5,600.0,,249.8765,,250.0,2500.0,697.95,0.154,0.401,543.375,0.138,0.3145
fondeada,growth,3.0,900,5,1200.0,,249.8765,,250.0,-1.0,670.95,0.1535,0.388,491.4,0.132,0.291
fondeada,growth,3.0,900,5,1200.0,,249.8765,,250.0,2500.0,670.95,0.1535,0.388,491.4,0.132,0.291
fondeada,growth,3.0,900,5,1000000000.0,,249.8765,,250.0,-1.0,412.425,0.1155,0.2605,284.85,0.097,0.184
fondeada,growth,3.0,900,5,1000000000.0,,249.8765,,250.0,2500.0,412.425,0.1155,0.2605,284.85,0.097,0.184
fondeada,select_flex,3.0,100,1,300.0,,250.0,,250.0,-1.0,659.0516761281108,0.6885,2.0755,485.38055198145986,0.587,1.542
fondeada,select_flex,3.0,100,1,600.0,,250.0,,250.0,-1.0,659.0516761281108,0.6885,2.0755,485.38055198145986,0.587,1.542
fondeada,select_flex,3.0,100,1,1200.0,,250.0,,250.0,-1.0,659.0516761281108,0.6885,2.0755,485.38055198145986,0.587,1.542
fondeada,select_flex,3.0,100,1,1000000000.0,,250.0,,250.0,-1.0,659.0516761281108,0.6885,2.0755,485.38055198145986,0.587,1.542
fondeada,select_flex,3.0,100,2,300.0,,249.892,,250.0,-1.0,970.9221610841788,0.7695,2.648,495.3276521999574,0.563,1.452
fondeada,select_flex,3.0,100,2,600.0,,249.892,,250.0,-1.0,970.9221610841788,0.7695,2.648,495.3276521999574,0.563,1.452
fondeada,select_flex,3.0,100,2,1200.0,,249.892,,250.0,-1.0,970.9221610841788,0.7695,2.648,495.3276521999574,0.563,1.452
fondeada,select_flex,3.0,100,2,1000000000.0,,249.892,,250.0,-1.0,970.9221610841788,0.7695,2.648,495.3276521999574,0.563,1.452
fondeada,select_flex,3.0,100,3,300.0,,250.0,,250.0,-1.0,1137.0610574307836,0.797,2.8915,484.5486011036539,0.5325,1.3215
fondeada,select_flex,3.0,100,3,600.0,,250.0,,250.0,-1.0,1151.144429509868,0.8,2.915,474.0937931520113,0.527,1.2965
fondeada,select_flex,3.0,100,3,1200.0,,250.0,,250.0,-1.0,1151.144429509868,0.8,2.915,474.0937931520113,0.527,1.2965
fondeada,select_flex,3.0,100,3,1000000000.0,,250.0,,250.0,-1.0,1151.144429509868,0.8,2.915,474.0937931520113,0.527,1.2965
fondeada,select_flex,3.0,100,5,300.0,,250.0,,250.0,-1.0,1069.001467108624,0.777,2.743,552.6968368931239,0.561,1.4645
fondeada,select_flex,3.0,100,5,600.0,,250.0,,250.0,-1.0,1081.1960303780552,0.778,2.755,557.8274362678334,0.5665,1.4635
fondeada,select_flex,3.0,100,5,1200.0,,250.0,,250.0,-1.0,1081.1960303780552,0.778,2.755,554.6178367857876,0.565,1.4585
fondeada,select_flex,3.0,100,5,1000000000.0,,250.0,,250.0,-1.0,1081.1960303780552,0.778,2.755,554.6178367857876,0.565,1.4585
fondeada,select_flex,3.0,150,1,300.0,,250.0,,250.0,-1.0,871.3038869891609,0.685,2.0965,1144.8196985763764,0.7485,2.675
fondeada,select_flex,3.0,150,1,600.0,,250.0,,250.0,-1.0,871.3038869891609,0.685,2.0965,1144.8196985763764,0.7485,2.675
fondeada,select_flex,3.0,150,1,1200.0,,250.0,,250.0,-1.0,871.3038869891609,0.685,2.0965,1144.8196985763764,0.7485,2.675
fondeada,select_flex,3.0,150,1,1000000000.0,,250.0,,250.0,-1.0,871.3038869891609,0.685,2.0965,1144.8196985763764,0.7485,2.675
fondeada,select_flex,3.0,150,2,300.0,,250.0,,250.0,-1.0,983.948866067819,0.7025,2.251,992.3749668799715,0.699,2.2355
fondeada,select_flex,3.0,150,2,600.0,,250.0,,250.0,-1.0,1017.0617815445798,0.705,2.2025,924.0301264451176,0.677,2.059
fondeada,select_flex,3.0,150,2,1200.0,,250.0,,250.0,-1.0,1017.0617815445798,0.705,2.2025,924.0301264451176,0.677,2.059
fondeada,select_flex,3.0,150,2,1000000000.0,,250.0,,250.0,-1.0,1017.0617815445798,0.705,2.2025,924.0301264451176,0.677,2.059
fondeada,select_flex,3.0,150,3,300.0,,250.0,,250.0,-1.0,1022.596054330885,0.709,2.1475,819.834586000724,0.6395,1.7035
fondeada,select_flex,3.0,150,3,600.0,,250.0,,250.0,-1.0,1024.3357801183633,0.709,2.031,729.515324997065,0.6025,1.47
fondeada,select_flex,3.0,150,3,1200.0,,250.0,,250.0,-1.0,1032.3187797493538,0.711,2.029,717.7995637270366,0.601,1.4625
fondeada,select_flex,3.0,150,3,1000000000.0,,250.0,,250.0,-1.0,1032.3187797493538,0.711,2.029,717.7995637270366,0.601,1.4625
fondeada,select_flex,3.0,150,5,300.0,,250.0,,250.0,-1.0,944.6417223792537,0.684,1.9885,769.1510392055034,0.6345,1.5765
fondeada,select_flex,3.0,150,5,600.0,,250.0,,250.0,-1.0,950.8612928527681,0.6865,1.882,726.5481667082362,0.606,1.428
fondeada,select_flex,3.0,150,5,1200.0,,250.0,,250.0,-1.0,960.8860461794418,0.6885,1.887,715.2471450587282,0.603,1.4215
fondeada,select_flex,3.0,150,5,1000000000.0,,250.0,,250.0,-1.0,960.8860461794418,0.6885,1.887,715.2471450587282,0.603,1.4215
fondeada,select_flex,3.0,250,1,300.0,,250.0,,250.0,-1.0,876.3692343714476,0.6105,1.261,897.8804540126945,0.6285,1.327
fondeada,select_flex,3.0,250,1,600.0,,250.0,,250.0,-1.0,876.3692343714476,0.6105,1.261,897.8804540126945,0.6285,1.327
fondeada,select_flex,3.0,250,1,1200.0,,250.0,,250.0,-1.0,876.3692343714476,0.6105,1.261,897.8804540126945,0.6285,1.327
fondeada,select_flex,3.0,250,1,1000000000.0,,250.0,,250.0,-1.0,876.3692343714476,0.6105,1.261,897.8804540126945,0.6285,1.327
fondeada,select_flex,3.0,250,2,300.0,,249.8815,,250.0,-1.0,907.8582685116951,0.6215,1.2845,865.7610182865351,0.6035,1.2475
fondeada,select_flex,3.0,250,2,600.0,,249.8815,,250.0,-1.0,907.490028619166,0.6075,1.253,871.6657370114024,0.601,1.22
fondeada,select_flex,3.0,250,2,1200.0,,249.8815,,250.0,-1.0,967.3482742607353,0.6045,1.2665,881.1822278580744,0.591,1.1885
fondeada,select_flex,3.0,250,2,1000000000.0,,249.8815,,250.0,-1.0,967.3482742607353,0.6045,1.2665,881.1822278580744,0.591,1.1885
fondeada,select_flex,3.0,250,3,300.0,,249.8905,,250.0,-1.0,933.1190220900064,0.6195,1.3,724.954441925849,0.5505,1.027
fondeada,select_flex,3.0,250,3,600.0,,249.8875,,250.0,-1.0,960.465932343798,0.597,1.229,756.3463189842503,0.5295,0.9785
fondeada,select_flex,3.0,250,3,1200.0,,249.8875,,250.0,-1.0,999.0952151444328,0.5965,1.2195,735.3278472431704,0.5195,0.9415
fondeada,select_flex,3.0,250,3,1000000000.0,,249.8875,,250.0,-1.0,998.2313647980851,0.597,1.215,732.8043285819006,0.5185,0.94
fondeada,select_flex,3.0,250,5,300.0,,249.8875,,250.0,-1.0,898.9619888830892,0.6115,1.2395,707.2885757020213,0.5415,0.9755
fondeada,select_flex,3.0,250,5,600.0,,250.0,,250.0,-1.0,936.143482706887,0.591,1.1785,743.1406992152371,0.515,0.91
fondeada,select_flex,3.0,250,5,1200.0,,250.0,,250.0,-1.0,991.2883913834248,0.5845,1.1655,742.4800257724766,0.505,0.886
fondeada,select_flex,3.0,250,5,1000000000.0,,250.0,,250.0,-1.0,990.4977123596601,0.584,1.162,740.0380730242654,0.503,0.8845
fondeada,select_flex,3.0,400,1,300.0,,249.89,,250.0,-1.0,888.7553497390954,0.3905,0.694,858.7571180389486,0.4205,0.7085
fondeada,select_flex,3.0,400,1,600.0,,249.89,,250.0,-1.0,888.7553497390954,0.3905,0.694,858.7571180389486,0.4205,0.7085
fondeada,select_flex,3.0,400,1,1200.0,,249.89,,250.0,-1.0,888.7553497390954,0.3905,0.694,858.7571180389486,0.4205,0.7085
fondeada,select_flex,3.0,400,1,1000000000.0,,249.89,,250.0,-1.0,888.7553497390954,0.3905,0.694,858.7571180389486,0.4205,0.7085
fondeada,select_flex,3.0,400,2,300.0,,249.8825,,250.0,-1.0,915.8021284180049,0.4005,0.696,842.6201223485805,0.393,0.6685
fondeada,select_flex,3.0,400,2,600.0,,249.8825,,250.0,-1.0,916.7900128021165,0.399,0.695,843.1543842642496,0.3935,0.6665
fondeada,select_flex,3.0,400,2,1200.0,,250.0,,250.0,-1.0,1008.4296120054723,0.398,0.727,898.3536906049247,0.394,0.6805
fondeada,select_flex,3.0,400,2,1000000000.0,,250.0,,250.0,-1.0,1008.4296120054723,0.398,0.727,898.3536906049247,0.394,0.6805
fondeada,select_flex,3.0,400,3,300.0,,249.7595,,250.0,-1.0,893.2137467822789,0.403,0.683,741.2182095507301,0.3695,0.591
fondeada,select_flex,3.0,400,3,600.0,,249.7595,,250.0,-1.0,883.5184127757473,0.4015,0.673,734.8809499023885,0.36,0.575
fondeada,select_flex,3.0,400,3,1200.0,,249.7615,,250.0,-1.0,1025.2673638315837,0.4005,0.7265,761.5324476695082,0.3535,0.572
fondeada,select_flex,3.0,400,3,1000000000.0,,249.7615,,250.0,-1.0,1025.6936401038029,0.401,0.725,738.9571148816502,0.3515,0.5615
fondeada,select_flex,3.0,400,5,300.0,,249.645,,250.0,-1.0,879.976336374403,0.3945,0.6645,746.8434652583676,0.349,0.5615
fondeada,select_flex,3.0,400,5,600.0,,249.645,,250.0,-1.0,885.4923642824824,0.3905,0.6595,723.7934355382928,0.3385,0.5315
fondeada,select_flex,3.0,400,5,1200.0,,249.7615,,250.0,-1.0,1035.7349472941066,0.3895,0.715,779.4729753414531,0.3285,0.5285
fondeada,select_flex,3.0,400,5,1000000000.0,,249.647,,250.0,-1.0,1060.7156369135175,0.3885,0.7245,755.0752537918601,0.3265,0.5165
fondeada,select_flex,3.0,600,1,300.0,,250.0,,250.0,-1.0,994.264963751627,0.255,0.5305,1082.0082572590638,0.2715,0.5725
fondeada,select_flex,3.0,600,1,600.0,,250.0,,250.0,-1.0,994.264963751627,0.255,0.5305,1082.0082572590638,0.2715,0.5725
fondeada,select_flex,3.0,600,1,1200.0,,250.0,,250.0,-1.0,994.264963751627,0.255,0.5305,1082.0082572590638,0.2715,0.5725
fondeada,select_flex,3.0,600,1,1000000000.0,,250.0,,250.0,-1.0,994.264963751627,0.255,0.5305,1082.0082572590638,0.2715,0.5725
fondeada,select_flex,3.0,600,2,300.0,,249.8885,,250.0,-1.0,993.2576016384843,0.2455,0.513,945.1323531720946,0.2545,0.504
fondeada,select_flex,3.0,600,2,600.0,,249.8885,,250.0,-1.0,985.661758853625,0.244,0.507,945.9659319329324,0.2525,0.502
fondeada,select_flex,3.0,600,2,1200.0,,249.8885,,250.0,-1.0,1010.1610132719388,0.2405,0.516,939.6874801982135,0.25,0.495
fondeada,select_flex,3.0,600,2,1000000000.0,,250.0,,250.0,-1.0,1085.8585689734168,0.246,0.555,945.1410271278148,0.2555,0.4985
fondeada,select_flex,3.0,600,3,300.0,,249.8795,,250.0,-1.0,1011.81266054171,0.2385,0.521,797.4987687960323,0.227,0.4225
fondeada,select_flex,3.0,600,3,600.0,,249.8795,,250.0,-1.0,1007.3991466911193,0.2365,0.516,804.6631568412253,0.2235,0.4225
fondeada,select_flex,3.0,600,3,1200.0,,249.768,,250.0,-1.0,1095.8765891428823,0.238,0.5515,816.9790198186212,0.2175,0.421
fondeada,select_flex,3.0,600,3,1000000000.0,,249.8795,,250.0,-1.0,1201.696387877129,0.2525,0.606,827.5408564851373,0.221,0.429
fondeada,select_flex,3.0,600,5,300.0,,249.8795,,250.0,-1.0,1017.6040883238435,0.237,0.518,802.4456167423048,0.219,0.4145
fondeada,select_flex,3.0,600,5,600.0,,249.8795,,250.0,-1.0,986.5528731223324,0.2335,0.4985,812.6301453954921,0.2145,0.412
fondeada,select_flex,3.0,600,5,1200.0,,249.8795,,250.0,-1.0,1108.1996585735617,0.2355,0.5535,827.3691372623606,0.209,0.412
fondeada,select_flex,3.0,600,5,1000000000.0,,249.8795,,250.0,-1.0,1199.078554469107,0.2455,0.598,856.7518306613553,0.211,0.4265
fondeada,select_flex,3.0,900,1,300.0,,250.0,,250.0,-1.0,1077.5989418658023,0.18,0.5035,1255.9972486377387,0.1915,0.5795
fondeada,select_flex,3.0,900,1,600.0,,250.0,,250.0,-1.0,1077.5989418658023,0.18,0.5035,1255.9972486377387,0.1915,0.5795
fondeada,select_flex,3.0,900,1,1200.0,,250.0,,250.0,-1.0,1077.5989418658023,0.18,0.5035,1255.9972486377387,0.1915,0.5795
fondeada,select_flex,3.0,900,1,1000000000.0,,250.0,,250.0,-1.0,1077.5989418658023,0.18,0.5035,1255.9972486377387,0.1915,0.5795
fondeada,select_flex,3.0,900,2,300.0,,249.8765,,250.0,-1.0,1218.3283285105806,0.1855,0.562,1060.1863735937598,0.1755,0.4895
fondeada,select_flex,3.0,900,2,600.0,,249.8765,,250.0,-1.0,1216.2862612662539,0.184,0.56,1066.3841536072778,0.175,0.491
fondeada,select_flex,3.0,900,2,1200.0,,249.8765,,250.0,-1.0,1216.81728651792,0.179,0.559,1082.1290124010734,0.1725,0.4965
fondeada,select_flex,3.0,900,2,1000000000.0,,249.6575,,250.0,-1.0,1297.974186234129,0.1795,0.5945,1182.5644501101378,0.172,0.5425
fondeada,select_flex,3.0,900,3,300.0,,249.8765,,250.0,-1.0,1215.6264776466028,0.1815,0.5575,902.3758090273717,0.1625,0.415
fondeada,select_flex,3.0,900,3,600.0,,249.8765,,250.0,-1.0,1211.8695132803457,0.1795,0.554,898.4489366277684,0.162,0.413
fondeada,select_flex,3.0,900,3,1200.0,,249.8765,,250.0,-1.0,1257.584091835148,0.1765,0.5745,919.2773627490699,0.162,0.4215
fondeada,select_flex,3.0,900,3,1000000000.0,,249.8765,,250.0,-1.0,1372.2581348439742,0.183,0.6255,905.6367017899288,0.1615,0.4185
fondeada,select_flex,3.0,900,5,300.0,,249.8765,,250.0,-1.0,1271.0650240244047,0.18,0.5815,965.2136625179285,0.159,0.443
fondeada,select_flex,3.0,900,5,600.0,,249.8765,,250.0,-1.0,1254.8156626774798,0.1775,0.5725,975.7361994844658,0.155,0.445
fondeada,select_flex,3.0,900,5,1200.0,,249.8765,,250.0,-1.0,1230.775690328279,0.1725,0.5595,934.4359275123633,0.151,0.4245
fondeada,select_flex,3.0,900,5,1000000000.0,,249.8765,,250.0,-1.0,1445.2395804488328,0.175,0.655,953.3293263523892,0.148,0.4355
