label,n,wr,exp_pts,avg_win,avg_loss,pf,total_pts,t,max_dd_pts,params,exp_A,wr_A,n_A,exp_B,wr_B,n_B,DEV_n,DEV_atr%,DEV_t,DEV_wr,DEV_costo%,VAL1_n,VAL1_atr%,VAL1_t,VAL1_wr,VAL1_costo%,VAL2_n,VAL2_atr%,VAL2_t,VAL2_wr,VAL2_costo%
ORB_go,3822,0.5036630036630036,0.046703296703296704,14.450454545454546,-14.569649446494465,1.0064583531199545,178.5,0.14352110161231482,981.25,"{""K"": 5, ""stop_x_or"": 0.5, ""tgt_x_or"": 0.5, ""salida"": 1200}",-0.25499001996007986,0.5029940119760479,501,0.9006539235412475,0.5070422535211268,497,2034,0.25432283705405734,0.9901172819160907,0.5054080629301868,2.0022145350427145,542,0.15988012553572842,0.2901741377661554,0.492619926199262,0.6871653882739683,1246,0.11762162179870192,0.3405867525118199,0.5056179775280899,0.33419602514185676
ORB_go,3822,0.5039246467817896,0.06142072213500785,14.473390446521288,-14.578586497890296,1.0084928186389783,234.75,0.18862720634302965,966.5,"{""K"": 5, ""stop_x_or"": 0.5, ""tgt_x_or"": 0.5, ""salida"": 1559}",-0.25499001996007986,0.5029940119760479,501,0.9811368209255533,0.5090543259557344,497,2034,0.24929557324075852,0.9686362889531064,0.5054080629301868,2.0022145350427145,542,0.20538580603296333,0.3694391548581019,0.492619926199262,0.6871653882739683,1246,0.13362155779895793,0.38658439000841094,0.5064205457463884,0.33419602514185676
ORB_go,3822,0.35086342229199374,0.6247056514913658,28.49254287844892,-14.438079403466345,1.0666545694375138,2387.625,1.3588788787278292,1215.25,"{""K"": 5, ""stop_x_or"": 0.5, ""tgt_x_or"": 1.0, ""salida"": 1200}",1.3540419161676647,0.3592814371257485,501,1.437625754527163,0.3420523138832998,497,2034,0.818463659435049,2.2175053838303675,0.3534906588003933,2.0022145350427145,542,0.07377699649304548,0.09537986421023305,0.3284132841328413,0.6871653882739683,1246,0.7669168801460826,1.5639707600499348,0.3563402889245586,0.33419602514185676
ORB_go,3822,0.348246991104134,0.6564952904238619,29.0354996243426,-14.507075471698114,1.069433442754508,2509.125,1.410627176932777,1212.875,"{""K"": 5, ""stop_x_or"": 0.5, ""tgt_x_or"": 1.0, ""salida"": 1559}",1.3919660678642714,0.35528942115768464,501,1.6833501006036218,0.3440643863179074,497,2034,0.7823987796927642,2.0994959085018046,0.3500491642084562,2.0022145350427145,542,0.04905657241858833,0.06264405376903477,0.32656826568265684,0.6871653882739683,1246,0.8109126818042058,1.6325383252400083,0.3547351524879615,0.33419602514185676
ORB_go,3822,0.24385138670852957,1.2277930402930404,49.080203862660944,-14.204195501730103,1.1143145118315718,4692.625,1.965646666502941,1161.25,"{""K"": 5, ""stop_x_or"": 0.5, ""tgt_x_or"": 2.0, ""salida"": 1200}",3.560878243512974,0.26746506986027946,501,2.3302313883299797,0.23138832997987926,497,2034,0.8417679263061559,1.6966023701528166,0.23647984267453295,2.0022145350427145,542,1.456668526166107,1.3644493720102573,0.24723247232472326,0.6871653882739683,1246,1.369775660713209,2.058804588598543,0.25441412520064205,0.33419602514185676
ORB_go,3822,0.22318158032443747,1.0233843537414966,54.842907385697536,-14.439078814415629,1.09123884335354,3911.375,1.5781301107818373,1487.375,"{""K"": 5, ""stop_x_or"": 0.5, ""tgt_x_or"": 2.0, ""salida"": 1559}",2.877245508982036,0.2375249500998004,501,3.5032696177062372,0.21730382293762576,497,2034,0.7109965681803795,1.3832088509314218,0.21730580137659783,2.0022145350427145,542,1.1046967975124977,0.9912124618230083,0.22693726937269373,0.6871653882739683,1246,1.3814841049312079,1.962934009892317,0.23113964686998395,0.33419602514185676
ORB_go,3822,0.6614338042909471,-0.3637166405023548,14.34251384493671,-29.094281298299844,0.9630757277943052,-1390.125,-0.7898208766461433,4106.75,"{""K"": 5, ""stop_x_or"": 1.0, ""tgt_x_or"": 0.5, ""salida"": 1200}",-3.2964071856287425,0.6367265469061876,501,1.290241448692153,0.6659959758551308,497,2034,0.38897227120778916,1.099245318689997,0.668141592920354,2.0022145350427145,542,-0.7766832293711263,-0.9883192591215164,0.6457564575645757,0.6871653882739683,1246,-0.24993604801560435,-0.5116521232607965,0.6573033707865169,0.33419602514185676
ORB_go,3822,0.663788592360021,-0.33758503401360546,14.402148206543162,-29.43852140077821,0.9658921183763565,-1290.25,-0.7293363295388345,4220.75,"{""K"": 5, ""stop_x_or"": 1.0, ""tgt_x_or"": 0.5, ""salida"": 1559}",-3.4276447105788423,0.6367265469061876,501,1.1172032193158954,0.6680080482897385,497,2034,0.38650036586835423,1.0857774840521137,0.6691248770894789,2.0022145350427145,542,-0.5187340337276669,-0.6560319444090541,0.6512915129151291,0.6871653882739683,1246,-0.24996181754487432,-0.5071195899112528,0.6605136436597111,0.33419602514185676
ORB_go,3822,0.5041862899005756,0.25601779173207745,27.87363777893098,-27.82796833773087,1.0185553912087077,978.5,0.4071057048794413,3634.5,"{""K"": 5, ""stop_x_or"": 1.0, ""tgt_x_or"": 1.0, ""salida"": 1200}",-1.6457085828343314,0.499001996007984,501,1.5940643863179074,0.5110663983903421,497,2034,0.5449895674532326,1.109898066594526,0.504424778761062,2.0022145350427145,542,-0.6803755282649512,-0.645856212224187,0.477859778597786,0.6871653882739683,1246,0.5697128097686446,0.8567380520047476,0.5152487961476726,0.33419602514185676
ORB_go,3822,0.5023547880690737,0.28420983778126635,28.922005208333335,-28.62460567823344,1.019951693483212,1086.25,0.43986362088017433,3441.0,"{""K"": 5, ""stop_x_or"": 1.0, ""tgt_x_or"": 1.0, ""salida"": 1559}",-1.4186626746506985,0.499001996007984,501,1.7072434607645874,0.5090543259557344,497,2034,0.3973327597547783,0.7852409202112528,0.5009832841691249,2.0022145350427145,542,-0.7084251114837007,-0.6526824591576275,0.48154981549815495,0.6871653882739683,1246,0.6525490340813418,0.9520574856304024,0.5136436597110754,0.33419602514185676
ORB_go,3822,0.3835688121402407,0.6312140240711669,44.739427012278306,-26.814728353140918,1.0381872719646066,2412.5,0.7831010880278395,2928.0,"{""K"": 5, ""stop_x_or"": 1.0, ""tgt_x_or"": 2.0, ""salida"": 1200}",0.4491017964071856,0.4031936127744511,501,2.1282696177062372,0.386317907444668,497,2034,0.7989395857162571,1.2405038491638547,0.37561455260570303,2.0022145350427145,542,0.29996921750078204,0.22053790252824143,0.37084870848708484,0.6871653882739683,1246,0.9566093086498189,1.1300791636967369,0.40208667736757625,0.33419602514185676
ORB_go,3822,0.3555729984301413,0.7426739926739927,53.053532008830025,-28.120686155095413,1.0409825118663034,2838.5,0.8456832614364502,3788.25,"{""K"": 5, ""stop_x_or"": 1.0, ""tgt_x_or"": 2.0, ""salida"": 1559}",-0.24451097804391217,0.36726546906187624,501,4.0980885311871225,0.3561368209255533,497,2034,0.5865078611252981,0.8454378816105355,0.34906588003933137,2.0022145350427145,542,-0.3719309551987074,-0.25398966751404,0.34501845018450183,0.6871653882739683,1246,1.362964850738608,1.451352140218701,0.3707865168539326,0.33419602514185676
ORB_fade,3822,0.4955520669806384,-0.05890240711669283,14.580451425554383,-14.440093360995851,0.9919137587327814,-225.125,-0.18100968348585325,1333.5,"{""K"": 5, ""stop_x_or"": 0.5, ""tgt_x_or"": 0.5, ""salida"": 1200}",0.25499001996007986,0.49700598802395207,501,-0.9006539235412475,0.49295774647887325,497,2034,-0.2596691726895147,-1.0109393703470677,0.4941002949852507,2.0022145350427145,542,-0.1947354138476477,-0.3534479790367007,0.5055350553505535,0.6871653882739683,1246,-0.1254075882653498,-0.36313421567054127,0.49357945425361155,0.33419602514185676
ORB_fade,3822,0.49529042386185246,-0.07361983254840397,14.589408346539884,-14.462998963193364,0.9899145582522749,-281.375,-0.22609188562853966,1373.5,"{""K"": 5, ""stop_x_or"": 0.5, ""tgt_x_or"": 0.5, ""salida"": 1559}",0.25499001996007986,0.49700598802395207,501,-0.9811368209255533,0.4909456740442656,497,2034,-0.2546419088762159,-0.9894170369431879,0.4941002949852507,2.0022145350427145,542,-0.24024109434488258,-0.43215542124658035,0.5055350553505535,0.6871653882739683,1246,-0.14140752426560577,-0.4091131394892864,0.492776886035313,0.33419602514185676
ORB_fade,3822,0.33856619570905283,0.36361852433281006,29.094281298299844,-14.342662183544304,1.0383292078354582,1389.75,0.789607499008348,2368.5,"{""K"": 5, ""stop_x_or"": 0.5, ""tgt_x_or"": 1.0, ""salida"": 1200}",3.2964071856287425,0.36327345309381237,501,-1.290241448692153,0.33400402414486924,497,2034,-0.38952328709447587,-1.1007841998464096,0.33185840707964603,2.0022145350427145,542,0.7766832293711263,0.9883192591215164,0.35424354243542433,0.6871653882739683,1246,0.24993604801560435,0.5116521232607965,0.34269662921348315,0.33419602514185676
ORB_fade,3822,0.3362114076399791,0.3374869178440607,29.43852140077821,-14.402296018919984,1.035301684176676,1289.875,0.729124068044013,2481.75,"{""K"": 5, ""stop_x_or"": 0.5, ""tgt_x_or"": 1.0, ""salida"": 1559}",3.4276447105788423,0.36327345309381237,501,-1.1172032193158954,0.3319919517102616,497,2034,-0.387051381755041,-1.0873075561638774,0.3308751229105211,2.0022145350427145,542,0.5187340337276669,0.6560319444090541,0.34870848708487084,0.6871653882739683,1246,0.24996181754487432,0.5071195899112528,0.3394863563402889,0.33419602514185676
ORB_fade,3822,0.2237048665620094,0.18537414965986396,50.12573099415204,-14.205931917762049,1.016809414220978,708.5,0.3029933522676524,3726.375,"{""K"": 5, ""stop_x_or"": 0.5, ""tgt_x_or"": 2.0, ""salida"": 1200}",3.7776946107784433,0.25149700598802394,501,-1.2339034205231387,0.23340040241448692,497,2034,-0.4638790716954001,-0.9826062790919221,0.21386430678466076,2.0022145350427145,542,0.6542642120283848,0.6254048271830095,0.23800738007380073,0.6871653882739683,1246,0.2881919044744916,0.4480481993976835,0.23354735152487963,0.33419602514185676
ORB_fade,3822,0.20722135007849293,0.29768445839874413,56.32449494949495,-14.346947194719473,1.0261724703108377,1137.75,0.4636228564969521,3869.125,"{""K"": 5, ""stop_x_or"": 0.5, ""tgt_x_or"": 2.0, ""salida"": 1559}",5.5359281437125745,0.24151696606786427,501,-0.9426559356136821,0.21327967806841047,497,2034,-0.34328930988220313,-0.6918867003284722,0.19960668633235004,2.0022145350427145,542,0.3114169649550942,0.2823804922714093,0.21217712177121772,0.6871653882739683,1246,0.480336844088939,0.7047109932130923,0.2174959871589085,0.33419602514185676
ORB_fade,3822,0.6488749345892203,-0.6446886446886447,14.433568548387097,-28.50912816691505,0.9355972738618765,-2464.0,-1.4019304195143851,3045.0,"{""K"": 5, ""stop_x_or"": 1.0, ""tgt_x_or"": 0.5, ""salida"": 1200}",-1.3540419161676647,0.6407185628742516,501,-1.5907947686116701,0.6559356136820925,497,2034,-0.8188796542271463,-2.2186810841713456,0.6465093411996067,2.0022145350427145,542,-0.07377699649304548,-0.09537986421023305,0.6715867158671587,0.6871653882739683,1246,-0.7836267620245038,-1.5978068431167427,0.6428571428571429,0.33419602514185676
ORB_fade,3822,0.6514913657770801,-0.6764782836211408,14.502610441767068,-29.0518018018018,0.9331860350931597,-2585.5,-1.4531453955907396,3187.625,"{""K"": 5, ""stop_x_or"": 1.0, ""tgt_x_or"": 0.5, ""salida"": 1559}",-1.3919660678642714,0.6447105788423154,501,-1.8365191146881288,0.6539235412474849,497,2034,-0.7828147744848613,-2.100657241428789,0.6499508357915438,2.0022145350427145,542,-0.04905657241858833,-0.06264405376903477,0.6734317343173432,0.6871653882739683,1246,-0.827622563682627,-1.6659386336199782,0.64446227929374,0.33419602514185676
ORB_fade,3822,0.49529042386185246,-0.25601779173207745,27.857369255150555,-27.84473820632452,0.9817826390505003,-978.5,-0.4071057048794413,4122.0,"{""K"": 5, ""stop_x_or"": 1.0, ""tgt_x_or"": 1.0, ""salida"": 1200}",1.6457085828343314,0.500998003992016,501,-1.5940643863179074,0.48893360160965793,497,2034,-0.5449895674532326,-1.109898066594526,0.4950835791543756,2.0022145350427145,542,0.6803755282649512,0.645856212224187,0.5202952029520295,0.6871653882739683,1246,-0.5697128097686446,-0.8567380520047476,0.48475120385232745,0.33419602514185676
ORB_fade,3822,0.4976452119309262,-0.28420983778126635,28.62460567823344,-28.922005208333335,0.9804385897776438,-1086.25,-0.43986362088017433,4243.5,"{""K"": 5, ""stop_x_or"": 1.0, ""tgt_x_or"": 1.0, ""salida"": 1559}",1.4186626746506985,0.500998003992016,501,-1.7072434607645874,0.4909456740442656,497,2034,-0.3973327597547783,-0.7852409202112528,0.49901671583087515,2.0022145350427145,542,0.7084251114837007,0.6526824591576275,0.518450184501845,0.6871653882739683,1246,-0.6525490340813418,-0.9520574856304024,0.48635634028892455,0.33419602514185676
ORB_fade,3822,0.3728414442700157,0.3604788069073783,45.80157894736842,-26.653942428035045,1.021564576338835,1377.75,0.441558658461519,4330.5,"{""K"": 5, ""stop_x_or"": 1.0, ""tgt_x_or"": 2.0, ""salida"": 1200}",3.160179640718563,0.3872255489021956,501,0.7575452716297787,0.3822937625754527,497,2034,-0.3742851172167485,-0.59152267483193,0.3667649950835792,2.0022145350427145,542,0.5231709566641952,0.3930045107588698,0.3874538745387454,0.6871653882739683,1246,0.38438350706235563,0.4488706132960958,0.37640449438202245,0.33419602514185676
ORB_fade,3822,0.3529565672422815,0.6861590790162219,53.48943661971831,-28.117569753336028,1.0377149554719043,2622.5,0.775600173195192,4164.0,"{""K"": 5, ""stop_x_or"": 1.0, ""tgt_x_or"": 2.0, ""salida"": 1559}",4.831836327345309,0.36726546906187624,501,1.345573440643863,0.36217303822937624,497,2034,-0.10080043647824685,-0.14662897516415685,0.3480825958702065,2.0022145350427145,542,0.009500253328610597,0.006481820532399202,0.35608856088560886,0.6871653882739683,1246,0.8354570066415195,0.8965598764617436,0.3595505617977528,0.33419602514185676
ORB_go,3809,0.49750590706222103,-0.04843791021265424,21.729089709762533,-21.60978317659352,0.9955392896107154,-184.5,-0.09812433662796699,2740.25,"{""K"": 15, ""stop_x_or"": 0.5, ""tgt_x_or"": 0.5, ""salida"": 1200}",-3.212,0.48,500,0.6204545454545455,0.501010101010101,495,2028,0.1283764366349621,0.3175032347536381,0.49457593688362916,2.0000732301642707,538,-0.12672736256483164,-0.1537626424009585,0.5,0.6840747942954102,1243,0.07575809192191574,0.14866411556880718,0.501206757843926,0.3342765082984488
ORB_go,3809,0.4927802572853767,-0.2731359936991336,22.337040490143846,-22.239648033126294,0.9757866502199363,-1040.375,-0.5432230652765603,3204.875,"{""K"": 15, ""stop_x_or"": 0.5, ""tgt_x_or"": 0.5, ""salida"": 1559}",-3.53625,0.474,500,0.01691919191919192,0.49292929292929294,495,2028,-0.006847851628004168,-0.016337083874462255,0.4906311637080868,2.0000732301642707,538,-0.15139203331514264,-0.17733942141279932,0.5,0.6840747942954102,1243,-0.1599392388029176,-0.3075804364061846,0.49316170555108607,0.3342765082984488
ORB_go,3809,0.37253872407456023,0.577087161984773,37.253523608174774,-21.198587866108788,1.0433857943288833,2198.125,0.8809081901722052,1552.125,"{""K"": 15, ""stop_x_or"": 0.5, ""tgt_x_or"": 1.0, ""salida"": 1200}",-0.3115,0.38,500,2.0747474747474746,0.3656565656565657,495,2028,0.4400253166220622,0.8161870412632714,0.3668639053254438,2.0000732301642707,538,1.1488254088230074,1.041777616276608,0.3847583643122677,0.6840747942954102,1243,0.739271674614552,1.0828482221781521,0.37650844730490746,0.3342765082984488
ORB_go,3809,0.3410343922289315,0.175735101076398,42.91782140107775,-21.94457171314741,1.012152584722011,669.375,0.2523560609674366,1978.5,"{""K"": 15, ""stop_x_or"": 0.5, ""tgt_x_or"": 1.0, ""salida"": 1559}",-0.226,0.348,500,2.123989898989899,0.34545454545454546,495,2028,-0.18984885232333548,-0.3298015058965833,0.3343195266272189,2.0000732301642707,538,0.8907116082094517,0.7522708497432936,0.35315985130111527,0.6840747942954102,1243,0.5715820520092219,0.7873210622288741,0.3467417538213998,0.3342765082984488
ORB_go,3809,0.3310580204778157,1.5085652402205303,46.753766851704995,-20.883192700156986,1.107988808573516,5746.125,1.9421960580019004,1536.5,"{""K"": 15, ""stop_x_or"": 0.5, ""tgt_x_or"": 2.0, ""salida"": 1200}",1.784,0.352,500,3.1527777777777777,0.30707070707070705,495,2028,1.361889085503257,2.105870033031928,0.3254437869822485,2.0000732301642707,538,1.1286333842936036,0.881272119970022,0.33643122676579923,0.6840747942954102,1243,1.6541919168355792,2.0123475822389625,0.33789219629927597,0.3342765082984488
ORB_go,3809,0.26542399579942244,1.81494486741927,66.9606824925816,-21.72413330950679,1.1137324095724006,6913.125,2.0000048065544,1488.0,"{""K"": 15, ""stop_x_or"": 0.5, ""tgt_x_or"": 2.0, ""salida"": 1559}",6.1305,0.284,500,3.494949494949495,0.2545454545454545,495,2028,1.1884491822883838,1.5809510645455158,0.2608481262327416,2.0000732301642707,538,1.2053381234987552,0.8002829010832466,0.26765799256505574,0.6840747942954102,1243,2.1519948571288734,2.2421138852769147,0.2719227674979887,0.3342765082984488
ORB_go,3809,0.6319243896035704,-0.12335914938304017,21.39691524719568,-37.0700784593438,0.9909591176060302,-469.875,-0.1869603551109852,4081.625,"{""K"": 15, ""stop_x_or"": 1.0, ""tgt_x_or"": 0.5, ""salida"": 1200}",-2.88675,0.63,500,1.129040404040404,0.6484848484848484,495,2028,-0.48222803794792657,-0.9033857134493534,0.6208086785009862,2.0000732301642707,538,-0.4360748626200036,-0.4005005706502552,0.6319702602230484,0.6840747942954102,1243,0.5821467637683836,0.8756910365950645,0.6500402252614642,0.3342765082984488
ORB_go,3809,0.646363875032817,-0.30201496455762666,22.208417952883835,-41.44580549368968,0.9793941158031436,-1150.375,-0.43636891626068147,4304.0,"{""K"": 15, ""stop_x_or"": 1.0, ""tgt_x_or"": 0.5, ""salida"": 1559}",-2.84825,0.648,500,0.2946969696969697,0.6585858585858586,495,2028,-0.8781304541925151,-1.5100092333693336,0.6341222879684418,2.0000732301642707,538,-0.6810339048972989,-0.5749918083075714,0.6486988847583643,0.6840747942954102,1243,0.5513046674447193,0.7845156648623407,0.66532582461786,0.3342765082984488
ORB_go,3809,0.5124704646888947,1.21160409556314,35.44441598360656,-34.772482498653744,1.0714700530411554,4615.0,1.4488819608526182,1846.0,"{""K"": 15, ""stop_x_or"": 1.0, ""tgt_x_or"": 1.0, ""salida"": 1200}",2.4175,0.542,500,3.352020202020202,0.5353535353535354,495,2028,-0.27637728455535093,-0.40859701253561914,0.4916173570019724,2.0000732301642707,538,1.1661667201764874,0.8469712185520843,0.5223048327137546,0.6840747942954102,1243,2.0681024523719573,2.424173971356407,0.5422365245374094,0.3342765082984488
ORB_go,3809,0.4980309792596482,0.6674323969545812,41.55653663679494,-39.90088912133891,1.0333232840261894,2542.25,0.7136115362353899,4327.25,"{""K"": 15, ""stop_x_or"": 1.0, ""tgt_x_or"": 1.0, ""salida"": 1559}",2.0555,0.53,500,4.224747474747475,0.5292929292929293,495,2028,-1.5873637934695701,-2.0657177402499016,0.47435897435897434,2.0000732301642707,538,0.26621421653161503,0.17080456935851088,0.5037174721189591,0.6840747942954102,1243,2.239817905298871,2.3531951214115856,0.5341914722445696,0.3342765082984488
ORB_go,3809,0.46547650301916516,2.0674717773693883,43.098279751833054,-33.663187622789785,1.1148993445265964,7875.0,2.1552681874696034,1702.25,"{""K"": 15, ""stop_x_or"": 1.0, ""tgt_x_or"": 2.0, ""salida"": 1200}",4.396,0.504,500,4.163636363636364,0.47474747474747475,495,2028,0.7368772354926691,0.9378760327073675,0.4457593688362919,2.0000732301642707,538,0.7599451569944063,0.488800014932757,0.4646840148698885,0.6840747942954102,1243,3.0161577700499507,3.0496110967203918,0.49798873692679,0.3342765082984488
ORB_go,3809,0.40850616959831976,2.656208978734576,62.80526992287918,-38.88482023968042,1.11548668778358,10117.5,2.2322340856594276,2496.5,"{""K"": 15, ""stop_x_or"": 1.0, ""tgt_x_or"": 2.0, ""salida"": 1559}",8.0285,0.444,500,4.893939393939394,0.4101010101010101,495,2028,-0.028341792567538427,-0.029592132003454927,0.391025641025641,2.0000732301642707,538,0.47605222755714155,0.2471315566556922,0.4070631970260223,0.6840747942954102,1243,4.138942814906575,3.387772228070302,0.43765084473049076,0.3342765082984488
ORB_fade,3809,0.5017064846416383,0.04253084799159885,21.637820512820515,-21.700671759747102,1.0039331963593654,162.0,0.08615794059201229,2401.875,"{""K"": 15, ""stop_x_or"": 0.5, ""tgt_x_or"": 0.5, ""salida"": 1200}",3.212,0.52,500,-0.6204545454545455,0.498989898989899,495,2028,-0.12865125203716318,-0.3181840418500711,0.5044378698224852,2.0000732301642707,538,0.06740397296156518,0.08178225422866188,0.49814126394052044,0.6840747942954102,1243,-0.07575809192191574,-0.14866411556880718,0.498793242156074,0.3342765082984488
ORB_fade,3809,0.5069572066159097,0.26722893147807825,22.24533920248576,-22.33113684771033,1.0242710199312675,1017.875,0.531474066180835,2036.0,"{""K"": 15, ""stop_x_or"": 0.5, ""tgt_x_or"": 0.5, ""salida"": 1559}",3.53625,0.526,500,-0.01691919191919192,0.5070707070707071,495,2028,0.006573036225803138,0.015681500270991088,0.5093688362919132,2.0000732301642707,538,0.09206864371187598,0.10784648554957013,0.49814126394052044,0.6840747942954102,1243,0.1599392388029176,0.3075804364061846,0.5068382944489139,0.3342765082984488
ORB_fade,3809,0.36676292990286163,0.12332633237070097,37.20275590551181,-21.35261194029851,1.009120916460366,469.75,0.18691060150967945,3718.375,"{""K"": 15, ""stop_x_or"": 0.5, ""tgt_x_or"": 1.0, ""salida"": 1200}",2.88675,0.37,500,-1.129040404040404,0.3515151515151515,495,2028,0.48209046614527223,0.9031257579606076,0.3767258382642998,2.0000732301642707,538,0.4360748626200036,0.4005005706502552,0.3680297397769517,0.6840747942954102,1243,-0.5821467637683836,-0.8756910365950645,0.3499597747385358,0.3342765082984488
ORB_fade,3809,0.35311105276975585,0.30198214754528746,41.50743494423792,-22.19044237012987,1.0210370858080828,1150.25,0.43632146311427994,3344.0,"{""K"": 15, ""stop_x_or"": 0.5, ""tgt_x_or"": 1.0, ""salida"": 1559}",2.84825,0.35,500,-0.2946969696969697,0.3414141414141414,495,2028,0.8779928823898606,1.5097694016899557,0.36538461538461536,2.0000732301642707,538,0.6810339048972989,0.5749918083075714,0.3513011152416357,0.6840747942954102,1243,-0.5513046674447193,-0.7845156648623407,0.333869670152856,0.3342765082984488
ORB_fade,3809,0.31898135993699134,0.5898201627723813,46.5417695473251,-20.93354857363146,1.0413730712478677,2246.625,0.752737184915331,2916.25,"{""K"": 15, ""stop_x_or"": 0.5, ""tgt_x_or"": 2.0, ""salida"": 1200}",3.5205,0.328,500,1.4904040404040404,0.30707070707070705,495,2028,0.28945294090713974,0.4745644107171757,0.3239644970414201,2.0000732301642707,538,0.7489842059033229,0.6014514143244394,0.3345724907063197,0.6840747942954102,1243,0.05594945571488577,0.06993943923789896,0.3041029766693483,0.3342765082984488
ORB_fade,3809,0.26148595431871885,1.22181018640063,65.88830321285141,-21.674680056878778,1.0763294769838878,4653.875,1.33680538275083,3211.5,"{""K"": 15, ""stop_x_or"": 0.5, ""tgt_x_or"": 2.0, ""salida"": 1559}",5.95,0.27,500,1.3727272727272728,0.2545454545454545,495,2028,1.161732670288922,1.5444639406685101,0.2677514792899408,2.0000732301642707,538,1.4424352537732352,0.9074172732846054,0.258364312267658,0.6840747942954102,1243,0.20741768278309422,0.22742478436260563,0.252614641995173,0.3342765082984488
ORB_fade,3809,0.6269362037280126,-0.5771527960094514,21.216237437185928,-37.201090781140046,0.9584135331589825,-2198.375,-0.8810086490739167,3204.5,"{""K"": 15, ""stop_x_or"": 1.0, ""tgt_x_or"": 0.5, ""salida"": 1200}",0.3115,0.62,500,-2.0747474747474746,0.6343434343434343,495,2028,-0.44025935429139584,-0.8166260111149519,0.6321499013806706,2.0000732301642707,538,-1.1488254088230074,-1.041777616276608,0.6152416356877324,0.6840747942954102,1243,-0.739271674614552,-1.0828482221781521,0.6234915526950925,0.3342765082984488
ORB_fade,3809,0.658703071672355,-0.1758663691257548,21.95311877241929,-42.88480769230769,0.9879843588145345,-669.875,-0.25254466972827583,2852.25,"{""K"": 15, ""stop_x_or"": 1.0, ""tgt_x_or"": 0.5, ""salida"": 1559}",0.226,0.652,500,-2.123989898989899,0.6545454545454545,495,2028,0.189118541861185,0.3285387344618153,0.6651873767258383,2.0000732301642707,538,-0.8907116082094517,-0.7522708497432936,0.6468401486988847,0.6840747942954102,1243,-0.5715820520092219,-0.7873210622288741,0.6532582461786002,0.3342765082984488
ORB_fade,3809,0.4854292465213967,-1.21160409556314,34.9229313142239,-35.29974489795919,0.9332971996386631,-4615.0,-1.4488819608526182,6542.75,"{""K"": 15, ""stop_x_or"": 1.0, ""tgt_x_or"": 1.0, ""salida"": 1200}",-2.4175,0.458,500,-3.352020202020202,0.46464646464646464,495,2028,0.27637728455535093,0.40859701253561914,0.5044378698224852,2.0000732301642707,538,-1.1661667201764874,-0.8469712185520843,0.47769516728624534,0.6840747942954102,1243,-2.0681024523719573,-2.424173971356407,0.4577634754625905,0.3342765082984488
ORB_fade,3809,0.5009188763454975,-0.6674323969545812,39.984538784067084,-41.46909521304577,0.9677513469972823,-2542.25,-0.7136115362353899,7270.5,"{""K"": 15, ""stop_x_or"": 1.0, ""tgt_x_or"": 1.0, ""salida"": 1559}",-2.0555,0.468,500,-4.224747474747475,0.4707070707070707,495,2028,1.5873637934695701,2.0657177402499016,0.5241617357001972,2.0000732301642707,538,-0.26621421653161503,-0.17080456935851088,0.4962825278810409,0.6840747942954102,1243,-2.239817905298871,-2.3531951214115856,0.4650040225261464,0.3342765082984488
ORB_fade,3809,0.43817274875295353,-0.6793777894460489,42.067855002995806,-34.01822429906542,0.9644534952403192,-2587.75,-0.7163056378113989,5553.75,"{""K"": 15, ""stop_x_or"": 1.0, ""tgt_x_or"": 2.0, ""salida"": 1200}",-2.718,0.418,500,0.1904040404040404,0.4202020202020202,495,2028,0.4676970624408075,0.6126835537712135,0.4511834319526627,2.0000732301642707,538,-0.809923272734648,-0.5297186153142981,0.44423791821561337,0.6840747942954102,1243,-1.425980619019925,-1.4620580198230557,0.414320193081255,0.3342765082984488
ORB_fade,3809,0.40483066421632974,0.026319243896035707,58.72600518806745,-39.90086016762241,1.0011082828249327,100.25,0.02241857137131073,8070.25,"{""K"": 15, ""stop_x_or"": 1.0, ""tgt_x_or"": 2.0, ""salida"": 1559}",-1.7065,0.37,500,-2.522222222222222,0.3838383838383838,495,2028,2.3677772392486216,2.459454094523987,0.4260355029585799,2.0000732301642707,538,1.400657799090996,0.7018157503855831,0.40148698884758366,0.6840747942954102,1243,-1.8686244674515313,-1.59589930015649,0.37168141592920356,0.3342765082984488
ORB_go,3766,0.49336165693043016,-0.05214418481147106,25.017222820236814,-24.4645571278826,0.9957930197869999,-196.375,-0.08851804360679955,1782.125,"{""K"": 30, ""stop_x_or"": 0.5, ""tgt_x_or"": 0.5, ""salida"": 1200}",0.2733265720081136,0.5091277890466531,493,1.072704081632653,0.5040816326530613,490,2009,-0.47337350001529954,-1.0145390719705187,0.4798407167745147,1.9971028987583468,527,-0.34208509607496695,-0.3531613235486666,0.5028462998102466,0.6794699377868607,1230,0.1594764184521128,0.2633629507342581,0.5113821138211382,0.33338918708358595
ORB_go,3766,0.48698884758364314,-0.04188794476898566,28.797369138495092,-27.418284161490682,0.9970220186560385,-157.75,-0.06516790763487884,2334.375,"{""K"": 30, ""stop_x_or"": 0.5, ""tgt_x_or"": 0.5, ""salida"": 1559}",1.3782961460446248,0.5070993914807302,493,1.053826530612245,0.5040816326530613,490,2009,-0.8772883744242852,-1.6751287558366352,0.47336983573917374,1.9971028987583468,527,0.05510441455313663,0.05107729697855281,0.5009487666034156,0.6794699377868607,1230,0.17063400664192432,0.25818033105040533,0.5032520325203252,0.33338918708358595
ORB_go,3766,0.4158258098778545,0.2704460966542751,34.40692848020434,-24.028522727272726,1.0192668750679827,1018.5,0.3734636389675209,1825.5,"{""K"": 30, ""stop_x_or"": 0.5, ""tgt_x_or"": 1.0, ""salida"": 1200}",0.914553752535497,0.4421906693711968,493,1.0142857142857142,0.4204081632653061,490,2009,-0.32463777555795054,-0.5625235485701677,0.3987058237929318,1.9971028987583468,527,0.013883992070961389,0.011696498226660426,0.428842504743833,0.6794699377868607,1230,0.6505889445779769,0.8750574909243617,0.43821138211382116,0.33338918708358595
ORB_go,3766,0.35767392458842273,0.5566914498141264,49.95675575352635,-26.951322860686233,1.0321572507199528,2096.5,0.6523846086973163,1956.625,"{""K"": 30, ""stop_x_or"": 0.5, ""tgt_x_or"": 1.0, ""salida"": 1559}",4.209432048681542,0.39148073022312374,493,1.110204081632653,0.3653061224489796,490,2009,-0.6658863719106147,-0.9542248035751888,0.3399701343952215,1.9971028987583468,527,0.8365611676617507,0.5814092617435384,0.3757115749525617,0.6794699377868607,1230,0.9585544832356797,1.0953932206647157,0.37886178861788616,0.33338918708358595
ORB_go,3766,0.4033457249070632,0.03508364312267658,35.40947992100066,-23.87844904316867,1.0024624975829317,132.125,0.047203860107367095,2202.25,"{""K"": 30, ""stop_x_or"": 0.5, ""tgt_x_or"": 2.0, ""salida"": 1200}",1.432555780933063,0.4381338742393509,493,3.283418367346939,0.40816326530612246,490,2009,-0.29617285679478106,-0.47738126111266793,0.3852663016426083,1.9971028987583468,527,-0.5565934033155366,-0.4583428110585186,0.41366223908918404,0.6794699377868607,1230,0.8404883380042888,1.0568965271030117,0.42845528455284554,0.33338918708358595
ORB_go,3766,0.3064259160913436,0.6953332448220924,62.39948006932409,-26.565993491577334,1.0377375824817203,2618.625,0.7056567611159845,2266.5,"{""K"": 30, ""stop_x_or"": 0.5, ""tgt_x_or"": 2.0, ""salida"": 1559}",6.397819472616633,0.3488843813387424,493,4.534438775510204,0.3081632653061224,490,2009,-0.6236634470988662,-0.7538028026548856,0.28770532603285215,1.9971028987583468,527,-0.2939687501531195,-0.18382685692194695,0.31688804554079697,0.6794699377868607,1230,1.5675334597934711,1.5182557752317376,0.33252032520325203,0.33338918708358595
ORB_go,3766,0.588688263409453,0.3891064790228359,24.339366260712676,-33.889606197546804,1.0279145632917421,1465.375,0.543792692777712,2333.5,"{""K"": 30, ""stop_x_or"": 1.0, ""tgt_x_or"": 0.5, ""salida"": 1200}",1.265212981744422,0.6004056795131846,493,2.625,0.6142857142857143,490,2009,-0.4748512102829879,-0.8242965493531005,0.5714285714285714,1.9971028987583468,527,-0.5208446103659083,-0.4423260079438696,0.5977229601518027,0.6794699377868607,1230,1.0047650058548128,1.390936688557787,0.6130081300813008,0.33338918708358595
ORB_go,3766,0.6319702602230484,0.7153146574614976,28.180514705882352,-46.44715007215007,1.041846114414201,2693.875,0.847243337707192,2933.25,"{""K"": 30, ""stop_x_or"": 1.0, ""tgt_x_or"": 0.5, ""salida"": 1559}",3.195233265720081,0.6632860040567952,493,2.3862244897959184,0.6591836734693878,490,2009,-1.3793880102410148,-1.966104634782582,0.6087605774016924,1.9971028987583468,527,-0.2493361426378704,-0.1758788060313078,0.6432637571157496,0.6794699377868607,1230,1.7185468559222226,2.0254182885354126,0.6650406504065041,0.33338918708358595
ORB_go,3766,0.5098247477429634,0.7406399362719065,32.79348958333333,-32.59710184182015,1.0463528835008329,2789.25,0.8663328256818769,2733.25,"{""K"": 30, ""stop_x_or"": 1.0, ""tgt_x_or"": 1.0, ""salida"": 1200}",2.3017241379310347,0.5253549695740365,493,3.4392857142857145,0.5448979591836735,490,2009,-0.3303952471093756,-0.48284188158100483,0.48929815828770534,1.9971028987583468,527,-0.26545732798596133,-0.1897201313146489,0.5161290322580645,0.6794699377868607,1230,1.5838742714064808,1.8281995721483428,0.540650406504065,0.33338918708358595
ORB_go,3766,0.5015932023366968,1.3387546468401488,46.945076760190574,-44.55913692061801,1.060280974443282,5041.75,1.2264399462581643,3422.25,"{""K"": 30, ""stop_x_or"": 1.0, ""tgt_x_or"": 1.0, ""salida"": 1559}",7.194219066937119,0.5436105476673428,493,4.748979591836735,0.536734693877551,490,2009,-1.4589781694542467,-1.6364841731497088,0.4728720756595321,1.9971028987583468,527,0.38217545438678446,0.20896053791219402,0.5180265654648957,0.6794699377868607,1230,2.7970946078279573,2.548686324192104,0.5414634146341464,0.33338918708358595
ORB_go,3766,0.4965480616038237,0.5995087626128518,33.91216577540107,-32.25632911392405,1.036916674842212,2257.75,0.6816576478519981,3295.75,"{""K"": 30, ""stop_x_or"": 1.0, ""tgt_x_or"": 2.0, ""salida"": 1200}",2.5050709939148073,0.5192697768762677,493,6.036734693877551,0.5326530612244897,490,2009,-0.23747267052213789,-0.32509110250870404,0.47436535589845696,1.9971028987583468,527,-0.7711957251350509,-0.5337532244733176,0.5009487666034156,0.6794699377868607,1230,1.8592981962280577,2.0228344915749057,0.5308943089430894,0.33338918708358595
ORB_go,3766,0.4466277217206585,1.8585369091874668,58.10656956004756,-43.53934740882917,1.0771386219361665,6999.25,1.4815348886024609,3262.25,"{""K"": 30, ""stop_x_or"": 1.0, ""tgt_x_or"": 2.0, ""salida"": 1559}",8.871703853955376,0.4969574036511156,493,8.67908163265306,0.47551020408163264,490,2009,-1.1054022106403014,-1.0609737919407458,0.4171229467396715,1.9971028987583468,527,-0.5495079585074848,-0.2723136648781407,0.4573055028462998,0.6794699377868607,1230,3.717949513579135,2.9189387225229173,0.4902439024390244,0.33338918708358595
ORB_fade,3766,0.5031864046733935,0.0461696760488582,24.626385224274408,-24.84934526990914,1.0037398002392828,173.875,0.07837595401989436,2670.875,"{""K"": 30, ""stop_x_or"": 0.5, ""tgt_x_or"": 0.5, ""salida"": 1200}",-0.2733265720081136,0.4908722109533469,493,-1.072704081632653,0.49387755102040815,490,2009,0.4730891709714123,1.01394212421341,0.5151816824290691,1.9971028987583468,527,0.28152345735284673,0.2906276654560018,0.49335863377609107,0.6794699377868607,1230,-0.1594764184521128,-0.2633629507342581,0.4878048780487805,0.33338918708358595
ORB_fade,3766,0.512745618693574,0.03591343600637281,27.4265924391507,-28.787738419618528,1.0025603165138048,135.25,0.055872972199264855,3259.25,"{""K"": 30, ""stop_x_or"": 0.5, ""tgt_x_or"": 0.5, ""salida"": 1559}",-1.3782961460446248,0.49290060851926976,493,-1.053826530612245,0.4959183673469388,490,2009,0.8770040453803979,1.6746017915138032,0.5266301642608263,1.9971028987583468,527,-0.11566605327525684,-0.10721390115978754,0.4971537001897533,0.6794699377868607,1230,-0.17063400664192432,-0.25818033105040533,0.4967479674796748,0.33338918708358595
ORB_fade,3766,0.4065321295804567,-0.3891064790228359,34.28804702808622,-24.14334451901566,0.9728434985857678,-1465.375,-0.543792692777712,4334.25,"{""K"": 30, ""stop_x_or"": 0.5, ""tgt_x_or"": 1.0, ""salida"": 1200}",-1.265212981744422,0.3995943204868154,493,-2.625,0.3836734693877551,490,2009,0.4748512102829879,0.8242965493531005,0.4211050273768044,1.9971028987583468,527,0.5208446103659083,0.4423260079438696,0.3984819734345351,0.6794699377868607,1230,-1.0047650058548128,-1.390936688557787,0.3861788617886179,0.33338918708358595
ORB_fade,3766,0.3672331386086033,-0.7153146574614976,46.54790310918293,-28.145037767519934,0.9598346494407863,-2693.875,-0.847243337707192,5681.375,"{""K"": 30, ""stop_x_or"": 0.5, ""tgt_x_or"": 1.0, ""salida"": 1559}",-3.195233265720081,0.3367139959432049,493,-2.3862244897959184,0.3408163265306122,490,2009,1.3793880102410148,1.966104634782582,0.38974614235938276,1.9971028987583468,527,0.2493361426378704,0.1758788060313078,0.3567362428842505,0.6794699377868607,1230,-1.7185468559222226,-2.0254182885354126,0.33495934959349594,0.33338918708358595
ORB_fade,3766,0.39006903876792354,-0.16662241104620287,36.88716814159292,-23.863626469307793,0.9885523513287938,-627.5,-0.21645689127482168,4385.875,"{""K"": 30, ""stop_x_or"": 0.5, ""tgt_x_or"": 2.0, ""salida"": 1200}",-0.3105983772819473,0.3935091277890467,493,-2.9525510204081633,0.35918367346938773,490,2009,0.9487765141861408,1.4761205734709846,0.40169238427078147,1.9971028987583468,527,0.8147007639500417,0.6361627905642627,0.3927893738140417,0.6794699377868607,1230,-0.9315885740289328,-1.1997514609861437,0.3699186991869919,0.33338918708358595
ORB_fade,3766,0.31625066383430694,-0.13940520446096655,59.28106633081444,-27.62281553398058,0.9926190183294378,-525.0,-0.13788729208512085,7419.125,"{""K"": 30, ""stop_x_or"": 0.5, ""tgt_x_or"": 2.0, ""salida"": 1559}",-1.6397058823529411,0.29006085192697767,493,-3.4487244897959184,0.2693877551020408,490,2009,2.432483595008514,2.8517147632304005,0.34196117471378795,1.9971028987583468,527,1.237259617818445,0.7006261005916042,0.3036053130929791,0.6794699377868607,1230,-1.6810659444326335,-1.6886481487518326,0.27967479674796747,0.33338918708358595
ORB_fade,3766,0.5804567180031864,-0.27054567180031863,24.18223924977127,-34.102056962025316,0.9810903607470131,-1018.875,-0.3736013174873635,3629.125,"{""K"": 30, ""stop_x_or"": 1.0, ""tgt_x_or"": 0.5, ""salida"": 1200}",-0.914553752535497,0.5578093306288032,493,-1.0142857142857142,0.5775510204081633,490,2009,0.32424636843915583,0.5618513757541781,0.5953210552513688,1.9971028987583468,527,-0.013883992070961389,-0.011696498226660426,0.5692599620493358,0.6794699377868607,1230,-0.6505889445779769,-0.8750574909243617,0.5609756097560976,0.33338918708358595
ORB_fade,3766,0.6417950079660116,-0.5568242166755177,26.973417459660737,-49.882690882134916,0.9688371902945012,-2097.0,-0.6525404542634353,4863.75,"{""K"": 30, ""stop_x_or"": 1.0, ""tgt_x_or"": 0.5, ""salida"": 1559}",-4.209432048681542,0.6085192697768763,493,-1.110204081632653,0.6346938775510204,490,2009,0.6652244430094061,0.9532869028206997,0.6590343454454952,1.9971028987583468,527,-0.8365611676617507,-0.5814092617435384,0.6242884250474383,0.6794699377868607,1230,-0.9585544832356797,-1.0953932206647157,0.6211382113821138,0.33338918708358595
ORB_fade,3766,0.4838024429102496,-0.7406399362719065,33.02648188803513,-32.3886316872428,0.9557005249072875,-2789.25,-0.8663328256818769,6002.5,"{""K"": 30, ""stop_x_or"": 1.0, ""tgt_x_or"": 1.0, ""salida"": 1200}",-2.3017241379310347,0.4726166328600406,493,-3.4392857142857145,0.4530612244897959,490,2009,0.3303952471093756,0.48284188158100483,0.5007466401194625,1.9971028987583468,527,0.26545732798596133,0.1897201313146489,0.48007590132827327,0.6794699377868607,1230,-1.5838742714064808,-1.8281995721483428,0.45772357723577234,0.33338918708358595
ORB_fade,3766,0.4965480616038237,-1.3387546468401488,44.725935828877006,-46.77175632911393,0.9431462264283922,-5041.75,-1.2264399462581643,9654.25,"{""K"": 30, ""stop_x_or"": 1.0, ""tgt_x_or"": 1.0, ""salida"": 1559}",-7.194219066937119,0.4563894523326572,493,-4.748979591836735,0.463265306122449,490,2009,1.4589781694542467,1.6364841731497088,0.5236436037829766,1.9971028987583468,527,-0.38217545438678446,-0.20896053791219402,0.4819734345351044,0.6794699377868607,1230,-2.7970946078279573,-2.548686324192104,0.4585365853658537,0.33338918708358595
ORB_fade,3766,0.46946362187997875,-0.3031731279872544,35.498161764705884,-31.983233233233232,0.9821329368960526,-1141.75,-0.3330409304568754,5105.25,"{""K"": 30, ""stop_x_or"": 1.0, ""tgt_x_or"": 2.0, ""salida"": 1200}",-1.1151115618661258,0.4685598377281947,493,-3.148469387755102,0.4326530612244898,490,2009,0.8354435360773551,1.1205580092907739,0.48282727725236435,1.9971028987583468,527,0.7104843126509007,0.4728449748340296,0.47438330170777987,0.6794699377868607,1230,-1.287251042757853,-1.3956902498477817,0.44552845528455287,0.33338918708358595
ORB_fade,3766,0.44609665427509293,-0.2879049389272438,55.878571428571426,-45.522651006711406,0.9885820646007145,-1084.25,-0.22542695112901914,9577.5,"{""K"": 30, ""stop_x_or"": 1.0, ""tgt_x_or"": 2.0, ""salida"": 1559}",-4.318965517241379,0.4117647058823529,493,-4.703571428571428,0.4061224489795918,490,2009,2.6284651452591734,2.516857821946476,0.47336983573917374,1.9971028987583468,527,1.1047238715413472,0.505458566293663,0.43453510436432635,0.6794699377868607,1230,-2.3775210057311007,-1.8874289913557438,0.4065040650406504,0.33338918708358595
ORB_go,3542,0.5095990965556183,0.6532679277244494,20.733171745152355,-20.21272308578008,1.0659045272647005,2313.875,1.1573867271174711,1341.875,"{""K"": 60, ""stop_x_or"": 0.5, ""tgt_x_or"": 0.5, ""salida"": 1200}",2.316666666666667,0.546236559139785,465,1.2508029978586723,0.4989293361884368,467,1880,0.9549082393054302,2.0837508423451117,0.4968085106382979,1.9887573518660304,500,0.6455901371093725,0.7215752660871488,0.524,0.6680745905951774,1162,0.7427938964708608,1.2492690210499588,0.5240963855421686,0.33322116502347326
ORB_go,3542,0.5172219085262564,1.653232636928289,33.96943231441048,-32.96856725146199,1.103869093811667,5855.75,2.0682228402058462,1906.625,"{""K"": 60, ""stop_x_or"": 0.5, ""tgt_x_or"": 0.5, ""salida"": 1559}",10.17258064516129,0.5763440860215053,465,1.4850107066381157,0.5139186295503212,467,1880,0.4122154785920966,0.628970115099565,0.5047872340425532,1.9887573518660304,500,1.4267619925817232,1.1039389164899462,0.534,0.6680745905951774,1162,1.8306493560524417,2.218012392425971,0.5301204819277109,0.33322116502347326
ORB_go,3542,0.48616600790513836,0.39038678712591757,22.16724738675958,-20.213873626373626,1.0375857077814852,1382.75,0.634349359340036,1878.875,"{""K"": 60, ""stop_x_or"": 0.5, ""tgt_x_or"": 1.0, ""salida"": 1200}",2.0739247311827955,0.5290322580645161,465,1.0029443254817987,0.4753747323340471,467,1880,0.9940896431067187,1.966228385976542,0.474468085106383,1.9887573518660304,500,0.9164733749166017,0.907876921495103,0.5,0.6680745905951774,1162,0.385023231664282,0.5998469714429007,0.4991394148020654,0.33322116502347326
ORB_go,3542,0.4192546583850932,0.9450875211744777,46.74781144781145,-32.12105007292173,1.0506636598913324,3347.5,0.9842043167484458,3542.25,"{""K"": 60, ""stop_x_or"": 0.5, ""tgt_x_or"": 1.0, ""salida"": 1559}",8.55994623655914,0.47956989247311826,465,-0.20021413276231265,0.4025695931477516,467,1880,0.824612034837897,1.0046569366537519,0.40638297872340423,1.9887573518660304,500,2.4444163776288454,1.509733052930772,0.45,0.6680745905951774,1162,0.8384211529939454,0.845490409785368,0.4268502581755594,0.33322116502347326
ORB_go,3542,0.48531902879728966,0.40803218520609824,22.244182664339732,-20.182391662095448,1.0392811034857647,1445.25,0.6493908111418104,2052.625,"{""K"": 60, ""stop_x_or"": 0.5, ""tgt_x_or"": 2.0, ""salida"": 1200}",2.7583333333333333,0.5290322580645161,465,1.4868843683083512,0.4732334047109208,467,1880,0.9120914605679608,1.7798452032739265,0.47393617021276596,1.9887573518660304,500,0.7408151815839392,0.7129983583738913,0.498,0.6680745905951774,1162,0.5629640531966552,0.8488071309909978,0.49827882960413084,0.33322116502347326
ORB_go,3542,0.39723320158102765,1.5929559570863918,52.04726368159204,-31.657259953161592,1.0834797468494894,5642.25,1.4698402463136178,3834.875,"{""K"": 60, ""stop_x_or"": 0.5, ""tgt_x_or"": 2.0, ""salida"": 1559}",10.303494623655913,0.4645161290322581,465,3.143468950749465,0.38329764453961457,467,1880,0.7574797620753716,0.834628929514308,0.3824468085106383,1.9887573518660304,500,2.13025311299656,1.189530673706012,0.42,0.6680745905951774,1162,1.466686113637492,1.3318445215822325,0.4113597246127367,0.33322116502347326
ORB_go,3542,0.5327498588368154,0.883011010728402,20.51596449390567,-21.50211480362538,1.0878891979992131,3127.625,1.442692671908208,1251.375,"{""K"": 60, ""stop_x_or"": 1.0, ""tgt_x_or"": 0.5, ""salida"": 1200}",2.878494623655914,0.5591397849462365,465,3.1196466809421843,0.5331905781584583,467,1880,0.9553367294243548,1.9238165351617682,0.5202127659574468,1.9887573518660304,500,0.6083080549456993,0.6172265844803607,0.544,0.6680745905951774,1162,1.2444106625790676,1.9817867047043045,0.5481927710843374,0.33322116502347326
ORB_go,3542,0.6106719367588933,1.8106295878035008,32.95677300046232,-47.0429659173314,1.0988596819132987,6413.25,1.8590598274325,1804.75,"{""K"": 60, ""stop_x_or"": 1.0, ""tgt_x_or"": 0.5, ""salida"": 1559}",9.952956989247312,0.6666666666666666,465,2.5674518201284795,0.6167023554603854,467,1880,-0.3688208171046714,-0.457948145611681,0.5946808510638298,1.9887573518660304,500,0.2805433277416149,0.1731990239922772,0.628,0.6680745905951774,1162,2.7852213625091684,2.8396622826123257,0.6290877796901894,0.33322116502347326
ORB_go,3542,0.5093167701863354,0.7550818746470921,21.952743902439025,-21.247554660529342,1.0724242280638807,2674.5,1.1465717481000124,1486.25,"{""K"": 60, ""stop_x_or"": 1.0, ""tgt_x_or"": 1.0, ""salida"": 1200}",2.8440860215053765,0.5419354838709678,465,3.007494646680942,0.5096359743040685,467,1880,0.9500961530728748,1.7484238535800365,0.4973404255319149,1.9887573518660304,500,0.955652226713394,0.8788476028335294,0.52,0.6680745905951774,1162,1.0073728604124197,1.4985849440239947,0.5240963855421686,0.33322116502347326
ORB_go,3542,0.5166572557876906,1.499223602484472,45.16693989071038,-45.17830023364486,1.06865644625882,5310.25,1.2952067723415508,2544.25,"{""K"": 60, ""stop_x_or"": 1.0, ""tgt_x_or"": 1.0, ""salida"": 1559}",9.130107526881721,0.5741935483870968,465,1.9662740899357602,0.5160599571734475,467,1880,-0.1790774514380176,-0.18285211988530023,0.49627659574468086,1.9887573518660304,500,1.4887231912592163,0.7623621546410171,0.554,0.6680745905951774,1162,2.2880602962258507,1.953667929134355,0.5335628227194492,0.33322116502347326
ORB_go,3542,0.5084697910784868,0.7461180124223602,21.973486951693502,-21.21280873061459,1.071558154962566,2642.75,1.1132094090049078,1600.0,"{""K"": 60, ""stop_x_or"": 1.0, ""tgt_x_or"": 2.0, ""salida"": 1200}",3.4736559139784946,0.5419354838709678,465,3.4700214132762315,0.5074946466809421,467,1880,0.8040075453833789,1.469277073756471,0.4968085106382979,1.9887573518660304,500,0.7799940333807316,0.6996172560091068,0.518,0.6680745905951774,1162,1.1714408377107228,1.6927366403099144,0.5232358003442341,0.33322116502347326
ORB_go,3542,0.49491812535290797,2.144127611518916,49.77039361095265,-44.52375628842929,1.0953448081051562,7594.5,1.6702802899188924,3464.25,"{""K"": 60, ""stop_x_or"": 1.0, ""tgt_x_or"": 2.0, ""salida"": 1559}",11.861290322580645,0.5634408602150538,465,5.194860813704497,0.49678800856531047,467,1880,-0.297716219257194,-0.2792252962244535,0.4723404255319149,1.9887573518660304,500,1.225334555575847,0.5779804602992303,0.526,0.6680745905951774,1162,2.8798517324888633,2.255473463315224,0.5180722891566265,0.33322116502347326
ORB_fade,3542,0.47600225861095424,-0.6533385093167702,20.82413997627521,-20.163591056034484,0.9381640608038372,-2314.125,-1.1575113114927464,3038.5,"{""K"": 60, ""stop_x_or"": 0.5, ""tgt_x_or"": 0.5, ""salida"": 1200}",-2.316666666666667,0.45161290322580644,465,-1.2508029978586723,0.4989293361884368,467,1880,-0.9553057710386673,-2.084575812731102,0.47925531914893615,1.9887573518660304,500,-0.6455901371093725,-0.7215752660871488,0.47,0.6680745905951774,1162,-0.7427938964708608,-1.2492690210499588,0.47332185886402756,0.33322116502347326
ORB_fade,3542,0.4816487859966121,-1.6533738001129306,33.04579425556858,-33.89562908496732,0.9058970511731234,-5856.25,-2.0683991067401357,7747.5,"{""K"": 60, ""stop_x_or"": 0.5, ""tgt_x_or"": 0.5, ""salida"": 1559}",-10.17258064516129,0.4236559139784946,465,-1.4850107066381157,0.4860813704496788,467,1880,-0.4129412652080924,-0.6300692537632977,0.4930851063829787,1.9887573518660304,500,-1.4267619925817232,-1.1039389164899462,0.466,0.6680745905951774,1162,-1.8306493560524417,-2.218012392425971,0.46987951807228917,0.33322116502347326
ORB_fade,3542,0.4525691699604743,-0.8830815923207228,22.199625701809108,-19.965897369778236,0.9192053236727142,-3127.875,-1.442807516060209,4018.0,"{""K"": 60, ""stop_x_or"": 0.5, ""tgt_x_or"": 1.0, ""salida"": 1200}",-2.878494623655914,0.43870967741935485,465,-3.1196466809421843,0.46466809421841543,467,1880,-0.9557342611575919,-1.9245836503401192,0.45585106382978724,1.9887573518660304,500,-0.6083080549456993,-0.6172265844803607,0.45,0.6680745905951774,1162,-1.2444106625790676,-1.9817867047043045,0.4483648881239243,0.33322116502347326
ORB_fade,3542,0.38819875776397517,-1.8107354601919818,47.179818181818185,-32.89611213659437,0.9100295114565122,-6413.625,-1.8591681433312854,8827.75,"{""K"": 60, ""stop_x_or"": 0.5, ""tgt_x_or"": 1.0, ""salida"": 1559}",-9.952956989247312,0.3333333333333333,465,-2.5674518201284795,0.38329764453961457,467,1880,0.36824504677615816,0.4572279918937473,0.4031914893617021,1.9887573518660304,500,-0.2805433277416149,-0.1731990239922772,0.372,0.6680745905951774,1162,-2.7852213625091684,-2.8396622826123257,0.3709122203098107,0.33322116502347326
ORB_fade,3542,0.4514398644833427,-0.6102837380011293,22.887116948092558,-19.94756819351518,0.9442278231983616,-2161.625,-0.9623096016487253,3138.375,"{""K"": 60, ""stop_x_or"": 0.5, ""tgt_x_or"": 2.0, ""salida"": 1200}",-2.17258064516129,0.43870967741935485,465,-2.8873126338329764,0.46466809421841543,467,1880,-0.7453275569636099,-1.447054647189618,0.4542553191489362,1.9887573518660304,500,-0.350023876334025,-0.34039872685473127,0.45,0.6680745905951774,1162,-1.1278584814855677,-1.7605114203953742,0.4475043029259897,0.33322116502347326
ORB_fade,3542,0.3695652173913043,-1.2275550536420101,52.35542398777693,-32.63826690550828,0.940341308635623,-4348.0,-1.1252652276499855,8491.0,"{""K"": 60, ""stop_x_or"": 0.5, ""tgt_x_or"": 2.0, ""salida"": 1559}",-8.695967741935483,0.3139784946236559,465,-3.5366702355460387,0.3533190578158458,467,1880,1.220494605108903,1.3524160074614016,0.38670212765957446,1.9887573518660304,500,0.5221861173999157,0.28723104245702086,0.354,0.6680745905951774,1162,-2.7224085562357523,-2.5383110268506357,0.34853700516351116,0.33322116502347326
ORB_fade,3542,0.4988706945228684,-0.39038678712591757,20.82017543859649,-21.505352112676057,0.9637758042544273,-1382.75,-0.634349359340036,3018.75,"{""K"": 60, ""stop_x_or"": 1.0, ""tgt_x_or"": 0.5, ""salida"": 1200}",-2.0739247311827955,0.46881720430107526,465,-1.0029443254817987,0.5224839400428265,467,1880,-0.9940896431067187,-1.966228385976542,0.500531914893617,1.9887573518660304,500,-0.9164733749166017,-0.907876921495103,0.494,0.6680745905951774,1162,-0.385023231664282,-0.5998469714429007,0.49827882960413084,0.33322116502347326
ORB_fade,3542,0.5787690570299266,-0.9451228119706381,32.23067073170732,-46.52848525469169,0.9517775729071384,-3347.625,-0.9842411680295575,6748.875,"{""K"": 60, ""stop_x_or"": 1.0, ""tgt_x_or"": 0.5, ""salida"": 1559}",-8.55994623655914,0.5204301075268817,465,0.20021413276231265,0.5974304068522484,467,1880,-0.8247620511253797,-1.004842072513327,0.5904255319148937,1.9887573518660304,500,-2.4444163776288454,-1.509733052930772,0.548,0.6680745905951774,1162,-0.8384211529939454,-0.845490409785368,0.5731497418244407,0.33322116502347326
ORB_fade,3542,0.4754376058723885,-0.7550818746470921,21.928889548693586,-21.314720129171153,0.9324668110169118,-2674.5,-1.1465717481000124,3649.75,"{""K"": 60, ""stop_x_or"": 1.0, ""tgt_x_or"": 1.0, ""salida"": 1200}",-2.8440860215053765,0.4559139784946237,465,-3.007494646680942,0.48822269807280516,467,1880,-0.9500961530728748,-1.7484238535800365,0.4776595744680851,1.9887573518660304,500,-0.955652226713394,-0.8788476028335294,0.474,0.6680745905951774,1162,-1.0073728604124197,-1.4985849440239947,0.4724612736660929,0.33322116502347326
ORB_fade,3542,0.4810841332580463,-1.499223602484472,45.390404929577464,-44.970348204570186,0.9357544265051932,-5310.25,-1.2952067723415508,8340.25,"{""K"": 60, ""stop_x_or"": 1.0, ""tgt_x_or"": 1.0, ""salida"": 1559}",-9.130107526881721,0.4258064516129032,465,-1.9662740899357602,0.48394004282655245,467,1880,0.1790774514380176,0.18285211988530023,0.5,1.9887573518660304,500,-1.4887231912592163,-0.7623621546410171,0.444,0.6680745905951774,1162,-2.2880602962258507,-1.953667929134355,0.4664371772805508,0.33322116502347326
ORB_fade,3542,0.4743083003952569,-0.48221343873517786,22.585565476190474,-21.295247046186894,0.9569249780905004,-1708.0,-0.7099734181097469,2854.0,"{""K"": 60, ""stop_x_or"": 1.0, ""tgt_x_or"": 2.0, ""salida"": 1200}",-2.1381720430107527,0.4559139784946237,465,-2.7751605995717346,0.48822269807280516,467,1880,-0.7434250492439456,-1.326310440778757,0.47606382978723405,1.9887573518660304,500,-0.69736804810172,-0.6191008938094987,0.474,0.6680745905951774,1162,-0.8898806993874914,-1.3007834611080384,0.47160068846815834,0.33322116502347326
ORB_fade,3542,0.4599096555618295,-0.6529503105590062,50.889349294045424,-44.543387349712496,0.9728587103853353,-2312.75,-0.5064087880443949,7918.25,"{""K"": 60, ""stop_x_or"": 1.0, ""tgt_x_or"": 2.0, ""salida"": 1559}",-7.819354838709677,0.4043010752688172,465,-2.40203426124197,0.45610278372591007,467,1880,0.8358175139641587,0.7789908009989462,0.4787234042553192,1.9887573518660304,500,-0.4822403506835416,-0.22243455141021523,0.426,0.6680745905951774,1162,-1.9997119445751248,-1.5698033267562632,0.4440619621342513,0.33322116502347326
VWAP_revert,4498,0.4519786571809693,-0.5668082041755358,14.916069804183055,-13.336256882063166,0.9224459105940203,-2549.50330238156,-1.9385378283968464,3391.5707836152615,"{""z"": 2.0, ""stop_atr"": 0.1, ""tgt_x_dist"": 0.5}",-2.6686388351856887,0.42807625649913345,577,-0.18727377626567335,0.47088186356073214,601,2406,-0.22271614583148455,-0.9748264034438258,0.456359102244389,1.9870799882896208,645,-1.134423348220552,-2.6695955081552665,0.4248062015503876,0.670224165191993,1447,-0.2624481086601188,-0.8842956630098823,0.4568071872840359,0.3328120437462337
VWAP_revert,4498,0.31147176522899067,-0.2967646411141643,28.31188753032317,-13.238554015406612,0.9674425900225542,-1334.847355731511,-0.7358288981593579,2838.9681858689178,"{""z"": 2.0, ""stop_atr"": 0.1, ""tgt_x_dist"": 1.0}",-2.288171327157116,0.29636048526863085,577,1.5332849893623153,0.34941763727121466,601,2406,-0.29388789579065505,-0.9383582628847051,0.3096425602660017,1.9870799882896208,645,-1.124052078781429,-1.9550847537727514,0.2930232558139535,0.670224165191993,1447,-0.002716828162881066,-0.006632047554879736,0.3227366966136835,0.3328120437462337
VWAP_revert,4498,0.6142730102267675,-0.5804125866090429,15.39807813960124,-26.02627418690819,0.9421844324844724,-2610.6958145674753,-1.3939855804409564,3453.94279336394,"{""z"": 2.0, ""stop_atr"": 0.2, ""tgt_x_dist"": 0.5}",-1.9798209070733193,0.6065857885615251,577,-0.5999363047136004,0.6256239600665557,601,2406,-0.45970645827642265,-1.417979966891873,0.6126350789692435,1.9870799882896208,645,-0.5946553359071848,-0.9640214555393699,0.6124031007751938,0.670224165191993,1447,-0.33684398190813203,-0.8043371097759129,0.61782999308915,0.3328120437462337
VWAP_revert,4498,0.4655402401067141,-0.688143495041498,28.250343765528953,-25.894962265272166,0.9502779856962077,-3095.269440696658,-1.2199615439579383,4606.794445927273,"{""z"": 2.0, ""stop_atr"": 0.2, ""tgt_x_dist"": 1.0}",-3.621172419668894,0.44020797227036396,577,0.248704901162066,0.4825291181364393,601,2406,-0.3001577988659816,-0.6827580957165839,0.46758104738154616,1.9870799882896208,645,-1.232173596483792,-1.485452781746563,0.4511627906976744,0.670224165191993,1447,-0.4201405921846398,-0.7360329127448381,0.46855563234277814,0.3328120437462337
VWAP_go,4498,0.4757670075589151,0.3193053445072363,15.233717328247991,-13.216250908760454,1.0460864825751384,1436.2354395935488,1.0760153911390407,789.4422408178907,"{""z"": 2.0, ""stop_atr"": 0.1, ""tgt_x_dist"": 0.5}",1.1894213436070376,0.4904679376083189,577,0.2772913076270407,0.4841930116472546,601,2406,0.13415832465559654,0.5806068636688675,0.4713216957605985,1.9870799882896208,645,0.2380670215256817,0.5382581225928629,0.48527131782945737,0.670224165191993,1447,0.22869354726534422,0.7711945470548102,0.47892190739460955,0.3328120437462337
VWAP_go,4498,0.3305913739439751,0.6156492137277876,28.72376247895409,-13.265707287564645,1.0693284697775984,2769.1901633475886,1.4547406839371086,1104.8908953196678,"{""z"": 2.0, ""stop_atr"": 0.1, ""tgt_x_dist"": 1.0}",2.538262967068415,0.35008665511265163,577,1.4448644831761146,0.34941763727121466,601,2406,0.47831427147583155,1.4550509039752944,0.3254364089775561,1.9870799882896208,645,0.21193577766981014,0.35110679485064444,0.3395348837209302,0.670224165191993,1447,0.5128280694886241,1.2155306530328132,0.33517622667588115,0.3328120437462337
VWAP_go,4498,0.6336149399733215,0.3654697140759634,15.472544081072458,-25.760235350208028,1.0387225376491753,1643.8827739136834,0.8952873469886378,1534.5212021027537,"{""z"": 2.0, ""stop_atr"": 0.2, ""tgt_x_dist"": 0.5}",1.5978329495293115,0.6464471403812825,577,-1.6751499035977597,0.6189683860232945,601,2406,0.23211618528345931,0.7167794900467918,0.6330008312551954,1.9870799882896208,645,-0.1821817546629036,-0.2938502231320507,0.6294573643410852,0.670224165191993,1447,0.22993882472121752,0.5592776316860649,0.6364892881824464,0.3328120437462337
VWAP_go,4498,0.4862160960426856,0.6574072674293658,28.561635327080868,-25.749579650120538,1.049691700912652,2957.017888897288,1.1524141269592174,1627.1506431195867,"{""z"": 2.0, ""stop_atr"": 0.2, ""tgt_x_dist"": 1.0}",4.267375441856336,0.5199306759098787,577,-1.1648403730692152,0.480865224625624,601,2406,0.5831879827672131,1.2946370270632253,0.4825436408977556,1.9870799882896208,645,0.09308707927383193,0.10915062619553732,0.4883720930232558,0.670224165191993,1447,0.5653481379539351,0.9868650420197957,0.49136143745680716,0.3328120437462337
VWAP_revert,2329,0.41519965650493773,-0.3662998082614167,17.849350232813435,-13.299143853576675,0.9529016829826413,-853.1122534408396,-0.8306045946032095,1250.926310775204,"{""z"": 2.5, ""stop_atr"": 0.1, ""tgt_x_dist"": 0.5}",1.0603356253202558,0.42950819672131146,305,-1.9546329316566382,0.39009287925696595,323,1239,0.14973930746714845,0.4232421989038223,0.42776432606941084,1.973167060377391,341,-1.1071624211249351,-1.6267904393978783,0.3724340175953079,0.6721716035155816,749,-0.35645995643671946,-0.8091716571765227,0.41388518024032045,0.3350572478124323
VWAP_revert,2329,0.2898239587805925,-0.39098020016334323,31.456663978145396,-13.388053852133357,0.9588782775651631,-910.5928861804264,-0.6632387791932525,1656.8990246212297,"{""z"": 2.5, ""stop_atr"": 0.1, ""tgt_x_dist"": 1.0}",-0.8940725004150304,0.2754098360655738,305,0.21092266712769492,0.29102167182662536,323,1239,0.48983461856301086,0.9901386779433703,0.30104923325262306,1.973167060377391,341,-0.9660816727148385,-1.0756972565875682,0.2668621700879765,0.6721716035155816,749,-0.4173603492019741,-0.7093764655492066,0.2817089452603471,0.3350572478124323
VWAP_revert,2329,0.5689136968656076,-0.3509242973076948,18.746892849702718,-25.554716846898135,0.9681449609754235,-817.3026884296212,-0.558013349418381,1638.5918325033233,"{""z"": 2.5, ""stop_atr"": 0.2, ""tgt_x_dist"": 0.5}",0.19886827829596754,0.5770491803278689,305,-0.4998480347561775,0.5913312693498453,323,1239,-0.5673521376647338,-1.1465692366611249,0.5649717514124294,1.973167060377391,341,-1.4592728889083744,-1.4907033779930663,0.5366568914956011,0.6721716035155816,749,0.12055764218365642,0.19158597051353382,0.5901201602136181,0.3350572478124323
VWAP_revert,2329,0.42679261485616143,-0.5637931061353425,32.83401566408101,-25.430775815944372,0.9613233923696196,-1313.0741441892128,-0.6708397086993978,2537.9187930875446,"{""z"": 2.5, ""stop_atr"": 0.2, ""tgt_x_dist"": 1.0}",-3.033150865111014,0.40327868852459015,305,1.8795349632385214,0.4582043343653251,323,1239,-0.6336508585189056,-0.9584981816024106,0.42534301856335754,1.973167060377391,341,-1.4606836880257656,-1.1525157414753262,0.41055718475073316,0.6721716035155816,749,0.01591497505749447,0.018748628814368215,0.43658210947930576,0.3350572478124323
VWAP_go,2329,0.41906397595534567,-0.45050541086123297,17.50213301913487,-13.400819607222058,0.9421317508830025,-1049.2271018958115,-1.0393315561741048,1268.7281535762686,"{""z"": 2.5, ""stop_atr"": 0.1, ""tgt_x_dist"": 0.5}",-1.515550815450094,0.4065573770491803,305,0.28795287843713707,0.4520123839009288,323,1239,-0.0694531029280319,-0.19601225392283267,0.4124293785310734,1.973167060377391,341,0.42923249424309745,0.6523586946735255,0.45454545454545453,0.6721716035155816,749,-0.3966556493640749,-0.9124705390936813,0.41388518024032045,0.3350572478124323
VWAP_go,2329,0.2889652211249463,-0.35327769007717946,31.81498648241817,-13.426491330227764,0.9629947934694554,-822.7837401897509,-0.5985217307838213,1522.6519201861556,"{""z"": 2.5, ""stop_atr"": 0.1, ""tgt_x_dist"": 1.0}",-0.6052059117173724,0.28524590163934427,305,1.4891557220158382,0.30959752321981426,323,1239,0.40995144570170666,0.822595984384558,0.29055690072639223,1.973167060377391,341,-0.2889770894734324,-0.3288988046828311,0.2903225806451613,0.6721716035155816,749,-0.16606512000982784,-0.2770191133120167,0.2857142857142857,0.3350572478124323
VWAP_go,2329,0.5783598110777157,-0.1621720571182368,18.58587166749407,-25.878684172243265,0.9851375010820665,-377.6987210283735,-0.25865983580607843,1264.1984487827413,"{""z"": 2.5, ""stop_atr"": 0.2, ""tgt_x_dist"": 0.5}",-1.6885641959048847,0.5672131147540984,305,0.5299684648427541,0.6099071207430341,323,1239,-0.2064116049848773,-0.41307151220895694,0.5698143664245359,1.973167060377391,341,1.4471673384702435,1.5168757159204567,0.6187683284457478,0.6721716035155816,749,-0.39409503741970436,-0.6254504497569456,0.5740987983978638,0.3350572478124323
VWAP_go,2329,0.44010304851867754,0.038718291087251555,32.82244589541401,-25.730699496056104,1.002687549580264,90.17489994220887,0.045844982665203496,1450.0148630255953,"{""z"": 2.5, ""stop_atr"": 0.2, ""tgt_x_dist"": 1.0}",-1.236408860276961,0.4360655737704918,305,1.96693006058993,0.4613003095975232,323,1239,0.4052196503774956,0.5957384322323637,0.4358353510895884,1.973167060377391,341,1.7915485102855713,1.351953233741112,0.4750733137829912,0.6721716035155816,749,-0.3860729853218064,-0.45329068093895397,0.43124165554072097,0.3350572478124323
VWAP_revert,507,0.35700197238658776,-1.213727080740457,20.792626353948037,-13.43197852760738,0.8594692343413106,-615.3596299354117,-1.2188042795898937,994.574256012635,"{""z"": 3.0, ""stop_atr"": 0.1, ""tgt_x_dist"": 0.5}",-7.281313957376426,0.2875,80,-4.0940774157072415,0.3142857142857143,70,257,0.6010552953717768,0.6533359135279034,0.3852140077821012,1.9799880891685082,79,-1.1856940438702175,-0.8422589350082716,0.35443037974683544,0.6974727838828957,171,-1.6331860406309253,-1.655633107882355,0.3157894736842105,0.35303614198266553
VWAP_revert,507,0.2583826429980276,-0.5618558783066981,36.52796999769857,-13.484109042553214,0.9438146892172138,-284.86093030149596,-0.41930548679091684,1051.247866204255,"{""z"": 3.0, ""stop_atr"": 0.1, ""tgt_x_dist"": 1.0}",-9.631347556780906,0.175,80,-0.23256491629578835,0.24285714285714285,70,257,1.493106095830876,1.1564891108877258,0.28793774319066145,1.9799880891685082,79,-0.8104643557309167,-0.4031120850091801,0.24050632911392406,0.6974727838828957,171,-0.8311777145294741,-0.5935677334538383,0.2222222222222222,0.35303614198266553
VWAP_revert,507,0.504930966469428,-0.9737330366697543,22.562205051818673,-24.978514513375078,0.9212578015906453,-493.68264959156545,-0.6785377898783292,907.3590705306215,"{""z"": 3.0, ""stop_atr"": 0.2, ""tgt_x_dist"": 0.5}",-6.027013094943584,0.5,80,-1.906627657079194,0.5,70,257,-0.630884134071963,-0.5110476395794287,0.5097276264591439,1.9799880891685082,79,-3.032622500856686,-1.4803666048741142,0.4810126582278481,0.6974727838828957,171,-0.9557132556464777,-0.6566993069486694,0.5087719298245614,0.35303614198266553
VWAP_revert,507,0.38461538461538464,-1.4987894340490822,37.39717677550172,-25.808768315018334,0.9056315744865475,-759.8862430628847,-0.7911569949802687,1654.1452789443138,"{""z"": 3.0, ""stop_atr"": 0.2, ""tgt_x_dist"": 1.0}",-10.179365987816322,0.3375,80,3.7674237886606665,0.4,70,257,0.8237084935667416,0.49810444358736855,0.41245136186770426,1.9799880891685082,79,-5.629770329360305,-2.19058206263047,0.3037974683544304,0.6974727838828957,171,-0.5758748556277383,-0.29251622339312444,0.38011695906432746,0.35303614198266553
VWAP_go,507,0.378698224852071,-0.0014395939015131734,21.442264420568204,-13.0718877551021,0.9998227447554677,-0.7298741080671789,-0.0014370832440269998,407.0233486676832,"{""z"": 3.0, ""stop_atr"": 0.1, ""tgt_x_dist"": 0.5}",3.385584725247827,0.425,80,-0.9529344718078911,0.37142857142857144,70,257,-0.9637750608102084,-1.206447235127555,0.35019455252918286,1.9799880891685082,79,1.2330995731188532,0.8269627423341565,0.4430379746835443,0.6974727838828957,171,0.48714990912791484,0.47000990678290705,0.391812865497076,0.35303614198266553
VWAP_go,507,0.252465483234714,-0.5435536585477959,37.05889014041738,-13.243059743686432,0.9450936171095423,-275.5817048837325,-0.41245929971170225,648.2872955711182,"{""z"": 3.0, ""stop_atr"": 0.1, ""tgt_x_dist"": 1.0}",0.02735147459991367,0.2625,80,0.9290071068002622,0.2571428571428571,70,257,-0.37619246811814144,-0.33341051278612377,0.245136186770428,1.9799880891685082,79,1.219694033004828,0.5721915068541302,0.2911392405063291,0.6974727838828957,171,0.07607800377826346,0.05336615935691653,0.24561403508771928,0.35303614198266553
VWAP_go,507,0.5443786982248521,0.40571822396948565,21.918915101898364,-25.298361162646835,1.0351988201872204,205.69913955252923,0.29093154756786566,377.4718745277312,"{""z"": 3.0, ""stop_atr"": 0.2, ""tgt_x_dist"": 0.5}",7.419966748004742,0.625,80,0.7216258708343049,0.5571428571428572,70,257,-0.9704954260434484,-0.8267511875696467,0.5136186770428015,1.9799880891685082,79,1.5151769412228961,0.7454134982501348,0.5949367088607594,0.6974727838828957,171,1.2215869098652823,0.8439936714648654,0.5672514619883041,0.35303614198266553
VWAP_go,507,0.40631163708086787,-0.405630821533922,36.24163745795845,-25.48648552444232,0.973192120755551,-205.65482651769844,-0.22435421436948802,784.59465043202,"{""z"": 3.0, ""stop_atr"": 0.2, ""tgt_x_dist"": 1.0}",5.186735746800491,0.475,80,1.66822145158294,0.44285714285714284,70,257,-0.29861566367438874,-0.18464421603339562,0.38910505836575876,1.9799880891685082,79,0.6879383070745763,0.2385553928297676,0.4177215189873418,0.6974727838828957,171,0.8644489154309958,0.4587257706059091,0.4269005847953216,0.35303614198266553
R15_cont,16940,0.5039551357733176,0.3659354444257056,11.599242791880721,-11.046505924754761,1.0667818721501547,6198.946428571453,3.042986926550958,1273.4160714285272,"{""k_atr"": 0.15, ""stop_atr"": 0.1, ""tgt_atr"": 0.1, ""hold"": 15}",1.3911655462184853,0.5167058823529411,2125,0.6767824302134181,0.5140229885057471,2175,9160,0.19787631141021264,2.0512024679472622,0.49759825327510915,2.0597320388766107,2360,0.12669529147463146,0.6635031019768566,0.5,0.7039808062333327,5420,0.33215770926110294,2.6550637703424216,0.5164206642066421,0.3400815299013152
R15_cont,16940,0.5111570247933884,0.432710511890708,12.525287479583588,-12.211852217641072,1.0724847302494909,7330.116071428594,3.3940748112033075,1239.1499999999542,"{""k_atr"": 0.15, ""stop_atr"": 0.1, ""tgt_atr"": 0.1, ""hold"": 30}",1.61147731092437,0.5265882352941177,2125,0.706095238095181,0.511264367816092,2175,9160,0.2358541661671979,2.3116999755072314,0.5070960698689956,2.0597320388766107,2360,0.15089518193924842,0.7481579778070444,0.5067796610169492,0.7039808062333327,5420,0.3810705757414344,2.8734335170504948,0.5199261992619926,0.3400815299013152
R15_cont,16940,0.41753246753246753,0.32120425029516153,15.837559330249844,-10.80144493187971,1.0510537568109166,5441.200000000036,2.15649766599012,1803.614285714281,"{""k_atr"": 0.15, ""stop_atr"": 0.1, ""tgt_atr"": 0.2, ""hold"": 15}",0.8366680672268849,0.4272941176470588,2125,0.6234129720853353,0.43724137931034485,2175,9160,0.15788657637070047,1.3139803889348616,0.40873362445414846,2.0597320388766107,2360,0.24603707653014528,1.0205682982293678,0.413135593220339,0.7039808062333327,5420,0.32785227083253204,2.1027803862525833,0.43431734317343174,0.3400815299013152
R15_cont,16940,0.3873081463990555,0.5176158500590339,20.26921092168006,-11.968193501988903,1.0705889721736492,8768.412500000033,3.063082228194895,1328.241071428546,"{""k_atr"": 0.15, ""stop_atr"": 0.1, ""tgt_atr"": 0.2, ""hold"": 30}",1.369321008403358,0.39341176470588235,2125,0.6944671592774373,0.39448275862068966,2175,9160,0.3711526563299126,2.727114190517858,0.38286026200873363,2.0597320388766107,2360,0.3164624763289079,1.1683961067048603,0.38177966101694916,0.7039808062333327,5420,0.442028615630449,2.51404168706548,0.39723247232472325,0.3400815299013152
R15_cont,16940,0.5825265643447461,0.4883490048912105,11.359012898836065,-14.680162209114423,1.0796839045762379,8272.632142857106,3.3234431557670967,1909.8053571428418,"{""k_atr"": 0.15, ""stop_atr"": 0.2, ""tgt_atr"": 0.1, ""hold"": 15}",2.4110941176470564,0.6061176470588235,2125,0.25210755336617585,0.5733333333333334,2175,9160,0.4009408031988006,3.4412193353005063,0.5746724890829694,2.0597320388766107,2360,0.3303729228648145,1.3961484797018235,0.5911016949152542,0.7039808062333327,5420,0.4123510603414455,2.713034679226302,0.5920664206642067,0.3400815299013152
R15_cont,16940,0.6321133412042503,0.5537654958677654,12.244844141896579,-19.53417900696865,1.0770578150011374,9380.787499999946,3.3387745344926225,2346.0142857142637,"{""k_atr"": 0.15, ""stop_atr"": 0.2, ""tgt_atr"": 0.1, ""hold"": 30}",2.688627731092429,0.6555294117647059,2125,0.24474958949096998,0.6147126436781609,2175,9160,0.46636045300558904,3.5277826905612777,0.629585152838428,2.0597320388766107,2360,0.3960283688316441,1.491679286700376,0.6389830508474577,0.7039808062333327,5420,0.40403813671418054,2.344551843504924,0.6333948339483395,0.3400815299013152
R15_cont,16940,0.49439197166469895,0.47234293304098207,15.441291684434969,-14.164545075473278,1.065953952926827,8001.489285714237,2.656104999439851,1811.9071428571324,"{""k_atr"": 0.15, ""stop_atr"": 0.2, ""tgt_atr"": 0.2, ""hold"": 15}",2.412322689075629,0.5185882352941177,2125,0.21313300492610965,0.49701149425287355,2175,9160,0.3244194014814448,2.293485123089723,0.48264192139737994,2.0597320388766107,2360,0.49863539693119896,1.7207323165085429,0.5033898305084745,0.7039808062333327,5420,0.4401310253798692,2.3838129318688037,0.5103321033210332,0.3400815299013152
R15_cont,16940,0.506198347107438,0.6209084584246888,19.373673469387754,-18.602637264110673,1.0675928127308796,10518.189285714228,2.9089822880505083,1537.9571428570944,"{""k_atr"": 0.15, ""stop_atr"": 0.2, ""tgt_atr"": 0.2, ""hold"": 30}",2.9490184873949534,0.5247058823529411,2125,-0.030234811165840376,0.4974712643678161,2175,9160,0.604954316240136,3.5539198021727985,0.502292576419214,2.0597320388766107,2360,0.6544532287926085,1.897915332126191,0.5122881355932203,0.7039808062333327,5420,0.41489386460816896,1.875149663857415,0.5101476014760148,0.3400815299013152
R15_rev,16940,0.4884297520661157,-0.403565947039975,11.180091465520219,-11.463245318321194,0.9311820632183275,-6836.407142857177,-3.3561137318820373,7300.855357142909,"{""k_atr"": 0.15, ""stop_atr"": 0.1, ""tgt_atr"": 0.1, ""hold"": 15}",-1.4651613445378266,0.48094117647058826,2125,-0.7244031198686716,0.4845977011494253,2175,9160,-0.2187455439817467,-2.2678354313292775,0.4906113537117904,2.0597320388766107,2360,-0.16064951649644377,-0.8413745681347982,0.4961864406779661,0.7039808062333327,5420,-0.36168973783893504,-2.8914698840036865,0.4813653136531365,0.3400815299013152
R15_rev,16940,0.4858913813459268,-0.4764189787485251,12.240930194213513,-12.49576689959484,0.9258397382247534,-8070.537500000016,-3.737191973728691,8683.733928571452,"{""k_atr"": 0.15, ""stop_atr"": 0.1, ""tgt_atr"": 0.1, ""hold"": 30}",-1.712200840336142,0.47152941176470586,2125,-0.7745517241379659,0.4868965517241379,2175,9160,-0.25694610389005607,-2.5187550911356187,0.48919213973799125,2.0597320388766107,2360,-0.18489701694010974,-0.9168080032343385,0.49110169491525424,0.7039808062333327,5420,-0.41798267812000495,-3.15225030679437,0.47804428044280445,0.3400815299013152
R15_rev,16940,0.40873671782762694,-0.4962198515769966,14.98119532475035,-11.195663010611597,0.9250376130489528,-8405.964285714323,-3.3776292452119043,8703.1928571429,"{""k_atr"": 0.15, ""stop_atr"": 0.1, ""tgt_atr"": 0.2, ""hold"": 15}",-2.4111403361344674,0.39294117647058824,2125,-0.2795804597701541,0.42482758620689653,2175,9160,-0.4081606050104634,-3.5042288557019523,0.41069868995633185,2.0597320388766107,2360,-0.33037292286480746,-1.3961484797017942,0.4059322033898305,0.7039808062333327,5420,-0.41790373817975923,-2.750226875757283,0.4066420664206642,0.3400815299013152
R15_rev,16940,0.36463990554899645,-0.5621438058694556,19.692918430120958,-12.186739126106637,0.9273994382984717,-9522.716071428576,-3.3897885777480115,9996.45714285718,"{""k_atr"": 0.15, ""stop_atr"": 0.1, ""tgt_atr"": 0.2, ""hold"": 30}",-2.6886739495798406,0.34352941176470586,2125,-0.27222249589495096,0.3839080459770115,2175,9160,-0.47715852080562254,-3.6107699305204397,0.36528384279475984,2.0597320388766107,2360,-0.3960283688316342,-1.4916792867003401,0.3601694915254237,0.7039808062333327,5420,-0.4095908145524936,-2.3772151299161397,0.3654981549815498,0.3400815299013152
R15_rev,16940,0.5731995277449823,-0.32498408247596544,10.973691886126232,-15.499277810709346,0.9508723787667157,-5505.230357142855,-2.1817740560463306,6080.303571428547,"{""k_atr"": 0.15, ""stop_atr"": 0.2, ""tgt_atr"": 0.1, ""hold"": 15}",-0.8367722689075627,0.5712941176470588,2125,-0.6234129720853862,0.5609195402298851,2175,9160,-0.1589093819714588,-1.3225882046664656,0.5760917030567686,2.0597320388766107,2360,-0.2715167252807743,-1.125274389447111,0.5826271186440678,0.7039808062333327,5420,-0.3278522708325367,-2.102780386252613,0.5642066420664207,0.3400815299013152
R15_rev,16940,0.6082644628099173,-0.5214359504132237,12.052997795585625,-20.046295100318613,0.9335991131782377,-8833.12500000001,-3.085583709911332,9387.469642857148,"{""k_atr"": 0.15, ""stop_atr"": 0.2, ""tgt_atr"": 0.1, ""hold"": 30}",-1.3694252100840334,0.6061176470588235,2125,-0.6944671592775036,0.6050574712643678,2175,9160,-0.37234755681495285,-2.73605446771519,0.6100436681222707,2.0597320388766107,2360,-0.3419897350585894,-1.2617864150928697,0.6148305084745763,0.7039808062333327,5420,-0.44202861563045653,-2.514041687065523,0.6023985239852399,0.3400815299013152
R15_rev,16940,0.4935064935064935,-0.47240681396525624,14.511767771701981,-15.072371794871795,0.9381185227252704,-8002.571428571441,-2.6564679298418463,8342.764285714282,"{""k_atr"": 0.15, ""stop_atr"": 0.2, ""tgt_atr"": 0.2, ""hold"": 15}",-2.412322689075632,0.48,2125,-0.2131806239737283,0.5002298850574712,2175,9160,-0.3247246925456307,-2.2957035459507633,0.4973799126637555,2.0597320388766107,2360,-0.4986353969311979,-1.7207323165085393,0.4915254237288136,0.7039808062333327,5420,-0.4401369144927544,-2.3838463827280454,0.4878228782287823,0.3400815299013152
R15_rev,16940,0.4870720188902007,-0.621016824085008,18.85949408729678,-19.11954318267761,0.9366758362801664,-10520.025000000036,-2.909492845026659,11129.84642857144,"{""k_atr"": 0.15, ""stop_atr"": 0.2, ""tgt_atr"": 0.2, ""hold"": 30}",-2.9490184873949623,0.47341176470588237,2125,0.03018719211822273,0.5011494252873563,2175,9160,-0.605519663789524,-3.557334224834612,0.4870087336244541,2.0597320388766107,2360,-0.654453228792617,-1.8979153321262157,0.4847457627118644,0.7039808062333327,5420,-0.41489975372105636,-1.8751771306932103,0.4881918819188192,0.3400815299013152
R15_cont,5556,0.5203383729301656,0.36931406201789907,11.904563423432327,-12.144159072634677,1.0634006076933704,2051.908928571447,1.700254155619139,1134.8678571428297,"{""k_atr"": 0.25, ""stop_atr"": 0.1, ""tgt_atr"": 0.1, ""hold"": 15}",2.3794103723963604,0.5463917525773195,679,0.664230889724259,0.5175438596491229,684,2989,0.6672408265444117,3.7927723991027245,0.5249247239879559,2.0973200460673764,791,-0.32357010689232496,-0.931226917248015,0.4879898862199747,0.7088360183268919,1776,0.5764944723793642,2.5248467767414366,0.527027027027027,0.3442745437899712
R15_cont,5556,0.5268178545716342,0.3848333204772235,12.27060312850798,-12.848201380209739,1.0632997484197737,2138.133928571454,1.7211686242390214,976.4517857142566,"{""k_atr"": 0.25, ""stop_atr"": 0.1, ""tgt_atr"": 0.1, ""hold"": 30}",1.9200504944245542,0.5419734904270986,679,0.5484805764410564,0.5190058479532164,684,2989,0.7672179970491759,4.2415958960258955,0.5362997658079626,2.0973200460673764,791,-0.2626949782744449,-0.7428437524579558,0.48672566371681414,0.7088360183268919,1776,0.5679163028651363,2.411984858068434,0.5287162162162162,0.3442745437899712
R15_cont,5556,0.40190784737221025,0.33969132469402763,18.190928283539122,-11.656039078285538,1.0487265156296612,1887.3250000000176,1.2139060213322745,1152.610714285696,"{""k_atr"": 0.25, ""stop_atr"": 0.1, ""tgt_atr"": 0.2, ""hold"": 15}",1.3016673679780837,0.4167893961708395,679,1.1227939640768172,0.42105263157894735,684,2989,0.38418460069969973,1.6883264845151378,0.39712278353964536,2.0973200460673764,791,-0.06059986905776083,-0.13326935020457728,0.38179519595448796,0.7088360183268919,1776,0.6912436177473169,2.312548213309465,0.4189189189189189,0.3442745437899712
R15_cont,5556,0.3806695464362851,0.685823562686418,22.06613475177305,-12.455518536970144,1.0889054028188327,3810.4357142857384,2.238755819274806,930.9946428571384,"{""k_atr"": 0.25, ""stop_atr"": 0.1, ""tgt_atr"": 0.2, ""hold"": 30}",1.7961156111928989,0.38880706921944036,679,1.4424211570592562,0.38596491228070173,684,2989,0.7995173467431818,3.192546756710224,0.38206758113081296,2.0973200460673764,791,0.22729904217932378,0.46415478931965914,0.35651074589127685,0.7088360183268919,1776,0.9125981747899254,2.78684701984151,0.38907657657657657,0.3442745437899712
R15_cont,5556,0.6238300935925126,0.5330369998971477,11.762390775698625,-18.089422419685587,1.0783336938747938,2961.553571428553,1.9205022732740207,1470.291071428558,"{""k_atr"": 0.25, ""stop_atr"": 0.2, ""tgt_atr"": 0.1, ""hold"": 15}",3.6137071323374745,0.6627393225331369,679,-0.2956923558897236,0.5877192982456141,684,2989,1.0151983780803744,4.680920509025891,0.6242890598862496,2.0973200460673764,791,0.13328512446734037,0.2939818671021914,0.6270543615676359,0.7088360183268919,1776,0.5567871156747566,1.9305370380054485,0.6216216216216216,0.3442745437899712
R15_cont,5556,0.6668466522678186,0.49974094929547874,12.165695970695971,-22.851076638110694,1.0656438567231838,2776.5607142856798,1.654865379985548,1748.80535714286,"{""k_atr"": 0.25, ""stop_atr"": 0.2, ""tgt_atr"": 0.1, ""hold"": 30}",3.6436461182411066,0.695139911634757,679,-1.1053075396825511,0.6242690058479532,684,2989,1.070333155290242,4.479382598639633,0.6754767480762797,2.0973200460673764,791,0.38874336093661527,0.8061414565405587,0.6624525916561315,0.7088360183268919,1776,0.41740139588397945,1.3252744938253382,0.6542792792792793,0.3442745437899712
R15_cont,5556,0.5028797696184305,0.6349641314409094,17.815198384292874,-16.744317006310137,1.0762816921421359,3527.860714285692,1.8241550298980729,1344.8000000000075,"{""k_atr"": 0.25, ""stop_atr"": 0.2, ""tgt_atr"": 0.2, ""hold"": 15}",3.5632232274353095,0.540500736377025,679,0.3247807017543898,0.49122807017543857,684,2989,0.6151825897455534,2.24850556332186,0.49046503847440615,2.0973200460673764,791,0.5331585683910123,0.9327587090929689,0.5195954487989887,0.7088360183268919,1776,0.7723336863052963,2.1236182935645114,0.5163288288288288,0.3442745437899712
R15_cont,5556,0.5187185025197985,0.8253361873907179,21.330680578963022,-21.275038732770607,1.0806048848998933,4585.567857142829,2.0497657944626266,1418.6571428571242,"{""k_atr"": 0.25, ""stop_atr"": 0.2, ""tgt_atr"": 0.2, ""hold"": 30}",3.7604039553965976,0.5419734904270986,679,-0.2994465329991664,0.49707602339181284,684,2989,1.0754749077659849,3.3504648335036915,0.5182335229173637,2.0973200460673764,791,1.186124389754778,1.8227074871583901,0.5259165613147914,0.7088360183268919,1776,0.6998896203919089,1.6597462933629685,0.5163288288288288,0.3442745437899712
R15_rev,5556,0.47552195824334054,-0.44050897356782714,12.17496079809668,-11.878419452887535,0.9292919610724076,-2447.4678571428476,-2.0282471233879877,2913.3910714285958,"{""k_atr"": 0.25, ""stop_atr"": 0.1, ""tgt_atr"": 0.1, ""hold"": 15}",-2.6105170418683086,0.4477172312223859,679,-0.6642361111111491,0.4824561403508772,684,2989,-0.6949101002006975,-3.9509875428014203,0.4707259953161593,2.0973200460673764,791,0.2224323066395105,0.639969547480567,0.506953223767383,0.7088360183268919,1776,-0.6328018101256168,-2.772473395064773,0.46959459459459457,0.3442745437899712
R15_rev,5556,0.4701223902087833,-0.4560282320271505,12.856042851673594,-12.266873908190993,0.9298411825476289,-2533.692857142848,-2.0398095158829492,2979.501785714293,"{""k_atr"": 0.25, ""stop_atr"": 0.1, ""tgt_atr"": 0.1, ""hold"": 30}",-2.1511571638964964,0.4536082474226804,679,-0.5484857978279406,0.48099415204678364,684,2989,-0.7948872707054567,-4.395675779037411,0.4610237537638006,2.0973200460673764,791,0.16155717802162955,0.45674907209769544,0.5082174462705437,0.7088360183268919,1776,-0.6242236406113885,-2.6520309218147147,0.46846846846846846,0.3442745437899712
R15_rev,5556,0.3718502519798416,-0.5481577188110676,18.272585050477115,-11.689606017191979,0.9253478242257366,-3045.5642857142916,-1.9755885873703856,3594.483928571462,"{""k_atr"": 0.25, ""stop_atr"": 0.1, ""tgt_atr"": 0.2, ""hold"": 15}",-3.6137071323374963,0.33578792341678937,679,0.20848475355049345,0.4108187134502924,684,2989,-1.0259210905685479,-4.732426031294513,0.36835061893609905,2.0973200460673764,791,-0.1332851244673322,-0.2939818671021738,0.3729456384323641,0.7088360183268919,1776,-0.5736800390066013,-1.9903771037277262,0.37725225225225223,0.3442745437899712
R15_rev,5556,0.3308135349172066,-0.516258806438341,22.97954492460749,-12.131451721355566,0.936407258138429,-2868.333928571423,-1.7100143414536657,3933.31785714285,"{""k_atr"": 0.25, ""stop_atr"": 0.1, ""tgt_atr"": 0.2, ""hold"": 30}",-3.643646118241131,0.30338733431516934,679,1.0180999373433108,0.37280701754385964,684,2989,-1.091217868572731,-4.570153022431409,0.32151221144195385,2.0973200460673764,791,-0.38874336093660217,-0.8061414565405327,0.33754740834386854,0.7088360183268919,1776,-0.43429431921582595,-1.379628796834471,0.34346846846846846,0.3442745437899712
R15_rev,5556,0.5928725701943844,-0.3507893654221968,11.752260603695031,-17.975655235569036,0.9520673626605951,-1948.9857142857254,-1.253408672984363,2654.599999999988,"{""k_atr"": 0.25, ""stop_atr"": 0.2, ""tgt_atr"": 0.1, ""hold"": 15}",-1.301667367978107,0.5802650957290133,679,-1.122793964076862,0.577485380116959,684,2989,-0.3849093000522096,-1.6915948849930842,0.5951823352291736,2.0973200460673764,791,-0.01525348113186685,-0.03346701497055926,0.6144121365360303,0.7088360183268919,1776,-0.69124361774732,-2.312548213309475,0.5793918918918919,0.3442745437899712
R15_rev,5556,0.6162706983441325,-0.696957600534815,12.51120556575434,-21.909317207183065,0.9171003776592466,-3872.2964285714324,-2.274879140165348,4200.430357142856,"{""k_atr"": 0.25, ""stop_atr"": 0.2, ""tgt_atr"": 0.1, ""hold"": 30}",-1.7961156111929248,0.6111929307805597,679,-1.4424211570593062,0.6140350877192983,684,2989,-0.8004114435911452,-3.196196767631952,0.6135831381733021,2.0973200460673764,791,-0.30315239236895697,-0.6178804870983555,0.638432364096081,0.7088360183268919,1776,-0.912598174789928,-2.786847019841519,0.6109234234234234,0.3442745437899712
R15_rev,5556,0.4890208783297336,-0.6350123418697958,17.02154424522846,-17.532815880843362,0.9291194076049496,-3528.1285714285855,-1.8242947006030363,4010.539285714285,"{""k_atr"": 0.25, ""stop_atr"": 0.2, ""tgt_atr"": 0.2, ""hold"": 15}",-3.5632232274352895,0.4565537555228277,679,-0.32478070175438944,0.5073099415204678,684,2989,-0.6154181307023019,-2.249416016520635,0.4958179993308799,2.0973200460673764,791,-0.5331585683910256,-0.9327587090929922,0.47914032869785084,0.7088360183268919,1776,-0.7723336863053049,-2.123618293564535,0.481981981981982,0.3442745437899712
R15_rev,5556,0.4764218862491001,-0.8254608917000935,21.491911328188248,-21.132811962873845,0.9253967531004587,-4586.26071428572,-2.0500756816823906,5312.935714285704,"{""k_atr"": 0.25, ""stop_atr"": 0.2, ""tgt_atr"": 0.2, ""hold"": 30}",-3.7604039553965842,0.4565537555228277,679,0.2994465329991694,0.5014619883040936,684,2989,-1.0760921956376381,-3.3524184821864025,0.47440615590498497,2.0973200460673764,791,-1.1861243897547997,-1.822707487158424,0.4715549936788875,0.7088360183268919,1776,-0.699889620391918,-1.6597462933629907,0.481981981981982,0.3442745437899712
R15_cont,1927,0.5293201868188895,0.9966824820223882,12.69485644257703,-12.158926602614585,1.1741550273472325,1920.607142857142,2.6591870868551064,869.4517857142848,"{""k_atr"": 0.35, ""stop_atr"": 0.1, ""tgt_atr"": 0.1, ""hold"": 15}",3.7798360200110683,0.5758754863813229,257,3.2206507936507407,0.5688888888888889,225,992,0.5489900687812256,1.7644860688825874,0.5241935483870968,2.1233999679453146,305,-1.4041094499906541,-2.505709965782818,0.43934426229508194,0.7140098302591436,630,1.6261975076893498,4.203266641363511,0.580952380952381,0.35046111159835425
R15_cont,1927,0.5313959522573949,0.9824069612276678,12.889550781250001,-12.520267758266098,1.1674448438214957,1893.0982142857158,2.5870520333113607,854.9124999999991,"{""k_atr"": 0.35, ""stop_atr"": 0.1, ""tgt_atr"": 0.1, ""hold"": 30}",3.7048985547525897,0.5758754863813229,257,2.894126984126942,0.5644444444444444,225,992,0.648148383534542,2.048335353643025,0.532258064516129,2.1233999679453146,305,-1.3887787304158334,-2.4486847018996643,0.42950819672131146,0.7140098302591436,630,1.5647128344240513,3.9790393391654497,0.5793650793650794,0.35046111159835425
R15_cont,1927,0.3886870783601453,0.8104168211135017,20.85737650200267,-11.935909835071547,1.1110680997083906,1561.6732142857177,1.6102653538090461,882.1000000000035,"{""k_atr"": 0.35, ""stop_atr"": 0.1, ""tgt_atr"": 0.2, ""hold"": 15}",1.782358254585813,0.38910505836575876,257,4.273357142857106,0.43555555555555553,225,992,0.2739632942819626,0.6631209449196009,0.38306451612903225,2.1233999679453146,305,-1.0688908455261892,-1.4510086823372317,0.3377049180327869,0.7140098302591436,630,1.5163051470958957,2.8394259061499145,0.4222222222222222,0.35046111159835425
R15_cont,1927,0.37259989621172807,1.0132811920824403,23.929834858734583,-12.596384260900384,1.1282151942906036,1952.5928571428626,1.88677813080193,889.6892857142823,"{""k_atr"": 0.35, ""stop_atr"": 0.1, ""tgt_atr"": 0.2, ""hold"": 30}",1.9492217898832014,0.377431906614786,257,4.945888888888842,0.4266666666666667,225,992,0.7661068940538263,1.7276641960655104,0.37600806451612906,2.1233999679453146,305,-1.2255932639149092,-1.587675567197267,0.29508196721311475,0.7140098302591436,630,1.6819944104526536,2.9419137192980545,0.40476190476190477,0.35046111159835425
R15_cont,1927,0.6616502335236119,1.7400344725331733,12.631075630252102,-19.557630368098167,1.2629515513629825,3353.046428571425,3.6232082035816204,640.6357142857206,"{""k_atr"": 0.35, ""stop_atr"": 0.2, ""tgt_atr"": 0.1, ""hold"": 15}",6.379981934408002,0.7354085603112841,257,2.8097222222222547,0.6488888888888888,225,992,0.6780824751100277,1.679222458862856,0.6401209677419355,2.1233999679453146,305,-0.3004395274403121,-0.3905973248469618,0.6327868852459017,0.7140098302591436,630,2.216283067651192,4.569879117040146,0.7095238095238096,0.35046111159835425
R15_cont,1927,0.6886351842241827,1.6823773074356907,12.84452982021746,-23.004583333333326,1.2348764609536922,3241.941071428576,3.313176884930823,569.8678571428621,"{""k_atr"": 0.35, ""stop_atr"": 0.2, ""tgt_atr"": 0.1, ""hold"": 30}",7.265327959977768,0.7587548638132295,257,1.66544444444449,0.6755555555555556,225,992,0.698731351361456,1.619222261127761,0.6764112903225806,2.1233999679453146,305,-0.09290407161768974,-0.11655621763151151,0.6491803278688525,0.7140098302591436,630,2.131458552759708,4.1514340823602005,0.726984126984127,0.35046111159835425
R15_cont,1927,0.5189413596263622,1.9141003780858432,20.560310714285716,-18.200473878871946,1.218617031973184,3688.47142857142,3.014201577830319,640.1750000000084,"{""k_atr"": 0.35, ""stop_atr"": 0.2, ""tgt_atr"": 0.2, ""hold"": 15}",6.324152306837141,0.5603112840466926,257,3.6780317460317766,0.5111111111111111,225,992,0.3300380453965669,0.6340792552263502,0.4909274193548387,2.1233999679453146,305,0.6098182813270718,0.6243928239575055,0.5377049180327869,0.7140098302591436,630,2.3199488854068644,3.550668295770991,0.553968253968254,0.35046111159835425
R15_cont,1927,0.5334717176959004,2.099386537178445,23.593190661478594,-22.478623073255992,1.2001910814855086,4045.5178571428632,2.9372133976717163,832.4035714285807,"{""k_atr"": 0.35, ""stop_atr"": 0.2, ""tgt_atr"": 0.2, ""hold"": 30}",6.579738743746546,0.5758754863813229,257,3.755126984127059,0.5466666666666666,225,992,1.0638878017396196,1.8093985040444234,0.5201612903225806,2.1233999679453146,305,0.6612193576166093,0.6128390024624629,0.5114754098360655,0.7140098302591436,630,2.4855956094471843,3.3642004099083813,0.5650793650793651,0.35046111159835425
R15_rev,1927,0.46497145822522057,-1.151788494328714,12.141214923469388,-12.704194956353058,0.8305472444455227,-2219.496428571432,-3.0749191324479184,2821.173214285722,"{""k_atr"": 0.35, ""stop_atr"": 0.1, ""tgt_atr"": 0.1, ""hold"": 15}",-4.233852140077838,0.4163424124513619,257,-3.220650793650838,0.4311111111111111,225,992,-0.6102979085120623,-1.9624317067494865,0.4717741935483871,2.1233999679453146,305,1.1418143680234871,2.0305400822176756,0.5475409836065573,0.7140098302591436,630,-1.7214356029274644,-4.4569832707783785,0.4142857142857143,0.35046111159835425
R15_rev,1927,0.4634146341463415,-1.1375129735339924,12.492927131658934,-12.909256700746067,0.8357836867971212,-2191.9875000000034,-2.9972886889502988,2736.4589285714346,"{""k_atr"": 0.35, ""stop_atr"": 0.1, ""tgt_atr"": 0.1, ""hold"": 30}",-4.15891467481936,0.4163424124513619,257,-2.894126984127022,0.43555555555555553,225,992,-0.709456223265375,-2.243216422941077,0.4647177419354839,2.1233999679453146,305,1.1264836484486624,1.9795413093669594,0.5573770491803278,0.7140098302591436,630,-1.6599509296621653,-4.227908176772953,0.4158730158730159,0.35046111159835425
R15_rev,1927,0.33471717695900366,-1.7834337237749311,19.683516057585827,-12.583888176955655,0.7869724298431793,-3436.6767857142922,-3.7171988078360125,3721.2660714285817,"{""k_atr"": 0.35, ""stop_atr"": 0.1, ""tgt_atr"": 0.2, ""hold"": 15}",-6.379981934408037,0.26459143968871596,257,-3.074817460317517,0.3466666666666667,225,992,-0.7094530869257505,-1.7588943880142425,0.3538306451612903,2.1233999679453146,305,0.30043952744033264,0.3905973248469894,0.36721311475409835,0.7140098302591436,630,-2.263902115270258,-4.678984225468904,0.28888888888888886,0.35046111159835425
R15_rev,1927,0.3092890503373119,-1.7258265994514093,23.065346356663476,-12.826907802940868,0.8052045339110335,-3325.6678571428656,-3.401693294806945,3475.998214285721,"{""k_atr"": 0.35, ""stop_atr"": 0.1, ""tgt_atr"": 0.2, ""hold"": 30}",-7.265327959977793,0.24124513618677043,257,-1.9305396825397432,0.31555555555555553,225,992,-0.7304792014576351,-1.6945467946985717,0.3215725806451613,2.1233999679453146,305,0.09290407161771237,0.1165562176315401,0.35081967213114756,0.7140098302591436,630,-2.1790776003787715,-4.252930029130917,0.2698412698412698,0.35046111159835425
R15_rev,1927,0.6071613907628438,-0.8422325598635984,11.999813797313799,-20.690573693149666,0.8963795845196084,-1622.982142857154,-1.6729940382243709,2432.0964285714363,"{""k_atr"": 0.35, ""stop_atr"": 0.2, ""tgt_atr"": 0.1, ""hold"": 15}",-1.782358254585864,0.6108949416342413,257,-4.273357142857151,0.5644444444444444,225,992,-0.27501876011558457,-0.6657190269400785,0.6118951612903226,2.1233999679453146,305,0.8721695340508077,1.1756209331081724,0.6524590163934426,0.7140098302591436,630,-1.5163051470959095,-2.8394259061499403,0.5777777777777777,0.35046111159835425
R15_rev,1927,0.6248053969901401,-1.0451488249685001,12.631485821072618,-23.82062339458607,0.883058561703703,-2014.0017857142998,-1.945640216011518,2559.7125000000055,"{""k_atr"": 0.35, ""stop_atr"": 0.2, ""tgt_atr"": 0.1, ""hold"": 30}",-1.949221789883261,0.622568093385214,257,-4.945888888888892,0.5733333333333334,225,992,-0.767417566094064,-1.7306784889602782,0.6219758064516129,2.1233999679453146,305,1.028871952439521,1.324055083780019,0.6950819672131148,0.7140098302591436,630,-1.6819944104526683,-2.94191371929808,0.5952380952380952,0.35046111159835425
R15_rev,1927,0.4737934613388687,-1.9142264067017682,18.479295102487875,-20.276440546632877,0.8205905379070312,-3688.7142857143076,-3.014404555986049,3968.9928571428704,"{""k_atr"": 0.35, ""stop_atr"": 0.2, ""tgt_atr"": 0.2, ""hold"": 15}",-6.324152306837112,0.4396887159533074,257,-3.6780317460317518,0.4888888888888889,225,992,-0.33071971425547825,-0.635422202052146,0.4959677419354839,2.1233999679453146,305,-0.6098182813270799,-0.6243928239575146,0.45901639344262296,0.7140098302591436,630,-2.3199488854068804,-3.5506682957710147,0.44603174603174606,0.35046111159835425
R15_rev,1927,0.4634146341463415,-2.09961450070429,22.62927531594945,-23.456382978723425,0.8331832347433954,-4045.957142857166,-2.937536065533804,4102.464285714307,"{""k_atr"": 0.35, ""stop_atr"": 0.2, ""tgt_atr"": 0.2, ""hold"": 30}",-6.579738743746521,0.42412451361867703,257,-3.7551269841269894,0.4488888888888889,225,992,-1.0652019150855987,-1.8117271988946708,0.47580645161290325,2.1233999679453146,305,-0.6612193576166268,-0.6128390024624796,0.4852459016393443,0.7140098302591436,630,-2.485595609447193,-3.3642004099083893,0.43333333333333335,0.35046111159835425
