entry_date,exit_date,dias,pnl,mae
2010-12-31,2011-01-03,1,33.712,19.75
2011-01-20,2011-01-25,3,15.462,-19.0
2011-02-22,2011-02-25,3,24.712,-36.0
2011-03-07,2011-03-14,5,-22.788,-56.25
2011-04-05,2011-04-12,5,-29.788,-38.5
2011-04-29,2011-05-06,5,-26.788,-42.0
2011-05-16,2011-05-18,2,24.712,-16.75
2011-07-11,2011-07-18,5,-19.288,-45.25
2011-08-01,2011-08-08,5,-291.538,-291.25
2011-09-21,2011-09-26,3,-26.288,-107.25
2011-10-20,2011-10-21,1,27.712,7.0
2011-10-26,2011-10-27,1,61.712,29.5
2011-11-01,2011-11-03,2,67.212,-2.0
2011-11-10,2011-11-11,1,43.212,18.25
2011-12-07,2011-12-14,5,-82.038,-94.0
2012-03-05,2012-03-07,2,-5.538,-39.0
2012-03-22,2012-03-26,2,45.462,-16.75
2012-03-29,2012-04-02,2,21.712,-17.0
2012-04-04,2012-04-12,5,-5.038,-56.75
2012-04-16,2012-04-17,1,52.212,6.25
2012-04-19,2012-04-25,4,21.712,-58.25
2012-07-09,2012-07-13,4,-27.038,-88.0
2012-07-23,2012-07-26,3,-5.788,-54.0
2012-07-31,2012-08-03,3,32.962,-36.25
2012-09-05,2012-09-06,1,59.712,16.25
2012-09-10,2012-09-13,3,40.212,-13.5
2012-09-25,2012-09-27,2,15.212,-37.0
2012-10-01,2012-10-03,2,23.712,-14.75
2012-10-08,2012-10-15,5,-49.538,-74.75
2012-12-20,2012-12-31,5,-34.038,-96.75
2013-01-04,2013-01-10,4,19.212,-19.75
2013-01-15,2013-01-16,1,9.712,-1.5
2013-01-31,2013-02-01,1,29.962,7.0
2013-02-15,2013-02-19,1,18.962,4.0
2013-03-13,2013-03-20,5,5.962,-37.0
2013-04-12,2013-04-19,5,-78.288,-126.25
2013-05-23,2013-05-28,2,17.962,-28.0
2013-06-05,2013-06-07,2,52.712,-25.0
2013-06-12,2013-06-18,4,57.212,-12.0
2013-07-19,2013-07-22,1,7.712,-1.5
2013-08-07,2013-08-08,1,13.712,-5.25
2013-08-15,2013-08-22,5,24.462,-16.25
2013-09-12,2013-09-18,4,21.212,-44.75
2013-09-23,2013-09-26,3,11.962,-18.0
2013-09-30,2013-10-01,1,31.962,-0.25
2013-10-03,2013-10-10,5,-6.288,-96.25
2013-10-31,2013-11-07,5,-57.038,-59.0
2013-11-19,2013-11-21,2,24.462,-18.5
2013-12-11,2013-12-16,3,18.462,-20.25
2013-12-30,2013-12-31,1,21.962,5.75
2014-01-03,2014-01-07,2,17.462,-26.75
2014-01-24,2014-01-30,4,-11.288,-80.5
2014-02-26,2014-03-04,4,40.212,-39.75
2014-03-07,2014-03-14,5,-78.038,-77.75
2014-03-24,2014-03-31,5,-24.538,-74.75
2014-06-03,2014-06-04,1,12.212,-15.75
2014-06-16,2014-06-18,2,22.212,-17.5
2014-07-25,2014-08-01,5,-85.288,-110.25
2014-08-06,2014-08-11,3,37.712,-26.75
2014-09-04,2014-09-08,2,27.462,-14.5
2014-09-12,2014-09-18,4,44.212,-46.75
2014-09-22,2014-10-02,5,-76.538,-125.75
2014-12-15,2014-12-18,3,106.212,-70.25
2014-12-30,2015-01-08,5,-46.288,-197.75
2015-03-04,2015-03-11,5,-139.788,-140.0
2015-03-24,2015-03-30,4,-52.288,-153.75
2015-04-14,2015-04-15,1,25.962,6.25
2015-04-28,2015-05-04,4,-36.288,-123.25
2015-05-12,2015-05-14,2,72.212,1.5
2015-05-26,2015-05-27,1,72.212,4.25
2015-05-29,2015-06-05,5,-32.038,-59.75
2015-06-25,2015-07-01,4,-87.288,-138.25
2015-07-22,2015-07-28,4,-64.288,-118.5
2015-08-03,2015-08-05,2,24.212,-29.0
2015-08-07,2015-08-10,1,50.462,28.5
2015-08-19,2015-08-26,5,-296.038,-602.5
2015-10-14,2015-10-15,1,69.962,9.75
2015-10-21,2015-10-22,1,88.212,25.75
2015-10-30,2015-11-02,1,52.462,2.75
2015-11-10,2015-11-17,5,-74.538,-155.25
2015-11-24,2015-12-01,3,43.712,-17.0
2015-12-03,2015-12-04,1,105.962,2.75
2016-03-08,2016-03-11,3,95.712,-34.0
2016-04-05,2016-04-06,1,71.962,3.75
2016-04-08,2016-04-13,3,78.212,-41.0
2016-04-25,2016-05-02,5,-95.288,-169.75
2016-06-10,2016-06-17,5,-72.038,-83.25
2016-08-25,2016-09-01,5,5.212,-28.0
2016-09-19,2016-09-21,2,55.212,0.5
2016-09-26,2016-09-27,1,47.462,-7.0
2016-10-04,2016-10-10,4,33.712,-21.0
2016-10-12,2016-10-18,4,17.462,-60.75
2016-10-20,2016-10-21,1,16.962,-12.75
2016-10-26,2016-11-02,5,-134.538,-144.25
2016-12-22,2016-12-27,2,28.962,-13.25
2016-12-29,2017-01-04,3,16.962,-66.0
2017-01-31,2017-02-01,1,32.212,9.75
2017-03-07,2017-03-10,3,34.212,-15.25
2017-03-17,2017-03-24,5,-41.538,-80.0
2017-04-03,2017-04-10,5,-11.288,-33.0
2017-04-12,2017-04-20,5,64.462,-22.75
2017-06-06,2017-06-08,2,26.462,-12.0
2017-06-12,2017-06-13,1,43.712,0.75
2017-06-15,2017-06-19,2,66.962,-47.5
2017-07-28,2017-08-02,3,2.7119999999999997,-52.0
2017-08-09,2017-08-14,3,-10.038,-133.75
2017-08-24,2017-08-29,3,27.712,-50.75
2017-09-05,2017-09-12,5,25.712,-26.5
2017-10-19,2017-10-20,1,13.962,8.75
2017-10-26,2017-10-27,1,173.712,89.75
2017-11-02,2017-11-03,1,58.212,1.25
2017-11-10,2017-11-13,1,6.712,-24.0
2017-11-15,2017-11-16,1,79.962,31.5
2017-11-20,2017-11-21,1,67.212,26.75
2017-12-04,2017-12-07,3,52.212,-27.5
2017-12-20,2017-12-28,5,-41.788,-58.25
2018-01-25,2018-01-26,1,102.462,25.25
2018-01-30,2018-02-06,5,-275.788,-567.5
2018-02-28,2018-03-05,3,22.712,-215.25
2018-03-13,2018-03-20,5,-166.288,-250.0
2018-05-18,2018-05-21,1,37.712,8.0
2018-06-08,2018-06-11,1,21.962,-0.25
2018-06-18,2018-06-20,2,31.212,-116.5
2018-06-22,2018-06-29,5,-152.538,-247.5
2018-07-19,2018-07-24,3,48.712,-55.25
2018-07-27,2018-08-02,4,74.212,-138.25
2018-08-10,2018-08-17,5,-30.038,-101.5
2018-09-05,2018-09-11,4,-17.538,-126.5
2018-09-17,2018-09-20,3,134.962,2.0
2019-02-07,2019-02-12,3,107.962,-69.0
2019-02-21,2019-02-22,1,52.212,11.75
2019-02-28,2019-03-01,1,50.212,-0.75
2019-03-07,2019-03-11,2,134.462,-87.75
2019-03-25,2019-03-26,1,30.212,-6.5
2019-05-01,2019-05-03,2,91.212,-82.75
2019-05-07,2019-05-14,5,-242.288,-341.5
2019-06-24,2019-07-01,5,39.462,-143.5
2019-07-17,2019-07-23,4,59.962,-64.0
2019-07-30,2019-08-06,5,-440.788,-606.25
2019-09-09,2019-09-11,2,51.462,-93.25
2019-11-21,2019-11-25,2,103.462,-39.25
2019-12-03,2019-12-04,1,39.212,29.5
2019-12-10,2019-12-11,1,44.712,4.5
2019-12-30,2020-01-02,2,156.712,-39.25
2020-01-27,2020-01-28,1,136.462,40.0
2020-02-21,2020-03-02,5,-576.538,-1021.5
2020-05-13,2020-05-15,2,154.462,-143.75
2020-07-24,2020-07-27,1,189.962,41.75
2020-08-10,2020-08-12,2,66.962,-232.75
2020-09-04,2020-09-14,5,-344.788,-681.5
2020-10-15,2020-10-22,5,-236.788,-379.25
2020-11-10,2020-11-11,1,259.212,83.0
2020-11-18,2020-11-24,4,182.462,-83.75
2020-12-21,2020-12-22,1,27.962,-91.25
2021-01-12,2021-01-13,1,84.462,-18.0
2021-01-15,2021-01-19,1,185.462,50.5
2021-02-10,2021-02-12,2,153.212,-25.5
2021-02-17,2021-02-24,5,-405.038,-942.25
