regla,salida,DEV_n,DEV_bp,DEV_t,DEV_wr,VAL1_n,VAL1_bp,VAL1_t,VAL1_wr,VAL2_n,VAL2_bp,VAL2_t,VAL2_wr
base (todos),f1,1849,5.6595224515283125,2.317573791728411,0.550027041644132,542,14.228528273997119,2.1737529942109077,0.5977859778597786,1241,4.905503236780793,1.2237467328793588,0.5487510072522159
base,f1,1849,5.6595224515283125,2.317573791728411,0.550027041644132,542,14.228528273997119,2.1737529942109077,0.5977859778597786,1241,4.905503236780793,1.2237467328793588,0.5487510072522159
IBS<0.1,f1,155,14.120895531321269,1.1116030785987954,0.5612903225806452,51,54.88991855356783,2.186254878603894,0.6666666666666666,130,19.55083386165342,1.3507409615767474,0.5846153846153846
IBS<0.2,f1,304,14.461797896101045,1.8130526446761257,0.5592105263157895,87,48.06820465452826,2.6585552344067844,0.6666666666666666,241,14.399836398319184,1.3096770838203653,0.5560165975103735
RSI2<10,f1,190,9.443552455181338,0.904274313808439,0.5157894736842106,36,29.95317765398934,0.718769191116121,0.6388888888888888,130,29.789899920057117,1.9233536464862797,0.5846153846153846
RSI2<20,f1,338,11.041012918963437,1.503809396433093,0.5355029585798816,78,14.403767193983994,0.55387577693433,0.6025641025641025,263,30.624622511902405,2.9633925360340387,0.596958174904943
2+ bajistas,f1,360,10.043450387462224,1.410118963331616,0.5611111111111111,79,3.9758366916992447,0.19327684970397804,0.6075949367088608,255,22.42522954659574,2.3832720013052033,0.5882352941176471
3+ bajistas,f1,158,15.744919109449947,1.456779755003865,0.5632911392405063,31,-52.521459908185996,-1.4081085200749208,0.4838709677419355,105,44.79150043953573,3.22150379533504,0.6476190476190476
3+ alcistas (short),f1,313,-6.217860426895465,-1.4468056254423505,0.43450479233226835,105,-7.559969832906065,-0.6072468901990086,0.41904761904761906,209,4.73912055153398,0.6030545070598641,0.45454545454545453
4+ alcistas (short),f1,177,-12.748070391905594,-2.4791307576986314,0.4011299435028249,61,19.05418556686191,1.1908141919147812,0.45901639344262296,114,4.450414520968586,0.4769435908058373,0.4649122807017544
base & >SMA50,f1,1351,3.579009269711593,1.6297638418880618,0.5462620281273131,422,6.76412504144826,1.1449050375454135,0.5947867298578199,808,5.590927949688789,1.4546183057790993,0.5544554455445545
IBS<0.1 & >SMA50,f1,68,-14.11367949187821,-0.9638933920263375,0.4852941176470588,31,39.93664277339582,1.5737841114960098,0.6774193548387096,56,32.66409869791918,2.650623800222047,0.625
IBS<0.2 & >SMA50,f1,153,-1.9766140680993072,-0.23090053590737222,0.5359477124183006,58,27.32895694120366,1.6421693434638744,0.6551724137931034,115,17.02081646499971,1.5660867576692161,0.591304347826087
RSI2<10 & >SMA50,f1,69,-4.318576949872693,-0.3618212979182316,0.5217391304347826,17,11.881162748199145,0.265139072279315,0.5882352941176471,41,39.21298983404855,2.3839609557074906,0.6341463414634146
RSI2<20 & >SMA50,f1,154,1.7303028906527198,0.20746814114072024,0.5324675324675324,45,-5.816750883743013,-0.22150816045195246,0.5777777777777777,103,39.77095559371286,3.1244524237533633,0.6504854368932039
2+ bajistas & >SMA50,f1,196,7.754271124643507,1.0564707830718958,0.5816326530612245,48,-5.424391874853605,-0.23526411742414283,0.5833333333333334,129,36.07221242469705,3.3160341188391533,0.6201550387596899
3+ bajistas & >SMA50,f1,63,13.407371480721977,1.139598229673985,0.6190476190476191,18,-12.020490240405657,-0.2839035193130588,0.5,47,52.68460033394178,2.9953806145994832,0.6808510638297872
3+ alcistas & >SMA50 (short),f1,271,-9.397435623436184,-2.3964166319519316,0.42066420664206644,97,-0.2215616503210983,-0.01776259762716219,0.4329896907216495,172,4.197075673405573,0.5945213612491834,0.46511627906976744
4+ alcistas & >SMA50 (short),f1,162,-15.66900295718854,-3.253959791799703,0.3888888888888889,56,22.004203630224374,1.276973284953337,0.4642857142857143,100,4.672379140914941,0.5363716365671936,0.48
base & >SMA200,f1,1609,4.3075783197291635,1.9097359780845307,0.5494095711622126,478,12.303417450997772,1.9338484750786198,0.602510460251046,924,5.688811440271863,1.6060987021173239,0.5681818181818182
IBS<0.1 & >SMA200,f1,120,5.493812027936074,0.43615997761849845,0.55,44,42.31313542108,1.650659171658306,0.6363636363636364,85,22.731519240569167,2.2584890798128043,0.611764705882353
IBS<0.2 & >SMA200,f1,239,7.908087778692682,1.045510595752321,0.5564853556485355,77,49.00980239515135,2.7691690580289743,0.6623376623376623,160,8.5259854799805,1.0287106227208793,0.575
RSI2<10 & >SMA200,f1,143,10.506910750358404,1.097528755366544,0.5174825174825175,25,51.95559889519267,1.4059154033404524,0.72,78,28.587251084498792,2.3971099516489445,0.6153846153846154
RSI2<20 & >SMA200,f1,261,12.017909982504902,1.7664548880732607,0.5363984674329502,64,11.876357600721045,0.4811748761764222,0.625,167,24.12297206999272,2.6158642004774104,0.6227544910179641
2+ bajistas & >SMA200,f1,294,13.44310722798241,2.0772753043338077,0.5714285714285714,64,4.262394035142554,0.20469884045585152,0.59375,165,21.434486940491247,2.4549913348479224,0.6060606060606061
3+ bajistas & >SMA200,f1,121,17.08344945837407,1.635215588473482,0.5702479338842975,24,-24.808541204149396,-0.67887916198811,0.5,63,41.9181983027662,3.221610838391996,0.6825396825396826
3+ alcistas & >SMA200 (short),f1,292,-9.180397400182724,-2.278637568180132,0.4178082191780822,97,-8.213405741740393,-0.6140749694849281,0.41237113402061853,185,-3.8038182261018787,-0.5500192145392714,0.43783783783783786
4+ alcistas & >SMA200 (short),f1,171,-14.802293830916284,-3.01462359394827,0.38596491228070173,57,20.63439230147573,1.2066970395601209,0.45614035087719296,105,-2.5710680477949586,-0.3105482794868397,0.45714285714285713
base (todos),f2,1849,11.133481854963094,3.2510842783060245,0.5754461871281774,542,28.887734331375782,3.361941578905821,0.6402214022140221,1241,9.709966281639462,1.7411703604095157,0.5495568090249798
base,f2,1849,11.133481854963094,3.2510842783060245,0.5754461871281774,542,28.887734331375782,3.361941578905821,0.6402214022140221,1241,9.709966281639462,1.7411703604095157,0.5495568090249798
IBS<0.1,f2,155,11.277150113152599,0.6712911928347022,0.567741935483871,51,96.33970920916697,3.3181170741275516,0.7647058823529411,130,51.50867384467061,2.4297843941792263,0.6153846153846154
IBS<0.2,f2,304,23.79938139684266,2.2427351251044256,0.5921052631578947,87,74.38578834120322,3.3599341709066364,0.7586206896551724,241,29.266532227636844,1.9454370284604414,0.5477178423236515
RSI2<10,f2,190,23.08596644978985,1.6091009571648542,0.5684210526315789,36,-28.18447386591633,-0.47878829409485624,0.5555555555555556,130,51.53424711995724,2.709244218983138,0.5846153846153846
RSI2<20,f2,338,19.563137235089865,1.9745510680185723,0.5650887573964497,78,-1.4072027567477097,-0.040444411465723466,0.5256410256410257,263,45.15482037971853,3.3223980029186926,0.5741444866920152
2+ bajistas,f2,360,19.933830455621017,2.101680696932856,0.5666666666666667,79,-17.95976128180535,-0.5746539425474724,0.5569620253164557,255,40.85760865929928,3.205765725649519,0.5882352941176471
3+ bajistas,f2,158,28.135174365757262,1.7666513021409473,0.569620253164557,31,-135.0540441135,-2.2854029853821145,0.3548387096774194,105,71.1603565801284,3.67246738738395,0.6476190476190476
3+ alcistas (short),f2,313,-15.979250617693253,-2.4753763609193538,0.35782747603833864,105,-0.9733469777958569,-0.060751864811785766,0.3904761904761905,209,2.4110403344050693,0.22891658741847676,0.44976076555023925
4+ alcistas (short),f2,177,-21.828522553671284,-2.81442972637902,0.2994350282485876,61,21.761955279235753,1.1105572945219269,0.4262295081967213,114,3.7399903452000616,0.2983992420208924,0.4824561403508772
base & >SMA50,f2,1351,5.706600859066248,1.7837412831303094,0.5684678016284234,422,17.396485600499695,2.154437326012032,0.6327014218009479,808,11.513050113821397,2.1328726608838284,0.5606435643564357
IBS<0.1 & >SMA50,f2,68,-9.663765575102117,-0.4992295923098006,0.5735294117647058,31,85.27983098440534,3.4981179356454923,0.8387096774193549,56,63.77544228926221,3.5508593399648385,0.6785714285714286
IBS<0.2 & >SMA50,f2,153,3.788154616195083,0.32500865867605094,0.5882352941176471,58,54.81048532946566,2.401042811393879,0.7931034482758621,115,39.522740244934475,2.7256782472884407,0.591304347826087
RSI2<10 & >SMA50,f2,69,0.20068696791062446,0.014345615209775927,0.5362318840579711,17,-44.00453400614495,-0.7815504221723756,0.5882352941176471,41,59.70287092603861,3.076530010749707,0.7073170731707317
RSI2<20 & >SMA50,f2,154,2.9058586092830985,0.2775187691400874,0.5324675324675324,45,-18.100702276741174,-0.4870728872467113,0.5333333333333333,103,65.84285793769561,4.1733947816858254,0.6504854368932039
2+ bajistas & >SMA50,f2,196,9.23781903851408,0.980967647923438,0.5459183673469388,48,-16.193764017441236,-0.5516590043179581,0.5833333333333334,129,61.74695787031596,4.599210264695777,0.6589147286821705
3+ bajistas & >SMA50,f2,63,8.876240028566983,0.5642611437774518,0.5555555555555556,18,-84.69591437406763,-1.632240460465861,0.4444444444444444,47,78.1997644368628,3.7424210706658894,0.7446808510638298
3+ alcistas & >SMA50 (short),f2,271,-19.759697568476543,-3.262246222071765,0.3505535055350554,97,6.085946818200671,0.3668136069517816,0.3917525773195876,172,4.312927875259259,0.4610472009278045,0.45930232558139533
4+ alcistas & >SMA50 (short),f2,162,-26.739706649756876,-3.7724664418858898,0.2962962962962963,56,23.159044150416044,1.097191338904873,0.4107142857142857,100,11.274011416757846,0.9241254604943219,0.5
base & >SMA200,f2,1609,7.863677091447645,2.418281616889114,0.5724052206339342,478,23.79091297045706,2.809387904301348,0.6317991631799164,924,12.047521125596292,2.4350181551625765,0.5627705627705628
IBS<0.1 & >SMA200,f2,120,1.7074026132835864,0.1041991956743045,0.5666666666666667,44,64.23517896162126,2.4078749371415076,0.7272727272727273,85,41.71763030251987,2.53142902251166,0.6352941176470588
IBS<0.2 & >SMA200,f2,239,12.081827008496104,1.1740115927370878,0.5899581589958159,77,60.952505781936686,2.8405203719369485,0.7532467532467533,160,11.85698619726166,0.9332145520722316,0.525
RSI2<10 & >SMA200,f2,143,18.523952545935597,1.3329917832000964,0.5524475524475524,25,-28.865238426612805,-0.5938931830665605,0.56,78,47.22652209407318,2.6829811476520127,0.6282051282051282
RSI2<20 & >SMA200,f2,261,17.389886804354926,1.7913341543753258,0.5593869731800766,64,-9.857979846529943,-0.3199576872221614,0.515625,167,38.84693559053783,3.0343444332324734,0.5988023952095808
2+ bajistas & >SMA200,f2,294,17.010220997992516,1.8901965576223512,0.5612244897959183,64,-19.55580211454008,-0.6847217078448884,0.53125,165,42.122009736809474,3.4894431509475266,0.6181818181818182
3+ bajistas & >SMA200,f2,121,16.58086520482911,1.038239014015674,0.5619834710743802,24,-109.65888082033128,-2.3784886023884133,0.375,63,72.63408143102801,3.967841970567535,0.7301587301587301
3+ alcistas & >SMA200 (short),f2,292,-21.217824348411398,-3.6285344542056066,0.3458904109589041,97,-3.5423058775223937,-0.20724277445721717,0.3711340206185567,185,-10.212918314541852,-1.1087080810785706,0.43243243243243246
4+ alcistas & >SMA200 (short),f2,171,-26.003995300933298,-3.6948146532119712,0.2982456140350877,57,20.7490435447423,0.9928779480427724,0.40350877192982454,105,-4.527800903082081,-0.3808626310955276,0.47619047619047616
base (todos),f5,1849,28.508375932864702,5.433116159515955,0.6024878312601406,542,69.77266633118596,5.105092784894862,0.6512915129151291,1241,23.84697521319596,2.8329261425229144,0.5825946817082998
base,f5,1849,28.508375932864702,5.433116159515955,0.6024878312601406,542,69.77266633118596,5.105092784894862,0.6512915129151291,1241,23.84697521319596,2.8329261425229144,0.5825946817082998
IBS<0.1,f5,155,65.42195403168023,2.8569704793007853,0.632258064516129,51,213.48107232234443,5.612342819653662,0.803921568627451,130,59.669605422427225,1.9324252476079622,0.5769230769230769
IBS<0.2,f5,304,70.45120875629692,4.706916317304582,0.6578947368421053,87,167.97305206400364,5.248393117717151,0.7586206896551724,241,29.397055355233498,1.3548726094762258,0.5767634854771784
RSI2<10,f5,190,82.5979293149646,4.0505927965506325,0.6157894736842106,36,86.31167716826072,1.1342744126456397,0.5833333333333334,130,66.29694149899201,2.21550495795177,0.6538461538461539
RSI2<20,f5,338,71.18577788478089,4.829828089645451,0.636094674556213,78,70.11245159530301,1.383080441909985,0.5897435897435898,263,66.89434888244666,3.242112718533527,0.6273764258555133
2+ bajistas,f5,360,57.03290208289562,4.318001448818011,0.6166666666666667,79,31.188826953421678,0.6263908311711174,0.6075949367088608,255,58.045371890102665,2.839862762781285,0.615686274509804
3+ bajistas,f5,158,87.76925470227509,4.1833498473968085,0.6582278481012658,31,-76.99034307028488,-0.8379999219126206,0.45161290322580644,105,50.50818185469039,1.4895919699760543,0.6190476190476191
3+ alcistas (short),f5,313,-24.059164283334738,-2.271614346230757,0.3706070287539936,105,-31.159557032141905,-1.3656789458419394,0.3523809523809524,209,-5.444256063596739,-0.3263880294367153,0.4449760765550239
4+ alcistas (short),f5,177,-31.461861631974806,-2.5390102328212176,0.3559322033898305,61,-16.319939630324654,-0.610576190208034,0.3770491803278688,114,-13.693614499640617,-0.7006973166851711,0.4473684210526316
base & >SMA50,f5,1351,14.169813098399967,2.678072659347964,0.5936343449296817,422,52.2831572620739,4.16483622924869,0.6421800947867299,808,26.562452780330588,3.2377065079726495,0.5977722772277227
IBS<0.1 & >SMA50,f5,68,45.04081722747935,1.6619529891032714,0.6617647058823529,31,195.9694495097862,5.140855583943343,0.8709677419354839,56,84.7964286551506,2.334757291378372,0.625
IBS<0.2 & >SMA50,f5,153,30.54004982723492,1.7898439614827584,0.6405228758169934,58,155.72903757340907,4.789643912419791,0.7931034482758621,115,32.67796669546396,1.318570154453304,0.6
RSI2<10 & >SMA50,f5,69,17.22588777618925,0.5585246270225105,0.5507246376811594,17,-0.1319793549265945,-0.0018026834131629162,0.4117647058823529,41,40.94671454487442,0.9600742020062847,0.6097560975609756
RSI2<20 & >SMA50,f5,154,30.360853774226115,1.6102884154756893,0.6103896103896104,45,47.59093160524787,0.9521117545691788,0.5333333333333333,103,89.54667861181895,3.515955445282731,0.6699029126213593
2+ bajistas & >SMA50,f5,196,18.94587880039958,1.2645817678448945,0.5663265306122449,48,25.790426730364477,0.5902334420417258,0.5625,129,69.4856725120558,3.03600928922537,0.6201550387596899
3+ bajistas & >SMA50,f5,63,50.31322151514891,1.825346017834177,0.5873015873015873,18,-62.51503229415081,-0.8430894480575863,0.3333333333333333,47,48.111696190981796,1.2353872744202006,0.6170212765957447
3+ alcistas & >SMA50 (short),f5,271,-30.138544310224667,-3.1228869585993,0.3505535055350554,97,-19.095969646581334,-0.7975006871440181,0.3711340206185567,172,-0.5053724333034144,-0.033787741621572456,0.4418604651162791
4+ alcistas & >SMA50 (short),f5,162,-36.48115473016556,-3.163906983622779,0.3333333333333333,56,-9.776246535614575,-0.33832750974722703,0.39285714285714285,100,2.9644656987674605,0.1462612118128839,0.46
base & >SMA200,f5,1609,20.914848402276313,4.060650525198364,0.5991298943443132,478,50.061528432735706,3.591960851513937,0.6297071129707112,924,30.213070833975944,3.9829349932063733,0.6006493506493507
IBS<0.1 & >SMA200,f5,120,49.070487885200826,2.1613065018503583,0.65,44,186.37117441641686,5.0504888313359295,0.7954545454545454,85,67.43625652190158,2.265255043597755,0.611764705882353
IBS<0.2 & >SMA200,f5,239,51.46055718791609,3.488041078510223,0.6610878661087866,77,147.89835786418078,4.476239789400048,0.7402597402597403,160,27.580516626219367,1.3166862138420532,0.59375
RSI2<10 & >SMA200,f5,143,43.15682551559077,2.00166453014995,0.5874125874125874,25,0.548004036899581,0.009664271980596339,0.48,78,51.93527637437836,1.8217388350760564,0.6794871794871795
RSI2<20 & >SMA200,f5,261,52.2696228009429,3.4684698937849014,0.6360153256704981,64,13.253851053143407,0.2769853373942406,0.53125,167,51.00390333873027,2.5431292369550027,0.6407185628742516
2+ bajistas & >SMA200,f5,294,33.69720617461276,2.5026330348271326,0.5952380952380952,64,-13.679536239143218,-0.2744421611402158,0.5625,165,60.818188698190795,3.083457021681071,0.6424242424242425
3+ bajistas & >SMA200,f5,121,47.35552981401065,2.307280894690777,0.628099173553719,24,-116.16765721978167,-1.2976648709121927,0.375,63,46.71761956695797,1.4700513334575,0.6507936507936508
3+ alcistas & >SMA200 (short),f5,292,-32.87687210841869,-3.5295495075789876,0.363013698630137,97,-24.99345299381541,-1.017008469346888,0.38144329896907214,185,-14.580187358698009,-0.9558917571529356,0.43243243243243246
4+ alcistas & >SMA200 (short),f5,171,-36.03389255334869,-3.1089249452920766,0.3508771929824561,57,-10.30465817804295,-0.3624275116738194,0.40350877192982454,105,-13.961429339186578,-0.719788105721384,0.44761904761904764
