,rth_o,rth_h,rth_l,rth_c,rth_n,on_h,on_l,on_o,seg,full,prev_c,prev_h,prev_l,prev_o,rng,atr,prev_rng,nr7,inside,gap,date,dow,net,atr%
32,2213.5,2223.75,2204.75,2217.75,390.0,2223.25,2207.75,2221.0,0,True,2216.5,2231.75,2204.25,2205.5,19.0,26.75,27.5,False,False,-3.0,2010-11-19,4,-5.038,-15.887850467289718
52,2309.5,2315.0,2304.25,2308.5,390.0,2310.75,2303.75,2309.0,1,True,2306.25,2310.25,2286.25,2291.75,10.75,21.857142857142858,24.0,False,True,3.25,2010-12-17,4,0.21199999999999997,4.57516339869281
76,2384.25,2388.25,2354.25,2355.5,390.0,2388.75,2365.0,2373.75,1,True,2373.25,2383.25,2355.5,2381.0,34.0,23.517857142857142,27.75,False,False,11.0,2011-01-21,4,27.962,122.24753227031131
96,2485.25,2489.0,2470.5,2480.5,390.0,2487.5,2478.25,2482.0,1,True,2485.0,2489.25,2472.0,2474.0,18.5,21.5,17.25,False,False,0.25,2011-02-18,4,3.9619999999999997,22.093023255813954
116,2338.5,2339.0,2306.5,2308.25,390.0,2344.75,2306.0,2314.75,2,True,2312.75,2336.75,2311.25,2327.0,32.5,37.42857142857143,25.5,False,True,25.75,2011-03-18,4,29.462,80.82061068702289
136,2390.75,2404.75,2380.25,2395.25,390.0,2397.0,2385.0,2391.75,2,True,2399.25,2403.0,2378.5,2387.25,24.5,25.732142857142858,24.5,False,False,-8.5,2011-04-15,4,-5.288,-17.487855655794586
160,2456.25,2459.25,2438.0,2440.75,390.0,2463.75,2450.5,2458.5,2,True,2459.25,2464.25,2444.5,2460.0,21.25,30.107142857142858,19.75,True,False,-3.0,2011-05-20,4,14.712,51.482799525504156
180,2322.25,2325.25,2289.0,2295.25,390.0,2323.0,2294.25,2303.75,3,True,2302.25,2319.5,2283.0,2312.25,36.25,26.892857142857142,36.5,False,False,20.0,2011-06-17,4,26.212,100.39840637450199
200,2455.75,2460.75,2439.25,2460.75,390.0,2460.25,2438.0,2445.0,3,True,2429.75,2474.75,2421.0,2464.75,21.5,32.05357142857143,53.75,False,False,26.0,2011-07-15,4,-5.788,-15.598885793871867
225,2158.5,2208.5,2140.25,2142.0,390.0,2191.75,2144.75,2189.25,3,True,2180.25,2228.75,2159.5,2227.75,68.25,73.78571428571429,69.25,False,False,-21.75,2011-08-19,4,15.712,22.362052274927393
245,2392.75,2409.0,2386.5,2405.75,390.0,2394.25,2374.25,2393.25,4,True,2386.5,2390.0,2353.5,2377.25,22.5,49.089285714285715,36.5,False,False,6.25,2011-09-16,4,-13.788,-26.482357220807568
270,2429.75,2450.5,2414.25,2435.75,390.0,2433.75,2402.5,2403.0,4,True,2407.25,2420.25,2373.5,2416.0,36.25,49.92857142857143,46.75,False,False,22.5,2011-10-21,4,-6.788,-12.017167381974248
290,2376.0,2378.5,2354.0,2357.0,390.0,2395.0,2365.75,2373.5,4,True,2378.0,2424.5,2361.0,2424.25,24.5,42.267857142857146,63.5,False,False,-2.0,2011-11-18,4,18.212,44.95141529362061
310,2351.5,2381.5,2346.75,2350.5,390.0,2362.0,2340.5,2340.5,5,True,2339.5,2367.0,2336.0,2365.5,34.75,34.5,31.0,False,True,12.0,2011-12-16,4,0.21199999999999997,2.898550724637681
333,2544.5,2552.5,2543.0,2552.0,390.0,2550.5,2540.0,2546.25,5,True,2555.0,2559.75,2546.75,2551.0,9.5,22.125,13.0,True,False,-10.5,2012-01-20,4,-8.288,-33.89830508474576
353,2709.5,2711.0,2689.25,2700.5,390.0,2714.75,2705.75,2710.75,5,True,2708.5,2711.5,2668.25,2674.75,21.75,25.821428571428573,43.25,False,False,1.0,2012-02-17,4,8.212,34.85477178423236
373,2840.75,2841.25,2828.0,2834.0,390.0,2845.25,2833.75,2835.75,6,True,2836.5,2842.5,2823.5,2837.0,13.25,25.071428571428573,19.0,False,False,4.25,2012-03-16,4,5.962,26.923076923076923
398,2820.75,2833.25,2795.0,2798.25,390.0,2824.25,2807.75,2811.0,6,True,2808.25,2860.25,2796.75,2827.75,38.25,38.67857142857143,63.5,False,False,12.5,2012-04-20,4,21.712,58.17174515235457
418,2640.5,2646.5,2598.25,2601.25,390.0,2647.0,2617.5,2636.0,6,True,2632.5,2691.75,2632.5,2687.0,48.25,38.642857142857146,59.25,False,False,8.0,2012-05-18,4,38.462,101.57116451016634
438,2671.5,2700.0,2670.75,2697.5,390.0,2681.25,2665.75,2669.5,7,True,2666.0,2675.0,2641.25,2655.0,29.25,36.339285714285715,33.75,True,False,5.5,2012-06-15,4,-26.788,-71.54791154791155
463,2781.25,2781.75,2745.0,2747.0,390.0,2789.75,2773.75,2786.75,7,True,2781.5,2790.25,2766.0,2770.5,36.75,36.357142857142854,24.25,False,False,-0.25,2012-07-20,4,33.462,94.20432220039294
483,2905.75,2912.75,2899.25,2912.0,390.0,2907.0,2895.5,2898.75,7,True,2899.75,2906.25,2874.0,2877.75,13.5,25.232142857142858,32.25,False,False,6.0,2012-08-17,4,-7.038,-24.769992922859164
508,2975.25,2977.75,2959.25,2962.5,390.0,2977.0,2960.5,2960.5,8,True,2961.5,2963.75,2943.25,2951.0,18.5,27.25,20.5,False,False,13.75,2012-09-21,4,11.962,46.788990825688074
528,2840.5,2842.25,2774.0,2777.75,390.0,2843.5,2828.5,2839.0,8,True,2844.5,2876.0,2833.5,2867.25,68.25,32.285714285714285,42.5,False,False,-4.0,2012-10-19,4,61.962,194.358407079646
548,2629.5,2645.25,2598.0,2637.0,390.0,2640.5,2619.0,2627.75,8,True,2627.0,2647.0,2618.75,2638.75,47.25,36.589285714285715,28.25,False,False,2.5,2012-11-16,4,-8.288,-20.497803806734993
572,2764.0,2779.0,2751.5,2774.75,390.0,2810.5,2752.25,2807.75,9,True,2804.5,2813.25,2793.5,2812.5,27.5,32.535714285714285,19.75,True,False,-40.5,2012-12-21,4,-11.538,-33.04061470911087
590,2847.25,2853.25,2837.75,2851.5,390.0,2857.0,2844.75,2850.75,9,True,2856.75,2867.25,2850.0,2854.75,15.5,25.107142857142858,17.25,False,False,-9.5,2013-01-18,4,-5.038,-16.92745376955903
609,2886.25,2892.0,2869.5,2877.75,390.0,2887.25,2876.25,2884.5,9,True,2885.25,2890.25,2872.25,2873.25,22.5,24.946428571428573,18.0,False,False,1.0,2013-02-15,4,7.712,34.07301360057266
628,2913.5,2915.0,2895.75,2902.75,390.0,2916.25,2909.0,2910.25,10,True,2912.0,2918.5,2906.5,2913.0,19.25,27.964285714285715,12.0,True,False,1.5,2013-03-15,4,9.962,38.441890166028095
652,2852.5,2890.5,2847.75,2883.75,390.0,2870.5,2852.75,2857.25,10,True,2846.25,2894.5,2835.0,2894.5,42.75,34.732142857142854,59.5,False,False,6.25,2013-04-19,4,-32.038,-89.97429305912597
672,3123.75,3139.25,3114.75,3138.0,390.0,3124.75,3109.0,3112.0,10,True,3109.0,3130.0,3107.25,3116.25,24.5,23.696428571428573,22.75,False,False,14.75,2013-05-17,4,-15.038,-60.13564431047476
696,2996.5,3003.75,2958.25,2983.5,390.0,3011.5,2988.5,2992.5,11,True,2995.25,3044.25,2988.0,3035.75,45.5,40.42857142857143,56.25,False,False,1.25,2013-06-21,4,12.212,32.15547703180212
715,3157.25,3157.75,3142.75,3152.25,390.0,3161.25,3151.0,3161.25,11,True,3184.0,3199.25,3178.5,3190.5,15.0,24.696428571428573,20.75,False,False,-26.75,2013-07-19,4,4.212,20.24584237165582
735,3188.75,3202.25,3180.75,3185.5,390.0,3193.75,3180.5,3184.0,11,True,3188.25,3206.75,3178.75,3206.5,21.5,25.410714285714285,28.0,False,False,0.5,2013-08-16,4,2.4619999999999997,12.789880534082924
759,3337.0,3340.0,3316.25,3318.25,390.0,3338.75,3325.25,3332.5,12,True,3328.25,3336.25,3323.25,3330.0,23.75,28.785714285714285,13.0,True,False,8.75,2013-09-20,4,17.962,65.136476426799
779,3421.0,3446.5,3412.25,3445.0,390.0,3421.75,3405.25,3406.0,12,True,3390.75,3393.25,3355.0,3357.5,34.25,39.964285714285715,38.25,False,False,30.25,2013-10-18,4,-24.788,-60.05361930294906
799,3513.0,3518.5,3503.75,3518.25,390.0,3519.75,3507.25,3510.75,12,True,3510.0,3514.25,3485.25,3491.5,14.75,33.982142857142854,29.0,False,False,3.0,2013-11-15,4,-6.038,-15.449290593799267
823,3566.75,3605.25,3565.75,3596.5,390.0,3571.0,3561.25,3561.5,13,True,3561.5,3566.5,3546.0,3565.75,39.5,30.375,20.5,True,True,5.25,2013-12-20,4,-30.538,-97.94238683127571
841,3661.0,3671.5,3642.25,3651.0,390.0,3677.0,3659.75,3665.25,13,True,3672.5,3676.25,3662.0,3666.75,29.25,31.160714285714285,14.25,True,True,-11.5,2014-01-17,4,9.212,32.09169054441261
864,3749.25,3754.75,3728.75,3730.75,390.0,3752.0,3737.25,3739.5,13,True,3738.0,3745.0,3707.75,3722.75,26.0,43.017857142857146,37.25,False,False,11.25,2014-02-21,4,17.712,43.00539643005396
884,3790.25,3792.5,3716.25,3722.25,390.0,3795.25,3768.75,3772.75,14,True,3769.0,3780.5,3739.75,3748.0,76.25,39.982142857142854,40.75,False,True,21.25,2014-03-21,4,67.212,170.07592675301476
923,3650.0,3672.0,3625.5,3668.75,390.0,3653.5,3633.75,3646.0,14,True,3645.75,3680.25,3622.75,3673.5,46.5,45.92857142857143,57.5,False,False,4.25,2014-05-16,4,-19.538,-40.824261275272164
946,3876.25,3882.75,3868.75,3877.5,390.0,3880.25,3868.0,3869.25,15,True,3875.0,3885.75,3857.5,3882.75,14.0,27.035714285714285,28.25,False,False,1.25,2014-06-20,4,-2.0380000000000003,-4.623513870541611
966,3976.25,4019.0,3970.75,4016.0,390.0,3978.0,3937.25,3953.75,15,True,3955.25,4010.75,3942.5,3996.5,48.25,35.0,68.25,False,False,21.0,2014-07-18,4,-40.538,-113.57142857142857
986,4070.5,4077.75,4030.5,4067.0,390.0,4072.75,4052.25,4056.25,15,True,4048.75,4049.75,4028.5,4033.25,47.25,39.517857142857146,21.25,True,False,21.75,2014-08-15,4,2.7119999999999997,8.856755535472209
1011,4195.5,4196.75,4159.25,4175.0,390.0,4202.0,4179.5,4182.0,16,True,4179.25,4179.25,4156.0,4160.0,37.5,38.94642857142857,23.25,True,False,16.25,2014-09-19,4,19.712,52.636405318661176
1028,3886.75,3923.75,3864.0,3888.75,390.0,3888.5,3825.25,3831.25,16,True,3839.0,3869.75,3780.5,3782.5,59.75,70.73214285714286,89.25,False,True,47.75,2014-10-17,4,-2.7880000000000003,-2.8275687957586464
1053,4364.0,4367.75,4320.75,4334.75,390.0,4367.0,4322.0,4328.75,16,True,4326.75,4329.75,4285.5,4289.5,47.0,32.92857142857143,44.25,False,False,37.25,2014-11-21,4,28.462,88.8286334056399
1073,4361.25,4398.5,4349.5,4379.25,390.0,4393.25,4356.0,4362.5,17,True,4355.75,4356.25,4302.75,4314.75,49.0,61.160714285714285,53.5,True,False,5.5,2014-12-19,4,-18.788,-29.43065693430657
1090,4172.0,4231.25,4165.5,4225.75,390.0,4174.0,4135.5,4166.5,17,True,4177.0,4257.0,4171.75,4250.75,65.75,59.982142857142854,85.25,False,False,-5.0,2015-01-16,4,-54.538,-89.61000297707652
1115,4504.0,4539.0,4490.0,4535.5,390.0,4519.25,4500.25,4510.25,17,True,4506.75,4509.75,4481.25,4482.25,49.0,44.017857142857146,28.5,False,False,-2.75,2015-02-20,4,-32.288,-71.56186612576064
1135,4539.0,4555.0,4531.0,4534.5,390.0,4544.0,4498.5,4501.5,18,True,4502.75,4515.25,4494.25,4501.0,24.0,44.82142857142857,21.0,True,True,36.25,2015-03-20,4,3.7119999999999997,10.0398406374502
1155,4453.25,4465.5,4406.75,4426.25,390.0,4500.25,4445.75,4499.0,18,True,4495.25,4503.5,4483.75,4490.0,58.75,39.964285714285715,19.75,True,True,-42.0,2015-04-17,4,26.212,67.5603217158177
1175,4584.0,4589.5,4560.5,4571.75,390.0,4590.25,4570.75,4571.75,18,True,4571.75,4575.5,4526.75,4542.75,29.0,51.785714285714285,48.75,False,False,12.25,2015-05-15,4,11.462,23.655172413793103
1200,4611.25,4614.0,4583.0,4583.5,390.0,4620.25,4604.0,4610.5,19,True,4605.0,4615.5,4555.5,4558.5,31.0,45.80357142857143,60.0,False,False,6.25,2015-06-19,4,26.962,60.58479532163742
1220,4704.0,4733.75,4696.0,4733.0,390.0,4704.25,4687.75,4690.25,19,True,4665.5,4667.0,4631.5,4640.25,37.75,50.464285714285715,35.5,False,False,38.5,2015-07-17,4,-29.788,-57.46638358103326
1245,4403.25,4440.0,4278.0,4278.25,390.0,4448.75,4401.75,4448.25,19,True,4465.0,4562.75,4464.5,4548.75,162.0,60.035714285714285,98.25,False,False,-61.75,2015-08-21,4,124.212,208.2093991671624
1265,4409.0,4466.25,4407.25,4415.0,390.0,4486.0,4403.0,4474.5,20,True,4478.25,4545.25,4460.5,4473.75,59.0,71.76785714285714,84.75,False,False,-69.25,2015-09-18,4,-6.788,-8.360288629012192
1285,4521.0,4533.25,4499.5,4531.25,390.0,4530.0,4508.5,4513.25,20,True,4511.0,4511.75,4450.0,4456.75,33.75,69.53571428571429,61.75,False,False,10.0,2015-10-16,4,-11.038,-14.740626605033382
1310,4781.5,4795.0,4777.0,4789.75,390.0,4782.25,4755.75,4760.25,20,True,4758.25,4780.5,4750.25,4757.75,18.0,54.035714285714285,30.25,True,False,23.25,2015-11-20,4,-9.038,-15.267680105750165
1330,4674.75,4688.0,4605.25,4605.75,390.0,4689.5,4648.25,4670.75,21,True,4692.75,4783.25,4691.5,4782.0,82.75,75.35714285714286,91.75,False,False,-18.0,2015-12-18,4,68.212,91.56398104265402
1348,4220.25,4277.0,4177.0,4231.0,390.0,4370.0,4214.75,4356.25,21,True,4363.25,4401.75,4225.25,4291.5,100.0,81.07142857142857,176.5,False,False,-143.0,2016-01-15,4,-11.538,-13.259911894273127
1373,4233.5,4276.25,4221.5,4264.25,390.0,4271.0,4224.5,4257.5,21,True,4251.75,4313.0,4245.25,4311.5,54.75,87.76785714285714,67.75,False,False,-18.25,2016-02-19,4,-31.538,-35.03560528992879
1393,4488.0,4495.5,4460.5,4485.0,390.0,4490.5,4469.0,4480.25,22,True,4477.0,4487.75,4451.25,4467.25,35.0,54.69642857142857,36.5,False,True,11.0,2016-03-18,4,2.2119999999999997,5.484818805093046
1412,4628.0,4637.0,4607.75,4619.75,390.0,4639.25,4619.0,4633.5,22,True,4631.5,4648.0,4619.25,4631.0,29.25,51.285714285714285,28.75,True,False,-3.5,2016-04-15,4,7.462,16.08635097493036
1437,4415.5,4463.75,4413.25,4445.5,390.0,4427.25,4399.25,4401.75,22,True,4398.5,4414.25,4365.5,4403.0,50.5,50.82142857142857,48.75,False,False,17.0,2016-05-20,4,-30.788,-59.0302178496135
1457,4499.0,4499.5,4444.5,4455.5,390.0,4523.5,4492.25,4506.25,23,True,4507.75,4512.0,4443.5,4472.25,55.0,35.839285714285715,68.5,False,False,-8.75,2016-06-17,4,42.712,121.37518684603886
1477,4691.0,4694.5,4663.5,4673.25,390.0,4693.75,4667.25,4676.0,23,True,4680.5,4690.0,4669.5,4680.5,31.0,48.035714285714285,20.5,False,False,10.5,2016-07-15,4,16.962,36.951672862453535
1502,4890.75,4907.75,4876.0,4896.5,390.0,4902.25,4879.0,4899.0,23,True,4898.5,4905.0,4883.75,4893.0,31.75,30.017857142857142,21.25,False,False,-7.75,2016-08-19,4,-6.538,-19.15526472337894
1522,4919.5,4928.0,4898.25,4922.0,390.0,4929.0,4903.0,4919.0,24,True,4926.25,4933.0,4850.75,4853.25,29.75,50.214285714285715,82.25,False,False,-6.75,2016-09-16,4,-3.2880000000000003,-4.978662873399715
1547,4940.25,4957.5,4924.25,4954.75,390.0,4958.5,4936.0,4953.75,24,True,4937.0,4947.25,4908.25,4935.0,33.25,37.482142857142854,39.0,False,False,3.25,2016-10-21,4,-15.288,-38.6850881372082
1567,4938.75,4950.0,4912.5,4917.0,390.0,4947.25,4925.25,4938.25,24,True,4935.75,4936.25,4887.5,4898.25,37.5,67.05357142857143,48.75,True,False,3.0,2016-11-18,4,20.962,32.43675099866844
1587,5078.75,5089.0,5041.5,5051.75,390.0,5085.5,5068.0,5077.25,25,True,5070.5,5099.0,5056.25,5066.5,47.5,49.892857142857146,42.75,False,False,8.25,2016-12-16,4,26.212,54.1159627773801
1610,5206.5,5220.25,5182.0,5194.25,390.0,5208.5,5190.75,5192.75,25,True,5184.0,5212.0,5173.75,5193.0,38.25,38.714285714285715,38.25,False,False,22.5,2017-01-20,4,11.462,31.642066420664207
1630,5432.5,5462.0,5430.75,5461.75,390.0,5440.5,5424.0,5437.5,25,True,5438.75,5454.25,5425.75,5444.0,31.25,30.178571428571427,28.5,False,False,-6.25,2017-02-17,4,-30.038,-96.92307692307692
1650,5569.0,5577.25,5560.25,5560.25,390.0,5576.5,5563.0,5567.75,26,True,5566.0,5580.75,5554.25,5580.0,17.0,31.785714285714285,26.5,False,True,3.0,2017-03-17,4,7.962,27.52808988764045
1674,5599.0,5601.75,5579.5,5592.0,390.0,5606.75,5594.5,5597.0,26,True,5593.25,5606.75,5563.0,5572.0,22.25,40.75,43.75,False,False,5.75,2017-04-21,4,6.212,17.177914110429448
1694,5800.0,5828.5,5798.0,5805.25,390.0,5806.75,5774.0,5783.5,26,True,5781.25,5800.5,5724.5,5732.75,30.5,35.94642857142857,76.0,False,False,18.75,2017-05-19,4,-6.038,-14.605067064083457
1714,5861.0,5861.75,5815.25,5839.25,390.0,5881.75,5845.75,5863.25,27,True,5862.75,5869.25,5795.5,5830.5,46.5,62.25,73.75,False,False,-1.75,2017-06-16,4,20.962,34.93975903614458
1739,6055.0,6075.75,6044.75,6075.25,390.0,6085.5,6048.25,6085.0,27,True,6077.75,6089.75,6051.25,6084.75,31.0,53.767857142857146,38.5,False,False,-22.75,2017-07-21,4,-21.038,-37.6619063434075
1759,5958.25,5989.25,5926.75,5948.75,390.0,5980.25,5943.25,5946.5,27,True,5954.75,6061.75,5954.25,6053.75,62.5,56.660714285714285,107.5,False,False,3.5,2017-08-18,4,8.712,16.766467065868262
1779,6136.75,6180.0,6125.5,6156.0,390.0,6138.25,6112.25,6136.0,28,True,6137.25,6168.25,6133.0,6150.5,54.5,51.785714285714285,35.25,False,False,-0.5,2017-09-15,4,-20.038,-37.172413793103445
1804,6283.0,6288.25,6266.75,6272.75,390.0,6293.75,6254.75,6262.0,28,True,6258.0,6258.25,6215.5,6246.5,21.5,32.0,42.75,False,False,25.0,2017-10-20,4,9.462,32.03125
1824,6509.5,6513.5,6477.25,6483.0,390.0,6516.0,6500.0,6507.0,28,True,6508.5,6522.75,6459.25,6459.75,36.25,45.267857142857146,63.5,False,False,1.0,2017-11-17,4,25.712,58.54043392504931
1844,6563.0,6620.25,6553.0,6611.25,390.0,6566.25,6530.25,6533.25,29,True,6539.25,6573.25,6533.5,6557.0,67.25,66.03571428571429,39.75,False,False,23.75,2017-12-15,4,-49.038,-73.06652244456461
1867,6974.0,6986.5,6940.25,6974.75,390.0,6982.25,6931.0,6946.0,29,True,6952.5,6967.5,6925.5,6942.25,46.25,56.875,42.0,False,False,21.5,2018-01-19,4,-1.538,-1.3186813186813187
1887,6913.25,6976.75,6891.5,6905.5,390.0,6989.25,6907.75,6945.75,29,True,6931.5,6931.75,6799.25,6867.75,85.25,165.14285714285714,132.5,False,False,-18.25,2018-02-16,4,6.962,4.692906574394464
1907,7184.25,7201.5,7149.75,7155.25,390.0,7199.75,7168.25,7189.5,30,True,7172.0,7216.75,7149.25,7188.0,51.75,104.5,67.5,False,False,12.25,2018-03-16,4,28.212,27.751196172248804
1931,6877.75,6883.25,6762.75,6789.75,390.0,6907.0,6850.5,6894.5,30,True,6898.0,6940.25,6872.0,6927.25,120.5,124.19642857142857,68.25,False,False,-20.25,2018-04-20,4,87.212,70.85549964054637
1951,7002.0,7022.5,6979.0,6990.25,390.0,7053.0,6985.0,7025.25,30,True,7024.25,7078.75,6991.75,7029.0,43.5,86.07142857142857,87.0,False,False,-22.25,2018-05-18,4,10.962,13.651452282157678
1971,7361.5,7372.0,7323.25,7358.25,390.0,7397.0,7344.25,7388.5,31,True,7388.5,7399.25,7339.5,7343.0,48.75,62.357142857142854,59.75,False,False,-27.0,2018-06-15,4,2.4619999999999997,5.211912943871707
1996,7467.75,7492.0,7434.25,7440.75,390.0,7485.25,7429.0,7458.5,31,True,7445.0,7480.0,7436.5,7457.75,57.75,75.71428571428571,43.5,False,False,22.75,2018-07-20,4,26.212,35.66037735849057
2016,7444.75,7485.25,7400.0,7467.0,390.0,7476.0,7435.0,7460.75,31,True,7464.25,7512.75,7450.25,7495.75,85.25,75.60714285714286,62.5,False,False,-19.5,2018-08-17,4,-23.038,-29.428436466698155
2041,7708.5,7718.0,7633.75,7643.0,390.0,7721.0,7682.5,7692.5,32,True,7684.5,7697.0,7636.25,7655.0,84.25,84.0,60.75,False,False,24.0,2018-09-21,4,64.712,77.97619047619048
2061,7258.5,7327.75,7176.25,7202.75,390.0,7279.5,7219.0,7237.5,32,True,7215.25,7354.0,7178.0,7350.25,151.5,147.39285714285714,176.0,False,False,43.25,2018-10-19,4,54.962,37.82408529197965
2081,6920.0,6998.5,6891.0,6962.5,390.0,6970.25,6889.75,6958.0,32,True,6987.0,7004.0,6795.75,6851.75,107.5,162.85714285714286,208.25,False,False,-67.0,2018-11-16,4,-43.288,-26.096491228070175
2106,6383.25,6427.0,6125.75,6159.0,390.0,6433.75,6361.25,6420.75,33,True,6358.25,6500.25,6275.75,6429.0,301.25,175.71428571428572,224.5,False,False,25.0,2018-12-21,4,223.462,127.62195121951218
2124,6874.75,6924.0,6832.0,6890.75,390.0,6883.25,6807.75,6818.5,33,True,6826.0,6855.75,6740.0,6751.0,92.0,118.08928571428571,115.75,False,False,48.75,2019-01-18,4,-16.788,-13.549070013609557
2144,7178.75,7180.0,7121.25,7155.5,390.0,7191.0,7071.0,7113.25,33,True,7123.75,7150.75,7067.75,7090.0,58.75,81.625,83.0,False,False,55.0,2019-02-15,4,22.462,28.483920367534456
2164,7347.0,7409.0,7342.0,7384.25,390.0,7363.25,7317.75,7320.5,34,True,7319.75,7345.0,7317.0,7335.75,67.0,72.44642857142857,28.0,True,True,27.25,2019-03-15,4,-38.038,-51.41730342617697
2208,7565.25,7668.0,7556.5,7562.25,390.0,7661.25,7555.75,7648.75,34,True,7640.5,7689.0,7559.75,7567.25,111.5,122.05357142857143,129.25,False,False,-75.25,2019-05-17,4,2.2119999999999997,2.4579370885149965
2233,7800.0,7851.75,7785.25,7803.75,390.0,7819.0,7774.25,7811.0,35,True,7811.25,7850.75,7754.75,7849.25,66.5,97.60714285714286,96.0,False,False,-11.25,2019-06-21,4,-4.538,-3.841931942919868
2253,8022.5,8022.5,7897.0,7901.5,390.0,8029.0,7984.5,7998.75,35,True,7969.0,7980.5,7893.5,7918.5,125.5,61.589285714285715,87.0,False,False,53.5,2019-07-19,4,120.212,196.46274282400697
2273,7605.0,7680.75,7603.5,7660.75,390.0,7649.0,7550.75,7557.5,35,True,7542.0,7583.5,7483.75,7564.0,77.25,145.71428571428572,99.75,False,False,63.0,2019-08-16,4,-56.538,-38.259803921568626
2298,7955.75,7963.25,7831.75,7860.0,390.0,7973.25,7934.25,7942.0,36,True,7944.5,7994.75,7929.0,7946.0,131.5,72.03571428571429,65.75,False,False,11.25,2019-09-20,4,94.962,132.92017848289538
2318,7964.0,7979.5,7856.75,7896.75,390.0,7978.5,7938.25,7974.75,36,True,7975.0,8013.25,7943.0,8000.25,122.75,93.28571428571429,70.25,False,False,-11.0,2019-10-18,4,66.462,72.09035222052067
2338,8335.25,8343.5,8310.0,8339.75,390.0,8341.75,8282.25,8288.5,36,True,8287.0,8293.0,8237.25,8263.0,33.5,57.214285714285715,55.75,False,False,48.25,2019-11-15,4,-5.288,-7.865168539325842
2363,8800.75,8811.5,8780.5,8798.25,390.0,8819.0,8759.5,8773.75,37,True,8765.25,8767.5,8712.5,8713.5,31.0,63.482142857142854,55.0,False,False,35.5,2019-12-20,4,1.712,3.938115330520394
2381,9269.75,9283.5,9224.25,9276.75,390.0,9280.25,9227.75,9231.25,37,True,9232.25,9233.0,9170.75,9190.0,59.25,81.89285714285714,62.25,False,False,37.5,2020-01-17,4,-7.788,-8.547754034016572
2406,9684.25,9699.0,9505.75,9546.25,390.0,9718.0,9632.5,9711.5,37,True,9728.25,9820.25,9611.25,9799.0,193.25,115.625,209.0,False,False,-44.0,2020-02-21,4,137.212,119.35135135135135
2426,7497.75,7546.5,7020.75,7044.25,390.0,7697.75,7195.0,7245.75,38,True,7337.25,7571.25,7078.75,7246.0,525.75,384.75,492.5,False,True,160.5,2020-03-20,4,452.712,117.86874593892138
2445,8917.75,8940.25,8758.25,8884.5,390.0,9035.5,8902.75,8978.5,38,True,8812.0,8854.25,8660.5,8747.0,182.0,233.60714285714286,193.75,False,False,105.75,2020-04-17,4,32.462,14.233297660908118
2465,9030.75,9217.25,9012.25,9214.75,390.0,9211.75,8994.25,9154.25,38,True,9155.0,9157.75,8915.75,9003.0,205.0,178.08928571428572,242.0,False,False,-124.25,2020-05-15,4,-184.788,-103.3189611952271
2490,10167.0,10178.0,9990.25,10059.25,390.0,10181.25,10048.5,10053.75,39,True,10067.25,10077.25,9993.0,10024.25,187.75,188.30357142857142,84.25,True,False,99.75,2020-06-19,4,106.962,57.221431958274074
2510,10711.75,10738.5,10606.25,10699.0,390.0,10727.0,10592.5,10601.0,39,True,10681.75,10714.75,10544.25,10640.0,132.25,220.98214285714286,170.5,False,False,30.0,2020-07-17,4,11.962,5.7696969696969695
2535,11550.0,11642.25,11524.25,11623.25,390.0,11592.75,11475.75,11548.75,39,True,11542.75,11565.25,11335.75,11353.25,118.0,158.01785714285714,229.5,False,False,7.25,2020-08-21,4,-74.038,-46.355520397785064
2555,11184.25,11203.75,10810.75,10986.75,390.0,11231.75,11090.75,11135.25,40,True,11136.0,11218.25,10982.75,11018.0,393.0,303.26785714285717,235.5,False,False,48.25,2020-09-18,4,196.712,65.12394747688865
2575,12029.75,12090.75,11881.25,11895.75,390.0,12043.75,11894.25,11959.75,40,True,11959.0,11987.25,11815.5,11844.0,209.5,183.80357142857142,171.75,False,False,70.75,2020-10-16,4,133.212,72.90391528223064
2600,12052.75,12084.0,11970.75,11973.25,390.0,12089.75,11992.25,12028.75,40,True,12050.0,12068.75,11910.5,11938.25,113.25,209.66071428571428,158.25,False,False,2.75,2020-11-20,4,78.712,37.91840558725833
2620,12843.5,12856.5,12678.75,12771.25,390.0,12858.5,12775.75,12816.25,41,True,12819.0,12831.25,12752.5,12806.0,177.75,153.23214285714286,78.75,True,False,24.5,2020-12-18,4,71.462,47.15068173872508
2638,12958.75,13000.0,12812.25,12867.5,390.0,12996.75,12898.75,12977.75,41,True,12966.25,13097.5,12949.75,13054.5,187.75,166.85714285714286,147.75,False,False,-7.5,2021-01-15,4,90.462,54.6875
2663,13764.25,13769.25,13603.5,13647.0,390.0,13797.75,13618.75,13707.0,41,True,13706.5,13738.25,13536.75,13613.0,165.75,175.92857142857142,201.5,False,False,57.75,2021-02-19,4,116.462,66.64636622005685
2683,12844.5,12960.0,12750.5,12906.25,390.0,12967.0,12782.25,12862.25,42,True,12850.75,13091.0,12830.75,13048.25,209.5,301.73214285714283,260.25,False,False,-6.25,2021-03-19,4,-62.538,-20.465171332189147
2703,14107.5,14109.75,14022.5,14100.0,390.0,14128.25,14021.5,14070.75,42,True,14084.75,14103.0,13991.75,13997.75,87.25,152.32142857142858,111.25,False,False,22.75,2021-04-16,4,6.712,4.9237983587338805
2728,13620.5,13638.75,13464.5,13477.75,390.0,13632.0,13555.0,13561.25,42,True,13555.25,13591.5,13350.0,13360.75,174.25,231.28571428571428,241.5,False,False,65.25,2021-05-21,4,141.962,61.720197652872145
2748,14149.25,14200.25,14078.75,14110.5,390.0,14273.5,14119.75,14248.75,43,True,14225.0,14267.75,14000.75,14003.0,121.5,150.23214285714286,267.0,False,False,-75.75,2021-06-18,4,37.962,25.793414953048853
2768,14898.5,14938.25,14724.75,14742.0,390.0,14921.5,14804.75,14847.25,43,True,14859.25,14971.0,14777.0,14961.75,213.5,131.85714285714286,194.0,False,False,39.25,2021-07-16,4,155.712,118.68905742145179
2793,15042.25,15168.75,15027.75,15152.25,390.0,15056.5,14919.75,15012.0,43,True,14997.75,15067.75,14832.5,14843.25,141.0,147.30357142857142,235.25,False,False,44.5,2021-08-20,4,-110.788,-74.67571826888108
2813,15552.5,15553.75,15345.0,15390.75,390.0,15597.0,15527.0,15566.5,44,True,15579.0,15601.25,15427.5,15510.5,208.75,151.98214285714286,173.75,False,False,-26.5,2021-09-17,4,160.962,106.42697685348372
2833,15157.5,15206.5,15114.75,15204.0,390.0,15181.5,15089.5,15132.5,44,True,15105.75,15117.5,14959.25,14988.0,91.75,211.19642857142858,158.25,False,False,51.75,2021-10-15,4,-47.288,-22.017417772892532
2858,16617.75,16697.25,16585.0,16641.5,390.0,16658.75,16559.0,16572.0,44,True,16549.75,16572.0,16372.25,16466.75,112.25,176.5,199.75,False,False,68.0,2021-11-19,4,-24.538,-13.456090651558073
2878,15782.0,16025.25,15720.5,15848.25,390.0,15966.25,15730.25,15946.75,45,True,15931.0,16410.75,15861.75,16391.0,304.75,347.5892857142857,549.0,False,False,-149.0,2021-12-17,4,-67.038,-19.059851014641662
2902,14814.25,14927.25,14483.25,14484.5,390.0,14885.25,14671.0,14790.75,45,True,14904.0,15409.0,14885.25,15237.25,444.0,339.67857142857144,523.75,False,False,-89.75,2022-01-21,4,328.962,97.07706865734413
2922,14273.25,14289.5,13975.0,14073.75,390.0,14367.75,14197.5,14225.0,45,True,14235.0,14563.75,14216.75,14531.25,314.5,333.98214285714283,347.0,False,False,38.25,2022-02-18,4,198.712,59.7337325562744
2942,14046.5,14424.0,13995.0,14410.25,390.0,14072.25,13966.5,14056.75,46,True,14119.5,14122.0,13819.0,13872.25,429.0,381.375,303.0,False,False,-73.0,2022-03-18,4,-364.538,-95.37856440511308
2986,12026.25,12053.0,11491.25,11835.5,390.0,12096.75,11895.0,11898.0,46,True,11876.25,12076.75,11795.25,11864.25,561.75,408.2142857142857,281.5,False,False,150.0,2022-05-20,4,189.962,46.727909011373576
3006,11190.5,11396.0,11119.0,11292.25,390.0,11321.75,11162.5,11206.75,47,True,11166.0,11349.75,11068.5,11329.0,277.0,310.42857142857144,281.25,False,False,24.5,2022-06-17,4,-102.538,-32.777266451909796
3026,11923.75,12013.25,11853.5,12009.0,390.0,11932.75,11740.25,11810.5,47,True,11799.5,11835.0,11511.25,11642.25,159.75,292.05357142857144,323.75,False,False,124.25,2022-07-15,4,-86.038,-29.189850198715988
3051,13399.0,13425.25,13228.75,13263.25,390.0,13534.5,13358.25,13534.25,47,True,13528.75,13575.5,13422.5,13491.5,196.5,223.30357142857142,153.0,True,True,-129.75,2022-08-19,4,134.962,60.79168332666933
3071,11866.5,11948.5,11778.5,11927.25,390.0,11956.0,11825.25,11951.5,48,True,12004.25,12234.0,11937.5,12131.25,170.0,285.75,296.5,False,False,-137.75,2022-09-16,4,-61.538,-21.25984251968504
3096,11043.75,11374.25,10995.25,11354.0,390.0,11101.75,10935.5,11061.25,48,True,11087.75,11328.75,11041.25,11111.0,379.0,296.17857142857144,287.5,False,False,-44.0,2022-10-21,4,-311.038,-104.75099481490413
3116,11837.75,11842.5,11607.0,11707.5,390.0,11843.0,11672.25,11747.75,48,True,11712.25,11775.0,11543.75,11551.0,235.5,266.69642857142856,231.25,False,False,125.5,2022-11-18,4,129.462,48.838299296953466
3136,11429.0,11491.5,11275.5,11342.25,390.0,11487.75,11312.5,11446.5,49,True,11460.5,11715.5,11404.0,11686.25,216.0,264.7142857142857,311.5,False,False,-31.5,2022-12-16,4,85.962,32.77118186724231
3159,11428.25,11686.75,11383.5,11676.25,390.0,11448.5,11365.25,11401.0,49,True,11360.5,11454.25,11308.5,11407.25,303.25,219.55357142857142,145.75,False,False,67.75,2023-01-20,4,-248.788,-112.95648637657585
3179,12390.0,12423.75,12265.75,12392.0,390.0,12466.25,12338.0,12462.5,49,True,12481.5,12694.25,12475.75,12524.0,158.0,261.19642857142856,218.5,False,False,-91.5,2023-02-17,4,-2.7880000000000003,-0.7657072537088946
3199,12712.5,12811.25,12569.5,12647.5,390.0,12767.75,12660.25,12708.0,50,True,12716.5,12735.75,12314.0,12345.25,241.75,236.98214285714286,421.75,False,False,-4.0,2023-03-17,4,64.212,27.428226961042874
3224,13057.75,13122.0,12982.5,13088.25,390.0,13107.75,13005.0,13089.0,50,True,13077.0,13200.0,13021.75,13051.5,139.5,178.14285714285714,178.25,False,False,-19.25,2023-04-21,4,-31.288,-17.121090617481958
3244,13898.25,13929.0,13814.25,13858.25,390.0,13960.25,13877.5,13908.5,50,True,13889.75,13901.25,13652.75,13653.75,114.75,159.60714285714286,248.5,False,False,8.5,2023-05-19,4,39.212,25.061535019019914
3264,15471.0,15475.5,15258.5,15274.75,390.0,15474.5,15315.0,15368.0,51,True,15377.5,15441.0,15114.5,15141.0,217.0,225.23214285714286,326.5,False,False,93.5,2023-06-16,4,195.462,87.13232379291208
3289,15688.25,15719.25,15522.25,15537.5,390.0,15717.5,15554.5,15590.75,51,True,15588.0,15895.0,15547.0,15833.75,197.0,182.85714285714286,348.0,False,False,100.25,2023-07-21,4,149.962,82.44140625
3309,14632.25,14802.75,14609.25,14750.25,390.0,14791.0,14620.0,14748.0,51,True,14772.25,15007.5,14754.5,14994.25,193.5,199.42857142857142,253.0,False,False,-140.0,2023-08-18,4,-118.788,-59.16905444126075
3329,15610.5,15627.5,15356.75,15390.75,390.0,15719.75,15592.25,15677.0,52,True,15672.5,15714.5,15531.0,15620.0,270.75,185.125,183.5,False,False,-62.0,2023-09-15,4,218.962,118.70357866306549
3354,14862.5,14886.0,14651.75,14661.25,390.0,14887.5,14796.0,14850.0,52,True,14885.75,15138.25,14852.25,15087.5,234.25,251.91071428571428,286.0,False,False,-23.25,2023-10-20,4,200.462,79.88941660168712
3374,15862.75,15940.0,15825.0,15897.5,390.0,15919.75,15860.0,15897.75,52,True,15897.25,15906.75,15796.75,15850.75,115.0,171.32142857142858,110.0,True,False,-34.5,2023-11-17,4,-35.538,-20.283510527412965
3394,16787.5,16887.25,16762.5,16819.75,390.0,16818.5,16732.25,16739.25,53,True,16755.5,16877.25,16628.0,16820.5,124.75,183.92857142857142,249.25,False,False,32.0,2023-12-15,4,-33.038,-17.533980582524272
3417,17190.75,17448.0,17166.25,17442.5,390.0,17255.25,17107.25,17116.0,53,True,17109.0,17125.75,16942.5,16997.0,281.75,187.625,183.25,False,False,81.75,2024-01-19,4,-252.538,-134.17721518987344
3437,17926.75,17930.0,17717.0,17747.0,390.0,18026.0,17903.0,17952.0,53,True,17914.0,17933.0,17780.5,17888.0,213.0,193.53571428571428,152.5,False,False,12.75,2024-02-16,4,178.962,92.8769145598819
3457,18152.5,18174.5,18006.25,18058.5,390.0,18322.75,18130.0,18251.0,54,True,18278.25,18398.0,18161.25,18375.25,168.25,207.91071428571428,236.75,False,False,-125.75,2024-03-15,4,93.212,45.21171519367861
3481,17495.0,17517.0,17113.25,17181.75,390.0,17553.25,17181.75,17530.75,54,True,17545.0,17746.0,17521.5,17673.5,403.75,262.30357142857144,224.5,False,False,-50.0,2024-04-19,4,312.462,119.4226972564504
3501,18651.25,18677.0,18545.0,18638.5,390.0,18686.75,18617.0,18642.0,54,True,18651.0,18760.75,18643.75,18678.75,132.0,192.44642857142858,117.0,False,False,0.25,2024-05-17,4,11.962,6.625220376728216
3526,20017.0,20072.75,19914.25,19975.0,390.0,20086.0,19947.75,20043.25,55,True,20035.25,20263.25,19958.25,20245.75,158.5,222.98214285714286,305.0,False,False,-18.25,2024-06-21,4,41.212,18.835589012573077
3546,19868.5,19976.5,19654.0,19711.75,390.0,19979.75,19753.5,19955.0,55,True,19891.25,20149.25,19758.75,20141.5,322.5,270.80357142857144,390.5,False,False,-22.75,2024-07-19,4,155.962,57.88328387734916
3566,19503.5,19660.75,19462.5,19603.5,390.0,19683.0,19447.5,19570.25,55,True,19587.25,19603.25,19336.25,19352.0,198.25,427.14285714285717,267.0,False,False,-83.75,2024-08-16,4,-100.788,-23.41137123745819
3591,20035.0,20084.0,19860.0,20032.75,390.0,20075.0,19981.0,20066.0,56,True,20081.5,20203.0,19964.0,20052.25,224.0,337.26785714285717,239.0,False,False,-46.5,2024-09-20,4,1.462,0.6671255360830199
3611,20465.75,20529.75,20433.0,20482.75,390.0,20508.5,20320.75,20384.0,56,True,20364.0,20576.0,20353.75,20573.25,96.75,249.10714285714286,222.25,False,False,101.75,2024-10-18,4,-17.788,-6.824372759856631
3631,20758.75,20773.75,20405.25,20491.75,390.0,20981.5,20752.5,20977.5,56,True,21008.5,21174.75,20971.25,21137.75,368.5,222.60714285714286,203.5,False,False,-249.75,2024-11-15,4,266.212,119.94224290068986
3656,21210.5,21812.25,21160.5,21567.5,390.0,21429.25,21006.5,21429.25,57,True,21376.75,21697.75,21363.0,21677.0,651.75,253.08928571428572,334.75,False,False,-166.25,2024-12-20,4,-357.788,-141.05693925068792
3674,21647.25,21672.0,21481.25,21600.75,390.0,21682.5,21209.25,21227.5,57,True,21248.0,21498.0,21243.5,21494.5,190.75,318.25,254.5,True,False,399.25,2025-01-17,4,45.712,14.611154752553023
3699,22186.25,22188.0,21662.5,21682.5,390.0,22245.5,22103.75,22136.0,57,True,22144.75,22225.5,21951.0,22209.5,525.5,260.625,274.5,False,False,41.5,2025-02-21,4,502.962,193.2853717026379
3719,19657.25,19974.0,19607.5,19953.0,390.0,19932.75,19602.25,19898.5,58,True,19881.25,20105.0,19756.0,19786.5,366.5,472.98214285714283,349.0,False,False,-224.0,2025-03-21,4,-296.538,-62.528787707177116
3758,21467.5,21512.0,21320.25,21505.75,390.0,21504.75,21348.75,21396.0,58,True,21419.5,21529.75,21247.75,21302.5,191.75,307.25,282.0,False,False,48.0,2025-05-16,4,-39.038,-12.449145646867372
3783,22075.0,22130.5,21765.0,21842.75,390.0,22103.0,21745.75,21748.25,59,True,21949.0,22097.75,21882.25,21993.0,365.5,242.28571428571428,215.5,False,False,126.0,2025-06-20,4,231.462,95.85790094339623
3803,23301.0,23310.0,23169.5,23226.5,390.0,23320.75,23245.25,23261.25,59,True,23257.75,23279.75,23065.75,23100.25,140.5,199.16071428571428,214.0,False,False,43.25,2025-07-18,4,73.712,37.40697570160495
3823,23909.25,23911.0,23734.5,23806.0,390.0,23963.0,23871.0,23888.75,59,True,23922.0,24007.75,23841.25,23857.75,176.5,253.76785714285714,166.5,True,False,-12.75,2025-08-15,4,102.462,40.68679192175076
3848,24767.75,24888.0,24708.0,24860.5,390.0,24784.75,24655.0,24717.75,60,True,24698.25,24816.0,24598.75,24679.5,180.0,212.66071428571428,217.25,False,False,69.5,2025-09-19,4,-93.538,-43.61407338987321
3868,24736.25,25055.75,24672.5,24989.0,390.0,24858.5,24410.0,24793.75,60,True,24830.75,25179.5,24643.5,25045.25,383.25,338.875,536.0,False,False,-94.5,2025-10-17,4,-253.538,-74.58502397639248
3893,24203.5,24596.25,23927.25,24313.75,390.0,24292.0,23904.5,24110.0,60,True,24138.25,25310.0,24098.0,25211.5,669.0,471.4107142857143,1212.0,False,False,65.25,2025-11-21,4,-111.038,-23.38724951702716
3913,25361.25,25600.25,25357.0,25580.75,390.0,25393.5,25209.75,25240.0,61,True,25251.75,25412.5,25161.25,25278.75,243.25,310.25,251.25,True,True,109.5,2025-12-19,4,-220.288,-70.74939564867043
3931,25868.0,25891.0,25591.5,25684.5,390.0,25878.0,25704.25,25720.5,61,True,25719.25,25952.75,25676.5,25924.75,299.5,255.30357142857142,276.25,False,False,148.75,2026-01-16,4,182.712,71.87521857732392
3956,24715.25,25139.5,24678.5,25074.75,390.0,24984.75,24696.75,24837.75,61,True,24863.5,24959.5,24749.0,24833.75,461.0,450.26785714285717,210.5,True,False,-148.25,2026-02-20,4,-360.288,-79.8413642673012
