sym,stop,objetivo,costo_hoy_pct_atr,regimen,periodo,trades,usd_hoy,t
NQ,EMA50,2R,0.22945210821603687,vol baja,DEV,982,38.21091877299449,0.901403858838709
NQ,EMA50,2R,0.22945210821603687,vol baja,VAL1,441,46.57274814275883,0.8223890361900819
NQ,EMA50,2R,0.22945210821603687,vol baja,VAL2,927,115.71771641900851,2.7613701296587365
NQ,EMA50,2R,0.22945210821603687,vol normal,DEV,1352,67.60512032536168,1.93596494114934
NQ,EMA50,2R,0.22945210821603687,vol normal,VAL1,457,87.2944341946406,1.569688426217268
NQ,EMA50,2R,0.22945210821603687,vol normal,VAL2,1325,15.469380076719526,0.4872872273187831
NQ,EMA50,2R,0.22945210821603687,vol alta,DEV,1236,39.155211116650975,1.1685361940051018
NQ,EMA50,2R,0.22945210821603687,vol alta,VAL1,354,41.29030274259205,0.7351596196364903
NQ,EMA50,2R,0.22945210821603687,vol alta,VAL2,940,0.9040083929951748,0.025055889063115053
NQ,EMA50,3R,0.22945210821603687,vol baja,DEV,920,43.852368245789805,0.8352005113144431
NQ,EMA50,3R,0.22945210821603687,vol baja,VAL1,414,42.488696538718564,0.6094220574104099
NQ,EMA50,3R,0.22945210821603687,vol baja,VAL2,847,176.8560314738341,3.2952023694526837
NQ,EMA50,3R,0.22945210821603687,vol normal,DEV,1264,89.00832518635887,2.0529692294841637
NQ,EMA50,3R,0.22945210821603687,vol normal,VAL1,418,107.1291323780121,1.5223634204893044
NQ,EMA50,3R,0.22945210821603687,vol normal,VAL2,1209,22.784451410753313,0.568002755774414
NQ,EMA50,3R,0.22945210821603687,vol alta,DEV,1167,56.958510207438565,1.3785331470821367
NQ,EMA50,3R,0.22945210821603687,vol alta,VAL1,311,99.79495386619524,1.2997391340580189
NQ,EMA50,3R,0.22945210821603687,vol alta,VAL2,874,2.134144015482631,0.04890696237930309
NQ,EMA50,cierre del día,0.22945210821603687,vol baja,DEV,846,118.01090392533985,1.483551123431639
NQ,EMA50,cierre del día,0.22945210821603687,vol baja,VAL1,365,38.749524168779985,0.37611362218533084
NQ,EMA50,cierre del día,0.22945210821603687,vol baja,VAL2,728,209.57127293036223,2.748441659624941
NQ,EMA50,cierre del día,0.22945210821603687,vol normal,DEV,1140,116.27020973256941,1.6662787744217786
NQ,EMA50,cierre del día,0.22945210821603687,vol normal,VAL1,357,168.89483836554547,1.4441042449181682
NQ,EMA50,cierre del día,0.22945210821603687,vol normal,VAL2,1050,20.19711923108253,0.34348870264678427
NQ,EMA50,cierre del día,0.22945210821603687,vol alta,DEV,1054,82.30342176490615,1.3450212138662787
NQ,EMA50,cierre del día,0.22945210821603687,vol alta,VAL1,264,26.123077856693783,0.23766161357134108
NQ,EMA50,cierre del día,0.22945210821603687,vol alta,VAL2,763,79.80318006085716,1.0945031300898105
NQ,0.1 ATR,2R,0.22945210821603687,vol baja,DEV,1211,47.70941906558603,1.6750036649721411
NQ,0.1 ATR,2R,0.22945210821603687,vol baja,VAL1,508,-33.018634858367164,-0.7717109096486314
NQ,0.1 ATR,2R,0.22945210821603687,vol baja,VAL2,1080,52.93345720598608,1.753371951025838
NQ,0.1 ATR,2R,0.22945210821603687,vol normal,DEV,1608,30.273010574499448,1.232735887277609
NQ,0.1 ATR,2R,0.22945210821603687,vol normal,VAL1,515,44.139137325975256,1.011284175227436
NQ,0.1 ATR,2R,0.22945210821603687,vol normal,VAL2,1471,2.525693852565541,0.09913999918312003
NQ,0.1 ATR,2R,0.22945210821603687,vol alta,DEV,1329,9.65498551308908,0.35947523374847107
NQ,0.1 ATR,2R,0.22945210821603687,vol alta,VAL1,366,15.261072396600326,0.29742017089009637
NQ,0.1 ATR,2R,0.22945210821603687,vol alta,VAL2,964,17.715454566399124,0.5613066797874714
NQ,0.1 ATR,3R,0.22945210821603687,vol baja,DEV,1114,33.106286465947406,0.9123434591959094
NQ,0.1 ATR,3R,0.22945210821603687,vol baja,VAL1,458,-2.8908538085119764,-0.051914147535923515
NQ,0.1 ATR,3R,0.22945210821603687,vol baja,VAL2,950,97.37231214389425,2.4143982031492173
NQ,0.1 ATR,3R,0.22945210821603687,vol normal,DEV,1477,33.57381561386985,1.0687683640520989
NQ,0.1 ATR,3R,0.22945210821603687,vol normal,VAL1,457,92.66387370761976,1.5936627650677984
NQ,0.1 ATR,3R,0.22945210821603687,vol normal,VAL2,1308,-24.6625778354672,-0.7583187572569959
NQ,0.1 ATR,3R,0.22945210821603687,vol alta,DEV,1220,14.333792197619523,0.41816196627944197
NQ,0.1 ATR,3R,0.22945210821603687,vol alta,VAL1,327,76.9837182400726,1.1362426564518378
NQ,0.1 ATR,3R,0.22945210821603687,vol alta,VAL2,875,22.510860181525207,0.5572359524065105
NQ,0.1 ATR,cierre del día,0.22945210821603687,vol baja,DEV,951,110.08891073010409,1.5324201197588274
NQ,0.1 ATR,cierre del día,0.22945210821603687,vol baja,VAL1,393,-65.64386903318567,-0.7372870728778889
NQ,0.1 ATR,cierre del día,0.22945210821603687,vol baja,VAL2,766,212.1959845705377,2.811577460770154
NQ,0.1 ATR,cierre del día,0.22945210821603687,vol normal,DEV,1271,88.59027075648386,1.4192578365481838
NQ,0.1 ATR,cierre del día,0.22945210821603687,vol normal,VAL1,372,166.2852607424549,1.4484152465531739
NQ,0.1 ATR,cierre del día,0.22945210821603687,vol normal,VAL2,1084,13.83703430769972,0.23921906101760868
NQ,0.1 ATR,cierre del día,0.22945210821603687,vol alta,DEV,1066,49.14833185612161,0.8373180430204433
NQ,0.1 ATR,cierre del día,0.22945210821603687,vol alta,VAL1,277,20.12482308194724,0.18817950402534764
NQ,0.1 ATR,cierre del día,0.22945210821603687,vol alta,VAL2,718,125.50774544618447,1.6053940987668687
ES,EMA50,2R,0.9243474566797093,vol baja,DEV,862,-1.6918601146653365,-0.06770570406448531
ES,EMA50,2R,0.9243474566797093,vol baja,VAL1,326,-26.322294828325866,-0.8129900052602033
ES,EMA50,2R,0.9243474566797093,vol baja,VAL2,544,4.318048223998811,0.17150550223836128
ES,EMA50,2R,0.9243474566797093,vol normal,DEV,957,18.901059966904484,0.8400909516399123
ES,EMA50,2R,0.9243474566797093,vol normal,VAL1,211,5.212524809180465,0.13054086253761696
ES,EMA50,2R,0.9243474566797093,vol normal,VAL2,717,-13.401288524978286,-0.6596818740944086
ES,EMA50,2R,0.9243474566797093,vol alta,DEV,845,-9.137743498517755,-0.43338363243028627
ES,EMA50,2R,0.9243474566797093,vol alta,VAL1,223,-60.56600406880834,-1.8350952452887268
ES,EMA50,2R,0.9243474566797093,vol alta,VAL2,555,-9.600542926337328,-0.42320941830889636
ES,EMA50,3R,0.9243474566797093,vol baja,DEV,818,-19.0858188554019,-0.6326173656144004
ES,EMA50,3R,0.9243474566797093,vol baja,VAL1,308,10.17236023416617,0.24213172288754828
ES,EMA50,3R,0.9243474566797093,vol baja,VAL2,525,18.87744155650676,0.6013462581819514
ES,EMA50,3R,0.9243474566797093,vol normal,DEV,896,13.91336996778697,0.5003487817729898
ES,EMA50,3R,0.9243474566797093,vol normal,VAL1,203,20.23823672246427,0.411453256075745
ES,EMA50,3R,0.9243474566797093,vol normal,VAL2,687,-3.8048648852365745,-0.150819834310136
ES,EMA50,3R,0.9243474566797093,vol alta,DEV,804,-6.083970803313705,-0.23466513490222582
ES,EMA50,3R,0.9243474566797093,vol alta,VAL1,209,-93.39594983917719,-2.5331288941406576
ES,EMA50,3R,0.9243474566797093,vol alta,VAL2,529,-1.8167009360371675,-0.06482508773305284
ES,EMA50,cierre del día,0.9243474566797093,vol baja,DEV,778,-10.631359579629807,-0.2661173661674678
ES,EMA50,cierre del día,0.9243474566797093,vol baja,VAL1,289,57.988961022580376,0.8950861573338587
ES,EMA50,cierre del día,0.9243474566797093,vol baja,VAL2,486,94.82997895100381,1.9004086501560822
ES,EMA50,cierre del día,0.9243474566797093,vol normal,DEV,850,8.787319558676927,0.2357892760905586
ES,EMA50,cierre del día,0.9243474566797093,vol normal,VAL1,194,63.73077669903297,0.7820856592672913
ES,EMA50,cierre del día,0.9243474566797093,vol normal,VAL2,637,-22.335139259164624,-0.6253128188242909
ES,EMA50,cierre del día,0.9243474566797093,vol alta,DEV,750,21.476975645433193,0.5577468056303028
ES,EMA50,cierre del día,0.9243474566797093,vol alta,VAL1,194,-125.0939127949113,-2.6957184034280153
ES,EMA50,cierre del día,0.9243474566797093,vol alta,VAL2,487,70.22395773786289,1.362699281080791
ES,0.1 ATR,2R,0.9243474566797093,vol baja,DEV,1033,-18.545011781269043,-1.256140610122011
ES,0.1 ATR,2R,0.9243474566797093,vol baja,VAL1,372,-68.33140456989088,-2.888889424559248
ES,0.1 ATR,2R,0.9243474566797093,vol baja,VAL2,601,-1.483431696924759,-0.07571693329258973
ES,0.1 ATR,2R,0.9243474566797093,vol normal,DEV,1317,-4.207246084831818,-0.3187379800995919
ES,0.1 ATR,2R,0.9243474566797093,vol normal,VAL1,232,10.836912202380116,0.34078742972673043
ES,0.1 ATR,2R,0.9243474566797093,vol normal,VAL2,766,-18.5555531467203,-1.082410322181656
ES,0.1 ATR,2R,0.9243474566797093,vol alta,DEV,960,-49.23801947779342,-3.302583181801516
ES,0.1 ATR,2R,0.9243474566797093,vol alta,VAL1,237,-11.335984177734991,-0.3672974483650187
ES,0.1 ATR,2R,0.9243474566797093,vol alta,VAL2,570,-9.062864212565147,-0.4529312570913466
ES,0.1 ATR,3R,0.9243474566797093,vol baja,DEV,961,-15.825060214607193,-0.8408023045198053
ES,0.1 ATR,3R,0.9243474566797093,vol baja,VAL1,351,-60.49994854564281,-2.0385796372260185
ES,0.1 ATR,3R,0.9243474566797093,vol baja,VAL2,566,48.506193025584885,1.8779822681126002
ES,0.1 ATR,3R,0.9243474566797093,vol normal,DEV,1220,0.8871400305749667,0.05255673345619646
ES,0.1 ATR,3R,0.9243474566797093,vol normal,VAL1,218,35.59283192586741,0.8617249043840398
ES,0.1 ATR,3R,0.9243474566797093,vol normal,VAL2,726,-16.43833556553669,-0.7627846948039753
ES,0.1 ATR,3R,0.9243474566797093,vol alta,DEV,902,-44.57569765717467,-2.383390193196794
ES,0.1 ATR,3R,0.9243474566797093,vol alta,VAL1,218,-26.938297620520835,-0.6965204752814804
ES,0.1 ATR,3R,0.9243474566797093,vol alta,VAL2,541,-7.895021564298441,-0.3139382304186925
ES,0.1 ATR,cierre del día,0.9243474566797093,vol baja,DEV,860,-13.947162298620261,-0.4316419004436679
ES,0.1 ATR,cierre del día,0.9243474566797093,vol baja,VAL1,310,43.95129621011708,0.666359395888119
ES,0.1 ATR,cierre del día,0.9243474566797093,vol baja,VAL2,506,114.98783462386055,2.3649658752341103
ES,0.1 ATR,cierre del día,0.9243474566797093,vol normal,DEV,1071,22.940279180689757,0.6930437360666818
ES,0.1 ATR,cierre del día,0.9243474566797093,vol normal,VAL1,200,64.03910825557999,0.8380427353840254
ES,0.1 ATR,cierre del día,0.9243474566797093,vol normal,VAL2,667,-35.241108313102814,-1.0597241967908113
ES,0.1 ATR,cierre del día,0.9243474566797093,vol alta,DEV,825,-6.810313981726601,-0.20530789543375583
ES,0.1 ATR,cierre del día,0.9243474566797093,vol alta,VAL1,201,-122.51655522703982,-2.660631823779914
ES,0.1 ATR,cierre del día,0.9243474566797093,vol alta,VAL2,488,88.09938589057352,1.7082016849790667
YM,EMA50,2R,0.6002557289635723,vol baja,DEV,1106,-9.522674700879062,-0.6254419416547308
YM,EMA50,2R,0.6002557289635723,vol baja,VAL1,508,9.169224309927838,0.4396977056816722
YM,EMA50,2R,0.6002557289635723,vol baja,VAL2,704,-20.511313418636533,-1.204825654296632
YM,EMA50,2R,0.6002557289635723,vol normal,DEV,1374,7.5975771591718395,0.5788229680881322
YM,EMA50,2R,0.6002557289635723,vol normal,VAL1,363,-29.852471024872038,-1.3332583082439813
YM,EMA50,2R,0.6002557289635723,vol normal,VAL2,1436,8.436103545761444,0.7154782363108761
YM,EMA50,2R,0.6002557289635723,vol alta,DEV,1186,0.7132405651836058,0.057365718845003584
YM,EMA50,2R,0.6002557289635723,vol alta,VAL1,275,4.3162978792616515,0.17264343778178612
YM,EMA50,2R,0.6002557289635723,vol alta,VAL2,810,-13.647864400259738,-0.922096466602316
YM,EMA50,3R,0.6002557289635723,vol baja,DEV,1044,-6.627865943296468,-0.36347448695631596
YM,EMA50,3R,0.6002557289635723,vol baja,VAL1,480,17.88876173519865,0.6894488442574738
YM,EMA50,3R,0.6002557289635723,vol baja,VAL2,640,-5.448390589425887,-0.2547730081324456
YM,EMA50,3R,0.6002557289635723,vol normal,DEV,1281,17.26631973363435,1.0463321691224934
YM,EMA50,3R,0.6002557289635723,vol normal,VAL1,345,-46.45466136428777,-1.7414030410438546
YM,EMA50,3R,0.6002557289635723,vol normal,VAL2,1311,14.051037514745254,0.9406807236944038
YM,EMA50,3R,0.6002557289635723,vol alta,DEV,1090,6.460695037039863,0.4175964898880609
YM,EMA50,3R,0.6002557289635723,vol alta,VAL1,259,-8.370311689134914,-0.27530758057868043
YM,EMA50,3R,0.6002557289635723,vol alta,VAL2,750,-20.583466615104733,-1.1400681605035234
YM,EMA50,cierre del día,0.6002557289635723,vol baja,DEV,959,-7.568012054552748,-0.277504507324225
YM,EMA50,cierre del día,0.6002557289635723,vol baja,VAL1,423,-3.82200916205725,-0.09516954364192941
YM,EMA50,cierre del día,0.6002557289635723,vol baja,VAL2,575,-2.3873973894098133,-0.07722728564416638
YM,EMA50,cierre del día,0.6002557289635723,vol normal,DEV,1181,14.458785333161615,0.6150914617955203
YM,EMA50,cierre del día,0.6002557289635723,vol normal,VAL1,307,-29.50546600873519,-0.726440484122928
YM,EMA50,cierre del día,0.6002557289635723,vol normal,VAL2,1172,18.372224835334205,0.8526494266180791
YM,EMA50,cierre del día,0.6002557289635723,vol alta,DEV,988,14.511181291283863,0.5844859513678506
YM,EMA50,cierre del día,0.6002557289635723,vol alta,VAL1,233,-63.87150538410381,-1.8725439553781638
YM,EMA50,cierre del día,0.6002557289635723,vol alta,VAL2,661,-16.970519830545193,-0.6425394273617722
YM,0.1 ATR,2R,0.6002557289635723,vol baja,DEV,1346,-1.8464398089667737,-0.18014895353292631
YM,0.1 ATR,2R,0.6002557289635723,vol baja,VAL1,590,2.8494217867339264,0.18345673968302972
YM,0.1 ATR,2R,0.6002557289635723,vol baja,VAL2,792,7.084049109869019,0.5261878134691567
YM,0.1 ATR,2R,0.6002557289635723,vol normal,DEV,1600,-0.9101704333922932,-0.09691216786257228
YM,0.1 ATR,2R,0.6002557289635723,vol normal,VAL1,389,-25.209271636674355,-1.3499809434993326
YM,0.1 ATR,2R,0.6002557289635723,vol normal,VAL2,1563,3.596399101207025,0.37655441372564935
YM,0.1 ATR,2R,0.6002557289635723,vol alta,DEV,1229,11.81956951122282,1.0925955361940805
YM,0.1 ATR,2R,0.6002557289635723,vol alta,VAL1,290,14.403672609551952,0.6441440328166451
YM,0.1 ATR,2R,0.6002557289635723,vol alta,VAL2,851,-20.14499834304539,-1.5936103404773132
YM,0.1 ATR,3R,0.6002557289635723,vol baja,DEV,1255,1.618052344743399,0.12361409883953804
YM,0.1 ATR,3R,0.6002557289635723,vol baja,VAL1,531,11.015235354062622,0.5430089448331595
YM,0.1 ATR,3R,0.6002557289635723,vol baja,VAL2,706,11.980429724934854,0.6782813266544042
YM,0.1 ATR,3R,0.6002557289635723,vol normal,DEV,1470,9.472373804754717,0.7806966483773153
YM,0.1 ATR,3R,0.6002557289635723,vol normal,VAL1,352,-33.544464938744916,-1.418582688857862
YM,0.1 ATR,3R,0.6002557289635723,vol normal,VAL2,1398,3.34615488002169,0.27030255710326956
YM,0.1 ATR,3R,0.6002557289635723,vol alta,DEV,1107,1.4171515305477564,0.1025198991033606
YM,0.1 ATR,3R,0.6002557289635723,vol alta,VAL1,251,1.083537538434853,0.03745564681171171
YM,0.1 ATR,3R,0.6002557289635723,vol alta,VAL2,765,-23.23022634612427,-1.4416165962972876
YM,0.1 ATR,cierre del día,0.6002557289635723,vol baja,DEV,1076,-8.371453989009522,-0.3436928150955262
YM,0.1 ATR,cierre del día,0.6002557289635723,vol baja,VAL1,447,10.567739440461386,0.26826692805399927
YM,0.1 ATR,cierre del día,0.6002557289635723,vol baja,VAL2,580,8.113672825206166,0.25183624825442197
YM,0.1 ATR,cierre del día,0.6002557289635723,vol normal,DEV,1260,17.550001661368924,0.8014001158435924
YM,0.1 ATR,cierre del día,0.6002557289635723,vol normal,VAL1,308,-12.36158614218233,-0.29156464371348245
YM,0.1 ATR,cierre del día,0.6002557289635723,vol normal,VAL2,1193,8.002059711916768,0.3761727477459716
YM,0.1 ATR,cierre del día,0.6002557289635723,vol alta,DEV,983,13.15747826389946,0.5263084246435497
YM,0.1 ATR,cierre del día,0.6002557289635723,vol alta,VAL1,218,-73.07505673550497,-1.884847343827124
YM,0.1 ATR,cierre del día,0.6002557289635723,vol alta,VAL2,664,-27.522776905944504,-1.0531246664654021
