sym,stop,objetivo,trail_EMA20,trades,por_dia,wr,gan_media_usd,perd_media_usd,pf,exp_usd,exp_R,t,DEV_usd,DEV_t,DEV_bruto_t,VAL1_usd,VAL1_t,VAL1_bruto_t,VAL2_usd,VAL2_t,VAL2_bruto_t
NQ,EMA50,1R,False,9310,2.427007299270073,0.5143931256713211,312.30363122048624,-339.07213550036323,0.9756527261913291,-4.00891887027216,-0.09774819826562003,-4.437253787533569,-11.322781441069882,-6.575445151904855,2.9652701244374176,-6.562772073087619,-0.6729734607407872,1.3625455442098713,5.0623755451718715,0.5796889638391907,2.2363835579497735
NQ,EMA50,1R,True,9881,2.5758602711157454,0.35563202105050096,267.6874297918048,-168.25095398622284,0.8780866001947759,-13.217305509753938,-0.12144426687612032,-11.248287450713818,-13.856328384330173,-13.526203673984474,1.734078866657383,-9.147899373595402,-2.2138218898389646,1.0233122884469488,-14.055643754574872,-1.9734053542045553,0.6335343452681079
NQ,EMA50,2R,False,8080,2.1063607924921794,0.3573019801980198,617.285804860452,-329.28292273213805,1.0421867403784952,8.92795803021434,-0.0675087192087758,-0.8433496333131404,-5.667733327343311,-3.1412534244782204,3.1460539048702176,20.091401932725958,0.9951984180882435,2.324282868331485,21.17523309604614,1.6011479636784969,2.6871949284192733
NQ,EMA50,2R,True,9220,2.403545359749739,0.2710412147505423,388.25873126652687,-157.55654184136012,0.9162566753966571,-9.618107188799431,-0.1134619110032466,-8.114179529039294,-14.094706475179953,-10.823683998356266,1.3509861891752817,4.528752500675873,-0.2660809598452487,2.150774208371138,-10.074646823296545,-1.0966014035521032,0.9548479685139675
NQ,EMA50,3R,False,7486,1.951511991657977,0.2835960459524446,872.5312558493977,-320.76570789990177,1.0768005221030714,17.648592666457134,-0.050335552333453,0.3811621631142088,-3.41894481253602,-1.9488719055582338,3.1395895786272736,36.597280291423445,1.2883899718883538,2.340828453199398,34.79710988845958,2.07430194933491,2.9379663413117623
NQ,EMA50,3R,True,8928,2.327424400417101,0.2550403225806452,418.27590415355786,-155.3811317163854,0.9215961443567066,-9.075456237458338,-0.11473692866210529,-7.0886687282623555,-14.434680333981813,-9.862629904676862,1.204549987774257,5.731560129558319,-0.003744152237368178,2.1542689220707882,-8.75985482213461,-0.6985576162405319,1.136210252206329
NQ,EMA50,sin objetivo,False,6625,1.7270594369134515,0.17615094339622642,1541.763564695801,-295.8060569295549,1.114417800577502,27.88356547599832,-0.03967239463963986,1.2723779602661045,0.4687128580034371,-0.4291849243194587,2.9085132199269337,29.82619811357808,0.8384370451512274,1.5325389778364085,60.554080088314144,2.172130067481301,2.747682118091053
NQ,EMA50,sin objetivo,True,8572,2.2346193952033366,0.24766682221185254,419.9229957607158,-152.44947749190237,0.906778752166369,-10.691805919887805,-0.1250498701175164,-6.9105359237594595,-15.11657833771368,-8.79932302926286,1.1260141347282613,0.9704303703726725,-0.5866731840437969,1.482543741811694,-10.083152928056954,-0.9475706978607666,0.7276215024776452
NQ,vela VI,1R,False,10006,2.60844629822732,0.394963022186688,64.01985829959516,-87.85200528576146,0.47570481666429904,-27.868235058964622,-0.5832463017127364,-38.37692732672465,-18.72789911149327,-30.928764731672285,-3.2210470550878316,-24.60479717813051,-14.050713357300808,-4.561829924816164,-35.64268272425248,-19.637570137103246,-10.482474286751708
NQ,vela VI,1R,True,10007,2.6087069864442127,0.3888278205256321,63.87634027242356,-86.02406147809026,0.472404294082017,-27.738614969521336,-0.5841668937971916,-39.21850177516375,-18.854555873925506,-31.94494841331724,-3.4881629732942407,-24.513674309229863,-14.178293825903614,-4.558430961564069,-35.31564784053156,-19.8656988472199,-10.551296479462382
NQ,vela VI,2R,False,9892,2.578727841501564,0.30297209866558833,140.6464064064064,-89.50184191443073,0.6830447216338216,-19.773344116457746,-0.4644337556658675,-22.99064003620246,-17.746400462962967,-21.86202615964098,-1.9959383327879592,-13.677906008328378,-6.097056092233137,0.37492013371443794,-23.401430073606733,-8.89854088388575,-2.4923376383260134
NQ,vela VI,2R,True,9899,2.5805526590198125,0.29609051419335286,139.7278880928011,-86.6038576349024,0.6786620021539944,-19.58917466410749,-0.4631051023653519,-23.586233293823845,-17.779953730480052,-22.533263500605354,-1.8159923389302548,-14.21422116527943,-6.519366164666259,0.1871097810094675,-22.803496532885063,-8.946043554537615,-2.381737337542592
NQ,vela VI,3R,False,9754,2.542752867570386,0.24072175517736313,219.56367972742765,-89.80199297866592,0.775155638422914,-15.330945253229444,-0.4108759223334777,-17.432818000607316,-18.300959625512,-18.831670134740023,-2.404553796086592,-6.7207250755287005,-3.489336756780131,1.5721304936631455,-16.206485793633835,-4.895215549667332,0.19676480204080418
NQ,vela VI,3R,True,9776,2.548488008342023,0.23465630114566285,214.54078465562338,-85.90367816091953,0.7657267425523938,-15.402491816693944,-0.41058613647181785,-18.273546189663737,-18.30744525547446,-19.689868080369635,-2.219379918316648,-7.9407228915662635,-4.032731914835952,1.28657450390654,-15.922012364101466,-5.0994902599715655,0.2127551069115931
NQ,vela VI,sin objetivo,False,8364,2.1803962460896766,0.043400286944045914,1862.1601101928375,-89.33517810273715,0.9457075720333049,-4.639722620755618,-0.2671386333151379,-3.519971489081732,-13.535777414075287,-4.30085392118521,1.0531505408336612,-18.008734634851773,-1.9482608861365087,-0.31688786446023137,6.992165053489559,0.4140900213140103,1.9187566750452782
NQ,vela VI,sin objetivo,True,8808,2.2961418143899897,0.12908719346049047,459.0597009674582,-83.50214574371006,0.8148544014771424,-13.464359673024521,-0.36112214876293103,-9.567385022552061,-18.62790084719172,-10.764151560752444,-0.7706934342577465,-0.09878663940013298,-0.984313772361925,1.4907862768093587,-14.222927298988914,-2.9794388783519747,0.009238195184344204
NQ,0.1 ATR,1R,False,10521,2.7427007299270074,0.5117384279060926,290.5776207280832,-320.52552462526774,0.9501562495046427,-7.800561733675506,-0.08740994926634955,-8.927885797970353,-13.87883157989933,-11.955120758308782,1.4655414386669054,-16.771193023464768,-2.505331806284013,0.04794090149564686,2.468757112193762,0.08540606454244094,2.2383454996058387
NQ,0.1 ATR,1R,True,10906,2.843065693430657,0.35054098661287364,281.52154777474675,-172.46506847381053,0.8810439079703533,-13.324152105001177,-0.10295149319492178,-14.072175425415274,-16.044149409149462,-18.062510042015177,-0.0322539566540349,-6.761078981441633,-1.908518311566856,1.5678436086878311,-12.769404952729786,-2.1652741743901998,0.682595612328199
NQ,0.1 ATR,2R,False,9135,2.3813868613138687,0.35347564313081553,573.3331955935051,-313.08534710463954,1.0011956357261003,0.24201735866747384,-0.05608329326225326,-3.7389150127494433,-9.624824256339254,-5.8659719839108,3.0845040372099692,-7.151931502622572,-0.773994175144444,0.9167823049214703,15.040538508432853,0.9032335369703192,2.2894853497470935
NQ,0.1 ATR,2R,True,10051,2.620177267987487,0.2650482539050841,417.69433826683814,-162.93115975942294,0.9245290485408643,-9.037385334792585,-0.09003152572443344,-9.148795166723053,-15.322952276980732,-12.736934667750646,0.8594576598984301,2.506049267518786,-0.30225450741288834,2.231759852975109,-6.216345177664929,-0.8288798720854501,1.2783814139079421
NQ,0.1 ATR,3R,False,8261,2.153545359749739,0.27224306984626556,839.979249190116,-309.31744463454055,1.0158617944335664,3.570615456447519,-0.04652187741903366,-2.4036937623054544,-9.970995515035678,-4.676747683080698,2.336345384210124,17.18852772026706,0.7074857613150105,1.995889534601353,14.968398157858264,0.8525782947656024,1.9208804441301646
NQ,0.1 ATR,3R,True,9608,2.5046923879040666,0.25281015820149877,435.5043357054633,-160.04991801484488,0.920662785030727,-9.487752914238216,-0.0907797267686474,-8.14223849400657,-15.509247353598186,-11.218014298831152,0.8072552932582582,3.3551364036373164,-0.0909099589194801,2.103178652353815,-7.396324508378719,-0.9314306196023806,0.9320444671105942
NQ,0.1 ATR,sin objetivo,False,6962,1.8149113660062566,0.17437517954610743,1581.196342668863,-302.6947599164929,1.1032725825780603,25.809089342142876,0.02487184212106705,0.6937094486873338,-4.675935049437263,-1.154953480351049,2.5486950334272604,7.547067452700742,0.1788681466134263,0.9262310996952291,73.01112538940743,2.4400290393588824,3.016472709945434
NQ,0.1 ATR,sin objetivo,True,9120,2.37747653806048,0.25219298245614036,427.51826086956527,-157.40497276916636,0.915966694530081,-9.891437969924816,-0.08976467940143451,-6.942652931874539,-15.871491860425744,-9.543743499177348,0.7698236298885618,5.952515618492205,0.23334035758722857,2.010668815455727,-8.897986552715796,-0.9399268330624502,0.72185045729246
ES,EMA50,1R,False,5860,1.5276329509906152,0.508703071672355,159.55234241342484,-221.44489089459762,0.746032643346293,-27.63042801213772,-0.23076772753078215,-12.936420723290746,-25.713536586598913,-11.933443227603853,2.7222102602440494,-39.138977583175695,-4.731308876760274,-0.11658819462314164,-25.649986571621014,-3.7746237169662247,0.9043437135753896
ES,EMA50,1R,True,6167,1.6076642335766422,0.2985244040862656,145.30502751743808,-110.0968809918087,0.5616592280286703,-33.85317845159086,-0.265998977551426,-27.0443305357635,-31.63745752365788,-26.47260678839038,-0.5932880200187675,-39.17986447506978,-8.466984390541723,-1.0941668518964116,-35.063270329108725,-7.820995283532462,-0.6397305868689745
ES,EMA50,2R,False,5286,1.377997914494265,0.34903518728717364,349.1514760715431,-219.75378396988722,0.851901177037167,-21.185829982668345,-0.20926647875193716,-7.259898951774547,-22.643785490132547,-7.114131290876019,2.6182242683447745,-32.291866318927454,-2.998958354911542,0.15544722229870242,-14.362235797214092,-1.2969210966457694,1.8322671957771526
ES,EMA50,2R,True,5918,1.5427528675703859,0.21882392700236566,223.0247352232896,-105.02781715995498,0.594832334046451,-33.24206938430414,-0.2617114337595677,-21.520669970948116,-32.48158934752885,-21.732022282808536,-0.5462334764971678,-38.18002580192154,-6.9083176308919825,-0.8938998803785886,-32.33433193052172,-5.448114955753198,0.2008179232404412
ES,EMA50,3R,False,5022,1.3091762252346193,0.27260055754679413,511.49649398786494,-217.34790636508214,0.8819439309478655,-18.664516464009928,-0.20836817823902587,-5.758210925542844,-23.65931872701141,-6.285536378066648,1.704917028617412,-28.72601283261283,-1.9969728170713612,0.5454367097849541,-7.156207457151306,-0.390192500243606,2.129346926129542
ES,EMA50,3R,True,5810,1.5145985401459854,0.20654044750430292,241.2856683119973,-104.09875697472033,0.6033458137303163,-32.762903214985165,-0.2696155194309862,-20.36832019151638,-33.867788157099596,-21.730384774361575,-1.3199688568555188,-36.62678477088748,-6.335813535905787,-0.8747677619559983,-29.38643178580976,-4.4509740773512,0.5385512188764288
ES,EMA50,sin objetivo,False,4707,1.2270594369134515,0.18950499256426598,884.1222869955155,-210.57786809583345,0.9816799612598299,-3.1267233451465155,-0.14154031173772175,-2.640576311827675,-19.598883235371616,-4.203069404660691,1.6562580831531275,-22.01375196541796,-0.6809741650214549,0.9815920399737005,29.574609145703473,1.1990595503557928,2.7726445304985856
ES,EMA50,sin objetivo,True,5702,1.486444212721585,0.20448965275341985,245.0869125214408,-103.79769287021641,0.6069570005794129,-32.45440106266253,-0.2787525648943325,-19.48413812254264,-34.59406832699871,-21.9692018327481,-1.7744091043254886,-39.99951031878966,-6.94344073933673,-1.3845755847925525,-25.861384262321273,-3.4935295684992553,0.8044706375927022
ES,vela VI,1R,False,3415,0.8902502606882169,0.4427525622254758,44.95924603174604,-106.30519180241724,0.33602960927396597,-39.33247437774524,-0.5861731815474768,-27.002983285996045,-33.67745730550284,-17.43904651985628,-0.9338192314090754,-36.65080459770114,-11.062121119087527,-1.3214606381681349,-43.66667808219177,-19.0830079936406,-4.890148392685981
ES,vela VI,1R,True,3416,0.8905109489051095,0.42418032786885246,45.111290545203595,-101.0192780884596,0.3289614570187794,-39.03356557377048,-0.5820596504006118,-28.420604098769147,-33.36663507109004,-18.754323437157712,-0.8302412183152449,-36.15819376026272,-11.416978368269001,-1.203225623693528,-43.44550228310502,-19.5201862451789,-4.899874393933634
ES,vela VI,2R,False,3378,0.8806047966631908,0.30106571936056836,122.50941986234021,-106.09354510800509,0.49739966399834307,-37.26902901124925,-0.5681148433435047,-19.98887677128217,-37.35156279961649,-14.154648290665527,-2.3074110367830216,-36.76,-8.412086600321176,-1.385310155284652,-37.39544668587896,-12.039346987954161,-1.9809082941023126
ES,vela VI,2R,True,3380,0.881126173096976,0.28076923076923077,122.74368809272917,-98.62301933360756,0.48584991125850746,-36.470059171597626,-0.5567399187087838,-21.16348220668014,-35.98030651340996,-15.284624475192036,-1.9200448095490528,-36.53083333333333,-8.863287835889258,-1.303724165759067,-36.74358294930876,-12.300364656401191,-1.8061347915215833
ES,vela VI,3R,False,3348,0.872784150156413,0.22610513739545998,200.63035667107002,-106.07358548822849,0.5526088841277579,-36.72624850657108,-0.5669662159159227,-16.70666856106186,-39.342449373191904,-12.265023805048047,-2.397979719275878,-35.16436241610737,-6.403717519990275,-0.70676489953544,-35.687113702623904,-9.755277506284923,-1.5412741793740952
ES,vela VI,3R,True,3352,0.8738269030239834,0.2097255369928401,192.46190611664295,-96.77547753869385,0.5277798755366708,-36.115011933174216,-0.5558140558593244,-18.474910075362683,-38.038633301251195,-13.951535001464487,-2.24645187816064,-36.50664429530201,-7.478463867974904,-1.0170960914149094,-34.815037856726846,-10.034517462586281,-1.299221889430773
ES,vela VI,sin objetivo,False,3125,0.814650677789364,0.05984,1191.6998930481282,-105.76425459496257,0.7171628798754744,-28.124000000000017,-0.4628401757595454,-5.588764184394664,-43.472925851703415,-6.190847752145891,-1.488460476692742,-35.20494584837545,-1.4088322960087014,0.44287319695275273,-15.891913541004469,-1.6342585039462298,1.003920192642604
ES,vela VI,sin objetivo,True,3204,0.835245046923879,0.15106117353308365,312.3701652892562,-94.43187500000002,0.5886096692020818,-32.97988139825219,-0.5427115927050477,-12.239285738823725,-45.07391905231984,-13.872890811900598,-3.584058421101412,-33.202781690140846,-3.25505607057932,0.13086893565539975,-25.35334565619224,-4.44060488691094,0.40073826509383037
ES,0.1 ATR,1R,False,6816,1.7768508863399375,0.5066021126760564,135.37536365893033,-200.32518945669278,0.6938630889306439,-30.25858002179744,-0.2640925236885469,-21.597819971867033,-30.00494925315959,-22.385574487935102,1.105132887684689,-30.434424686192614,-5.324475654224247,0.7388455827811193,-30.623807847082578,-5.673633566046912,0.043177717670222666
ES,0.1 ATR,1R,True,7043,1.8360271115745568,0.32329973022859576,129.77007560072792,-111.37733034590265,0.5566558100892611,-33.4144390580313,-0.28481758780560446,-31.860169468649833,-31.29258545021749,-32.22054577082085,-0.26740344260954846,-35.080909156039745,-8.791975976579565,-0.24041705834135382,-36.35710074506005,-8.986487255092085,-1.12339021996655
ES,0.1 ATR,2R,False,6159,1.6055787278415015,0.34518590680305244,302.9188234108324,-197.46743597463797,0.8086597223920189,-24.741151276876938,-0.24535625011162426,-13.442851027383028,-30.177200109857583,-14.791310815325538,1.0614997518028044,-25.101345337183616,-3.9895497728207348,0.020345199840578133,-15.096234235562827,-1.945203500173299,1.8723830777075574
ES,0.1 ATR,2R,True,6686,1.7429614181439,0.21627280885432246,228.4752795890145,-104.34604143947665,0.6042271635816243,-32.36583949403866,-0.285839321853371,-24.650469403326944,-33.2047388527544,-26.116694646648323,-1.2537161751978017,-32.361846246973435,-6.837629356206193,-0.26443098452971425,-30.90836934296613,-5.532210548747411,0.4227522273564861
ES,0.1 ATR,3R,False,5766,1.5031282586027113,0.26881720430107525,460.74930875576126,-197.6004166101926,0.8572508657873561,-20.624683984936134,-0.21972583410740146,-9.47899077993965,-30.315172100626604,-11.259076430057021,1.255726547526177,-19.624471773461604,-2.9103792498327503,0.3006455221718161,-4.422224300521654,-0.3280587013630374,2.66426386735703
ES,0.1 ATR,3R,True,6515,1.6983837330552658,0.20629316960859556,246.34889668367373,-103.892141475813,0.6163006904051624,-31.639807586887404,-0.28005014613219326,-21.484222016783924,-32.860603976768495,-22.625262366016887,-0.6463697270518284,-32.6966265527952,-6.432927229104188,-0.43951670360221773,-29.06000521884358,-4.640685480362256,0.6314459292940034
ES,0.1 ATR,sin objetivo,False,5185,1.3516684045881127,0.1733847637415622,922.1599110122359,-197.1652188187456,0.9810326425276239,-3.091295633007452,-0.13641315251242153,-3.231827257426397,-23.419527195165255,-5.1419245085658805,1.6856720094804045,-13.054680530440097,-0.8454050601838363,0.8704888692980035,35.60062612883753,1.445084086816612,3.090222615335964
ES,0.1 ATR,sin objetivo,True,6309,1.644681960375391,0.20462830876525598,252.09243996901623,-103.11022846324667,0.6290043630563109,-30.425707153046716,-0.2830655628664303,-18.676070688730746,-34.88122604084011,-22.357325761439863,-1.871725739505089,-32.03486816874413,-4.149262322957132,0.2658174247750825,-22.06015045135431,-3.2005566427946524,1.1002229916440502
YM,EMA50,1R,False,8950,2.332551472504561,0.514413407821229,135.58303486097049,-168.2474115085661,0.8536946357180116,-11.95295619176763,-0.15659610627623685,-9.419415309400978,-12.25625260726786,-9.26545874589794,2.5907859978372048,-9.17436196248142,-2.457781750776165,0.7997552135646635,-12.654337883980244,-3.2257181962204617,0.8194044355885571
YM,EMA50,1R,True,9607,2.503778994005734,0.3428749869886541,114.6773169199271,-81.75539439886037,0.7318952200660056,-14.403531061285094,-0.17806714997925036,-18.017907587168946,-14.44798408772856,-17.70671123266918,1.8322492355303257,-12.602300633297368,-4.864917001791534,0.5537886399114282,-15.037010581563557,-6.2555924966305785,0.3532005447842753
YM,EMA50,2R,False,7829,2.0403961428199113,0.34921445906246007,282.04854507831215,-163.13992800011778,0.9277221363050636,-7.673676193191308,-0.14841879638966995,-5.3363406714836445,-11.486286336215832,-5.701758999332523,2.188536505955396,1.8240764832866483,-1.3086247606071735,0.8702798060794585,-6.538744296016114,-1.298333206338951,1.381859667628213
YM,EMA50,2R,True,9014,2.3492311701850404,0.25538051919236743,173.34939807933736,-76.85194213569319,0.7736078399961213,-12.955393968952553,-0.1761738073032291,-13.878351610887906,-14.905302375950358,-14.797625572442383,0.9415631592745665,-7.30125350729738,-2.9073857042813454,1.2542305368441768,-12.69367768453658,-4.130205516241701,1.031438865277744
YM,EMA50,3R,False,7265,1.8934063070106855,0.27253957329662765,402.6250754288798,-160.13843239686037,0.941944782654015,-6.763106107119757,-0.14116186481930237,-3.796933396865614,-9.80413670939858,-4.087810800012561,2.3365905197904944,-1.7911544827497035,-1.3693508798493474,0.4300898934091422,-4.840414165204478,-0.6074879986962476,1.5316809150107744
YM,EMA50,3R,True,8724,2.2736512900703674,0.24037138927097662,184.01290783485692,-75.7846768400618,0.7683309805090417,-13.336770482507434,-0.17684378444074952,-12.520786096356748,-15.050172846447792,-13.444419565707992,1.00884588331752,-9.824020787365187,-2.5802110984348383,1.162402002513712,-12.545925364238059,-3.642344546279272,1.066240876004541
YM,EMA50,sin objetivo,False,6557,1.7088871514203805,0.16806466371816378,712.5158620689655,-151.49785390291765,0.9501122026604192,-6.287679280222043,-0.12697261755101966,-2.685790970567994,-8.525267944490714,-2.6927051074028316,1.6362753837303752,-14.285149832423924,-1.697055971013775,-0.46106823057929003,-0.12882478432072458,-0.1567953518071474,1.322079431097311
YM,EMA50,sin objetivo,True,8454,2.2032838154808445,0.23314407381121363,191.35314053779805,-75.03946307641979,0.7752762486572112,-12.93160623662522,-0.169551667226749,-11.113786287231097,-15.11873109205885,-12.328900986347351,1.0206725237881518,-13.53971918770789,-2.9912525737600006,0.4940186805509097,-9.946072991684696,-2.594817244867681,1.4301708972344138
YM,vela VI,1R,False,8364,2.17982799061767,0.44727403156384504,26.6297353648757,-55.44635085442353,0.38864912708880417,-18.735848876135822,-0.6072463092332651,-40.22751186291203,-16.443077926312363,-30.289446331200462,-0.8047567089698715,-17.63009279086367,-14.637711074645233,-1.3557000564219648,-20.93838809034908,-23.083191642180278,-4.9439362673404235
YM,vela VI,1R,True,8366,2.180349231170185,0.43676786994979677,26.519693486590032,-54.06432937181664,0.3803828615159768,-18.867817355964622,-0.6104309075245429,-41.648409414953726,-16.53900912646676,-31.57674166955804,-0.9709493476511842,-17.53016416845111,-14.91367311428506,-1.2684252482746559,-21.182119579163462,-23.839206443478286,-5.37014206142411
YM,vela VI,2R,False,8241,2.1477716966379985,0.32678073049387213,68.55117712588194,-56.054700793078595,0.5936121465449793,-15.335900982890431,-0.5210205236918173,-25.844818432629925,-16.117615894039744,-22.026330443207904,-1.106639937246102,-13.142331643736426,-8.473331568773279,0.7749330317122896,-15.510000000000005,-12.03209312521398,0.5484119157262852
YM,vela VI,2R,True,8250,2.150117279124316,0.3153939393939394,67.95252882398155,-53.79204674220964,0.5819694113715905,-15.394545454545458,-0.5207866770056596,-26.871022257134083,-15.920436652332127,-22.954081967994387,-0.7856412147758576,-13.008734634851775,-8.728627882784624,0.9046105391935204,-15.839344432882418,-12.61582708516226,0.3167633389594753
YM,vela VI,3R,False,8107,2.1128485796194942,0.255581596151474,108.74289575289579,-56.47582435791218,0.6610750881080276,-14.248960157888247,-0.47894591594066394,-20.22139693032329,-16.575745393634847,-18.217972561816442,-0.9519121749323833,-10.918554572271393,-6.1547021245814895,1.2638186435705183,-13.60386617100372,-8.453722553463944,1.6702877730268382
YM,vela VI,3R,True,8131,2.1191034662496744,0.244742344115115,106.15457286432162,-53.218882918091516,0.6463785438928605,-14.213449760177102,-0.4800085030187753,-21.26402352377584,-16.145642737896498,-19.10313268868959,-0.4822442628017177,-10.822500000000003,-6.535731637594038,1.3440626488244816,-13.902213983050851,-9.033739694588801,1.5822367768687042
YM,vela VI,sin objetivo,False,7008,1.8264268960125098,0.049800228310502286,838.9964469914039,-56.36519597537168,0.7801273654016093,-11.775981735159815,-0.38737609011637925,-5.591576547600892,-15.97362799263352,-5.786186488171422,0.06762711024668944,-21.554960903562122,-2.195171983043539,-0.04684340454322621,-4.566492679821767,-1.1256622497042372,1.8610503930351057
YM,vela VI,sin objetivo,True,7396,1.927547563200417,0.149269875608437,215.9836594202899,-51.52446280991735,0.7355086456195455,-11.593558680367767,-0.40498471965162575,-10.695058702619287,-16.544452296819795,-12.478924176907466,-0.290184908969418,-10.186229508196723,-3.097838043318437,0.8348698004172947,-7.919294680215181,-2.4368562416364337,2.6553121716008183
YM,0.1 ATR,1R,False,10074,2.625488663017983,0.5152868771093905,126.40399262459749,-158.65227933647358,0.8469909706286022,-11.766523157208173,-0.13132873193306682,-13.125676281074215,-13.801373317886203,-14.513292284522125,2.0514265942521157,-11.957248604719396,-3.588411889727126,0.6263294843972012,-9.122313264770044,-2.85734777378229,2.301336024433259
YM,0.1 ATR,1R,True,10542,2.7474589523064896,0.3421551887687346,122.00687195532497,-83.59319085384696,0.759124602151617,-13.246062552511066,-0.14178569676409308,-19.48589149835969,-15.07915045562319,-21.26924227963822,1.3569268952387845,-10.597844122023742,-4.448821165168484,1.427964786411349,-11.972751917246352,-5.224523429069111,1.8646352448305028
YM,0.1 ATR,2R,False,8727,2.27443315089914,0.35453191245559756,260.2996777172405,-156.273986457356,0.9148870865087387,-8.585328618900462,-0.10381965651996737,-6.757087108929133,-10.972429444967196,-7.743224618042185,3.2148230035088123,-5.824758527524198,-1.59256673443093,1.2003607968919394,-6.512094287497067,-1.2224272557353535,2.09764072053294
YM,0.1 ATR,2R,True,9730,2.5358352879854054,0.24964028776978417,184.97234135152613,-79.2163856223218,0.7768495832130233,-13.264235795037479,-0.13980273597827816,-14.444988938782895,-14.403629219667325,-15.556607086730878,1.5078846117869944,-11.843341764467688,-3.4965826588231588,0.9728299800777251,-12.354487109160868,-3.8208450199489215,1.465245204462142
YM,0.1 ATR,3R,False,7904,2.0599426635392235,0.26986336032388664,385.1182566472439,-154.6097103745329,0.9206554353751114,-8.956907533256341,-0.10228854169826022,-5.171259579412934,-10.641312483978538,-5.807464939399483,2.782590216021651,-8.742394809775568,-1.3884971398792552,0.7897701814904245,-6.751398197480785,-0.9212089865310091,1.6470150630136513
YM,0.1 ATR,3R,True,9353,2.4375814438363306,0.23928151395274244,193.69633856759884,-77.99530770003012,0.781156612403842,-12.98451925279892,-0.13670530121182975,-12.50111437936214,-14.78000665041014,-13.562882552172594,1.5557568583908123,-10.48235449735444,-2.722383868164472,1.2031157064757585,-11.632422680412269,-3.3226907925627294,1.3695364475419975
YM,0.1 ATR,sin objetivo,False,6788,1.7690904352358614,0.167796110783736,712.1504477611938,-153.68724375995765,0.9342994195530396,-8.40304655274026,-0.10062715623013865,-2.8635725566182284,-8.521566438298242,-2.8912811758146155,1.803079677335108,-19.274975774482353,-1.211684233509346,0.013642157738782638,-3.898020985990187,-0.5320597503970547,0.9558961761650822
YM,0.1 ATR,sin objetivo,True,8958,2.334636434714621,0.23788792141102924,196.09358986391368,-77.42418004143215,0.7905699988216832,-12.357606289669272,-0.1337004324823477,-10.504669996519281,-15.454293971924042,-12.644565619989505,1.029408940814937,-11.108434744268013,-1.9024566222701473,1.0792864524195884,-8.829213151247972,-2.1765645598369945,1.7765058853744402
