sym,tend_estricta,tp,ema_exit,entrada,modo,trades,por_dia,p_tp_5min,wr_neto,gan_media,perd_media,peor,pf,exp_pts,exp_usd,exp_bruto,DEV_exp_usd,DEV_wr,DEV_ptp,DEV_t,VAL1_exp_usd,VAL1_wr,VAL1_ptp,VAL1_t,VAL2_exp_usd,VAL2_wr,VAL2_ptp,VAL2_t
NQ,False,borde,EMA20,cierre,VI usuario,11925,3.1087069864442127,0.7112788259958072,0.5454088050314465,3.6307423124231253,-5.86372403615569,-284.038,0.7428874622930556,-0.6853584905660377,-13.707169811320753,-0.07517819706498952,-13.268316008316013,0.38856548856548856,0.6877338877338878,-16.543799238308072,-10.256103896103895,0.6031168831168832,0.7288311688311688,-3.1408311310229706,-15.39391136801541,0.669364161849711,0.7265895953757225,-4.49335426345646
NQ,False,borde,EMA20,cierre,NULO (sin VI),27410,7.145464025026069,0.6962787303903685,0.6882889456402773,1.4105834668558046,-5.7700791504565565,-203.288,0.5398033918305994,-0.8277084485880777,-16.554168971761555,-0.21377813118566966,-16.5516794972458,0.5813821885831506,0.5822310249699371,-37.095591142228976,-19.158957129597965,0.757500619885941,0.773865608727994,-8.9729402231942,-15.421061077895208,0.8216450216450216,0.8369047619047619,-8.138821983203487
NQ,False,borde,EMA20,open sig.,VI usuario,11925,3.1087069864442127,0.7112788259958072,0.5446540880503145,3.62027559661278,-5.866268876611419,-280.538,0.7381744241824535,-0.6993836477987423,-13.987672955974846,-0.08920335429769392,-13.607193347193352,0.39043659043659046,0.6877338877338878,-17.00132360213327,-10.492467532467531,0.6005194805194806,0.7288311688311688,-3.2274985468237274,-15.636685934489398,0.666859344894027,0.7265895953757225,-4.576800640825462
NQ,False,borde,EMA20,open sig.,NULO (sin VI),27410,7.145464025026069,0.6962787303903685,0.6293688434877782,1.5597544201108529,-4.892441389618223,-200.038,0.5413696541838064,-0.8316303748923461,-16.632607497846923,-0.21770005748993818,-16.595536043896434,0.5497630331753555,0.5822310249699371,-37.28907037802773,-19.34740245565797,0.7009670220679395,0.773865608727994,-9.079326469117005,-15.504394411228542,0.71991341991342,0.8369047619047619,-8.195439339395056
NQ,False,borde,EMA50,cierre,VI usuario,11920,3.10740354535975,0.7486577181208054,0.5825503355704698,3.7151682027649775,-6.765140273311896,-524.788,0.7663568003862246,-0.6598330536912751,-13.196661073825503,-0.05899748322147651,-12.789106029106033,0.4180873180873181,0.7272349272349272,-13.905509805825291,-6.81194805194805,0.6509090909090909,0.7719480519480519,-1.826746386158348,-15.945149469623907,0.7097396335583414,0.759884281581485,-3.7313312621886787
NQ,False,borde,EMA50,cierre,NULO (sin VI),27129,7.072210636079249,0.7094253381989752,0.702126875299495,1.4621041362103624,-6.215749765020782,-524.788,0.5544585171064222,-0.8249221963433208,-16.498443926866415,-0.2142785308930646,-16.75211369481571,0.5908993192404156,0.5917592260838409,-35.184903661549924,-15.863248174132208,0.7850723914128807,0.8005491762356465,-7.534797480017392,-16.389874181417117,0.8351876090750436,0.8487129144851658,-6.941922499934716
NQ,False,borde,EMA50,open sig.,VI usuario,11920,3.10740354535975,0.7486577181208054,0.5818791946308725,3.7074584775086517,-6.770694622792937,-521.288,0.7620335987917908,-0.6736753355704698,-13.473506711409396,-0.07283976510067114,-13.127983367983374,0.4207900207900208,0.7272349272349272,-14.281641335404288,-7.048311688311687,0.6483116883116883,0.7719480519480519,-1.895828129480096,-16.179479267116676,0.7066538090646094,0.759884281581485,-3.797451622337586
NQ,False,borde,EMA50,open sig.,NULO (sin VI),27129,7.072210636079249,0.7094253381989752,0.643886615798592,1.609310313482782,-5.238794826675829,-521.288,0.5554302205385915,-0.829391583346159,-16.58783166692318,-0.2187479178959029,-16.802633221866945,0.56022930849158,0.5917592260838409,-35.3634119394364,-16.208979577027865,0.7204193709435847,0.8005491762356465,-7.734776339044679,-16.426414321033175,0.737783595113438,0.8487129144851658,-6.972299420299383
NQ,False,borde,ambas,cierre,VI usuario,11920,3.10740354535975,0.75251677852349,0.585738255033557,3.7119283872815823,-6.822680032401782,-524.788,0.7692603416867136,-0.6521568791946308,-13.043137583892616,-0.052286073825503356,-12.747525987525991,0.42120582120582123,0.7311850311850312,-13.770280712167539,-6.300259740259739,0.6545454545454545,0.7761038961038961,-1.6890444020634967,-15.82075216972034,0.7128254580520733,0.7635486981677917,-3.6937134226242603
NQ,False,borde,ambas,cierre,NULO (sin VI),27052,7.0521376433785194,0.7133298831879343,0.7070456897826408,1.4507493498498103,-6.444093595195965,-198.038,0.5433480740753,-0.862078919390459,-17.24157838780918,-0.25241139018744263,-16.819109502557748,0.5997266776954614,0.5984319930950155,-34.146419059188105,-15.95727530423924,0.7818775100401606,0.7979417670682731,-7.643981122278584,-18.440732604567863,0.837315875613748,0.8508456082924168,-8.520030390259228
NQ,False,borde,ambas,open sig.,VI usuario,11920,3.10740354535975,0.75251677852349,0.5851510067114094,3.704186379928316,-6.83021435793731,-521.288,0.7649559250354032,-0.6659991610738254,-13.319983221476509,-0.06612835570469798,-13.086403326403332,0.4237006237006237,0.7311850311850312,-14.145030608088938,-6.536623376623375,0.6519480519480519,0.7761038961038961,-1.7576021339043708,-16.055081967213106,0.7101253616200579,0.7635486981677917,-3.759452870883141
NQ,False,borde,ambas,open sig.,NULO (sin VI),27052,7.0521376433785194,0.7133298831879343,0.6501552565429544,1.5927268725764077,-5.438301897952721,-197.288,0.544276671056872,-0.8670415838884629,-17.34083167776926,-0.2573740546854465,-16.8957116747508,0.5713874703301446,0.5984319930950155,-34.35804056183162,-16.205769280142853,0.7183734939759037,0.7979417670682731,-7.780762725345586,-18.509472375435294,0.7399890889252592,0.8508456082924168,-8.56165406360083
NQ,False,relleno,EMA20,cierre,VI usuario,13425,3.4997393117831073,0.6967597765363128,0.5375046554934824,3.54871701773836,-5.605160573361251,-284.038,0.7357972753751016,-0.6849087523277467,-13.698175046554935,-0.07109869646182496,-13.528671848597503,0.39270023656640757,0.6672862453531598,-19.308803332342897,-10.051262135922329,0.6063106796116505,0.7179611650485437,-3.1820737791596745,-15.261560492013949,0.6688085184505232,0.720763723150358,-4.548293006924312
NQ,False,relleno,EMA20,cierre,NULO (sin VI),27410,7.145464025026069,0.6962787303903685,0.6882889456402773,1.4105834668558046,-5.7700791504565565,-203.288,0.5398033918305994,-0.8277084485880777,-16.554168971761555,-0.21377813118566966,-16.5516794972458,0.5813821885831506,0.5822310249699371,-37.095591142228976,-19.158957129597965,0.757500619885941,0.773865608727994,-8.9729402231942,-15.421061077895208,0.8216450216450216,0.8369047619047619,-8.138821983203487
NQ,False,relleno,EMA20,open sig.,VI usuario,13425,3.4997393117831073,0.6967597765363128,0.5330353817504655,3.5622655114589166,-5.56196713989472,-280.538,0.7310884613535885,-0.6984283054003724,-13.968566108007447,-0.08461824953445066,-13.848036498817173,0.3891517404528557,0.6672862453531598,-19.814486027761276,-10.291553398058253,0.6087378640776699,0.7179611650485437,-3.2743606735926,-15.49012667523407,0.6607306774371213,0.720763723150358,-4.6297348109947905
NQ,False,relleno,EMA20,open sig.,NULO (sin VI),27410,7.145464025026069,0.6962787303903685,0.6293688434877782,1.5597544201108529,-4.892441389618223,-200.038,0.5413696541838064,-0.8316303748923461,-16.632607497846923,-0.21770005748993818,-16.595536043896434,0.5497630331753555,0.5822310249699371,-37.28907037802773,-19.34740245565797,0.7009670220679395,0.773865608727994,-9.079326469117005,-15.504394411228542,0.71991341991342,0.8369047619047619,-8.195439339395056
NQ,False,relleno,EMA50,cierre,VI usuario,13419,3.4981751824817517,0.7323943661971831,0.5733661226618973,3.6265438003639203,-6.446034934497816,-524.788,0.7560960395409115,-0.6707595200834636,-13.415190401669273,-0.06585811163275952,-12.985790096332606,0.421835389555518,0.7035659962818996,-16.28998148772836,-8.155631067961163,0.6524271844660194,0.7577669902912622,-2.2524421000843846,-15.873009922822485,0.7081955163542815,0.7541345093715546,-3.800588662248388
NQ,False,relleno,EMA50,cierre,NULO (sin VI),27129,7.072210636079249,0.7094253381989752,0.702126875299495,1.4621041362103624,-6.215749765020782,-524.788,0.5544585171064222,-0.8249221963433208,-16.498443926866415,-0.2142785308930646,-16.75211369481571,0.5908993192404156,0.5917592260838409,-35.184903661549924,-15.863248174132208,0.7850723914128807,0.8005491762356465,-7.534797480017392,-16.389874181417117,0.8351876090750436,0.8487129144851658,-6.941922499934716
NQ,False,relleno,EMA50,open sig.,VI usuario,13419,3.4981751824817517,0.7323943661971831,0.569341977792682,3.6391924083769642,-6.399654265443848,-521.288,0.7517772335966629,-0.68411744541322,-13.682348908264398,-0.07921603696251583,-13.305208720635463,0.4189623119824235,0.7035659962818996,-16.705520246629415,-8.395922330097086,0.6548543689320389,0.7577669902912622,-2.327170787454081,-16.093517089305397,0.7004777655273796,0.7541345093715546,-3.865117490076768
NQ,False,relleno,EMA50,open sig.,NULO (sin VI),27129,7.072210636079249,0.7094253381989752,0.643886615798592,1.609310313482782,-5.238794826675829,-521.288,0.5554302205385915,-0.829391583346159,-16.58783166692318,-0.2187479178959029,-16.802633221866945,0.56022930849158,0.5917592260838409,-35.3634119394364,-16.208979577027865,0.7204193709435847,0.8005491762356465,-7.734776339044679,-16.426414321033175,0.737783595113438,0.8487129144851658,-6.972299420299383
NQ,False,relleno,ambas,cierre,VI usuario,13419,3.4981751824817517,0.7366420746702437,0.5763469707131679,3.6241735195241795,-6.495255936675463,-524.788,0.7590780145877392,-0.6629534242491988,-13.259068484983976,-0.05911394291675982,-12.935933750211259,0.42420145343924287,0.7082981240493493,-16.12956747139661,-7.442038834951454,0.6567961165048544,0.7631067961165049,-2.0556933022881263,-15.812370452039685,0.711319367879456,0.7574421168687983,-3.7767662772291617
NQ,False,relleno,ambas,cierre,NULO (sin VI),27052,7.0521376433785194,0.7133298831879343,0.7070456897826408,1.4507493498498103,-6.444093595195965,-198.038,0.5433480740753,-0.862078919390459,-17.24157838780918,-0.25241139018744263,-16.819109502557748,0.5997266776954614,0.5984319930950155,-34.146419059188105,-15.95727530423924,0.7818775100401606,0.7979417670682731,-7.643981122278584,-18.440732604567863,0.837315875613748,0.8508456082924168,-8.520030390259228
NQ,False,relleno,ambas,open sig.,VI usuario,13419,3.4981751824817517,0.7366420746702437,0.5724718682465161,3.636205935954179,-6.4508900122015,-521.288,0.7547763561682539,-0.6763113495789551,-13.526226991579103,-0.07247186824651614,-13.255352374514116,0.4214973804292716,0.7082981240493493,-16.542868770400705,-7.682330097087377,0.6592233009708738,0.7631067961165049,-2.1295710878830927,-16.032877618522598,0.7037853730246233,0.7574421168687983,-3.8410614173520474
NQ,False,relleno,ambas,open sig.,NULO (sin VI),27052,7.0521376433785194,0.7133298831879343,0.6501552565429544,1.5927268725764077,-5.438301897952721,-197.288,0.544276671056872,-0.8670415838884629,-17.34083167776926,-0.2573740546854465,-16.8957116747508,0.5713874703301446,0.5984319930950155,-34.35804056183162,-16.205769280142853,0.7183734939759037,0.7979417670682731,-7.780762725345586,-18.509472375435294,0.7399890889252592,0.8508456082924168,-8.56165406360083
NQ,True,borde,EMA20,cierre,VI usuario,10754,2.8034410844629822,0.7099683838571694,0.5440766226520365,3.703796274141173,-5.845464817458699,-284.038,0.7561296083497203,-0.649935093918542,-12.99870187837084,-0.03942718988283429,-13.175691672401932,0.38586831842165636,0.6847900894700619,-15.723773033158198,-8.299130434782608,0.6086956521739131,0.7321739130434782,-2.36393325243703,-14.569421841541752,0.667880085653105,0.7252676659528908,-3.9721478049939463
NQ,True,borde,EMA20,cierre,NULO (sin VI),22369,5.83133472367049,0.692252671107336,0.6854575528633376,1.5151458348369145,-5.84579284624316,-284.038,0.5648229304392922,-0.8001818311329282,-16.003636622658565,-0.18524499890976212,-15.94877277919069,0.5807151536191634,0.5811491060579761,-32.35558942796186,-18.764217519654615,0.7507827175954915,0.7639323731997495,-7.471315849477793,-14.934101253447984,0.815889193780217,0.829609303541095,-6.76551093996658
NQ,True,borde,EMA20,open sig.,VI usuario,10754,2.8034410844629822,0.7099683838571694,0.5428677701320439,3.6925155875299764,-5.845821399511798,-280.538,0.7501170051226149,-0.6677656685884322,-13.355313371768645,-0.05725776455272457,-13.545042440926824,0.38793301215875203,0.6847900894700619,-16.179433494211693,-8.664347826086956,0.6052173913043478,0.7321739130434782,-2.479213269292076,-14.910963597430403,0.6644539614561028,0.7252676659528908,-4.076074439557542
NQ,True,borde,EMA20,open sig.,NULO (sin VI),22369,5.83133472367049,0.692252671107336,0.6298001698779561,1.6536977308914433,-5.005320735830349,-280.538,0.5620704803242867,-0.8114697742685175,-16.22939548537035,-0.19653294204535154,-16.074618986446374,0.5494705780246485,0.5811491060579761,-32.68600258378365,-18.947373436999637,0.6972448340638697,0.7639323731997495,-7.554311778044491,-15.328064405153196,0.722592447406246,0.829609303541095,-6.974608622854005
NQ,True,borde,EMA50,cierre,VI usuario,10749,2.8021376433785194,0.755698204484138,0.5887989580426086,3.787841365144573,-6.9164502262443435,-524.788,0.7841900956830903,-0.613774490650293,-12.27548981300586,-0.014699041771327566,-12.60101858224364,0.42188575361321407,0.7327368662537279,-12.844832988395536,-3.8846376811594197,0.6660869565217391,0.784927536231884,-0.9603486911963991,-15.074040728831719,0.7161843515541265,0.7663451232583065,-3.2418619669180098
NQ,True,borde,EMA50,cierre,NULO (sin VI),22099,5.760948905109489,0.7143309652020453,0.7109823973935472,1.56410018701977,-6.562134188738532,-110.538,0.5863460654172675,-0.7845245904800392,-15.690491809600784,-0.17510733178055027,-15.835452647714499,0.6056387665198237,0.6031718061674008,-28.453197579552103,-19.21828527634758,0.7736625514403292,0.7834757834757835,-7.584191891769584,-14.005431852546256,0.8424242424242424,0.8517786561264822,-6.0163514310688315
NQ,True,borde,EMA50,open sig.,VI usuario,10749,2.8021376433785194,0.755698204484138,0.5877756070332124,3.779663817663818,-6.920983525163619,-521.288,0.7786875468706012,-0.6314040375848916,-12.628080751697832,-0.032328588705926135,-12.970369350768532,0.42463867859600823,0.7327368662537279,-13.216820896537671,-4.249855072463768,0.662608695652174,0.784927536231884,-1.0537283074841628,-15.40630225080385,0.712540192926045,0.7663451232583065,-3.322897443959765
NQ,True,borde,EMA50,open sig.,NULO (sin VI),22099,5.760948905109489,0.7143309652020453,0.6569980542105978,1.6970378496855631,-5.566985681346052,-110.538,0.583900603335535,-0.7945363557182852,-15.890727114365703,-0.18511909701879634,-15.935452647714499,0.5768281938325991,0.6031718061674008,-28.727100339366853,-19.492106105723966,0.7258626147515036,0.7834757834757835,-7.713827997898091,-14.324931193784726,0.7482213438735178,0.8517786561264822,-6.163157270065676
NQ,True,borde,ambas,cierre,VI usuario,10749,2.8021376433785194,0.755698204484138,0.5887989580426086,3.787841365144573,-6.9164502262443435,-524.788,0.7841900956830903,-0.613774490650293,-12.27548981300586,-0.014699041771327566,-12.60101858224364,0.42188575361321407,0.7327368662537279,-12.844832988395536,-3.8846376811594197,0.6660869565217391,0.784927536231884,-0.9603486911963991,-15.074040728831719,0.7161843515541265,0.7663451232583065,-3.2418619669180098
NQ,True,borde,ambas,cierre,NULO (sin VI),22099,5.760948905109489,0.7143309652020453,0.7109823973935472,1.56410018701977,-6.562134188738532,-110.538,0.5863460654172675,-0.7845245904800392,-15.690491809600784,-0.17510733178055027,-15.835452647714499,0.6056387665198237,0.6031718061674008,-28.453197579552103,-19.21828527634758,0.7736625514403292,0.7834757834757835,-7.584191891769584,-14.005431852546256,0.8424242424242424,0.8517786561264822,-6.0163514310688315
NQ,True,borde,ambas,open sig.,VI usuario,10749,2.8021376433785194,0.755698204484138,0.5877756070332124,3.779663817663818,-6.920983525163619,-521.288,0.7786875468706012,-0.6314040375848916,-12.628080751697832,-0.032328588705926135,-12.970369350768532,0.42463867859600823,0.7327368662537279,-13.216820896537671,-4.249855072463768,0.662608695652174,0.784927536231884,-1.0537283074841628,-15.40630225080385,0.712540192926045,0.7663451232583065,-3.322897443959765
NQ,True,borde,ambas,open sig.,NULO (sin VI),22099,5.760948905109489,0.7143309652020453,0.6569980542105978,1.6970378496855631,-5.566985681346052,-110.538,0.583900603335535,-0.7945363557182852,-15.890727114365703,-0.18511909701879634,-15.935452647714499,0.5768281938325991,0.6031718061674008,-28.727100339366853,-19.492106105723966,0.7258626147515036,0.7834757834757835,-7.713827997898091,-14.324931193784726,0.7482213438735178,0.8517786561264822,-6.163157270065676
NQ,True,relleno,EMA20,cierre,VI usuario,12047,3.1405109489051095,0.6955258570598489,0.5402174815306715,3.607666871542717,-5.637611843293013,-284.038,0.7518781023899653,-0.6431506599153317,-12.863013198306634,-0.02903212418029385,-13.470412351722844,0.3954057616268123,0.6639051026172096,-18.195858187758507,-8.03075420510038,0.6125881714595768,0.7200217037438958,-2.3672883332209063,-14.023846311056609,0.6701410177805027,0.7206212957285919,-3.9015827366957354
NQ,True,relleno,EMA20,cierre,NULO (sin VI),22369,5.83133472367049,0.692252671107336,0.6854575528633376,1.5151458348369145,-5.84579284624316,-284.038,0.5648229304392922,-0.8001818311329282,-16.003636622658565,-0.18524499890976212,-15.94877277919069,0.5807151536191634,0.5811491060579761,-32.35558942796186,-18.764217519654615,0.7507827175954915,0.7639323731997495,-7.471315849477793,-14.934101253447984,0.815889193780217,0.829609303541095,-6.76551093996658
NQ,True,relleno,EMA20,open sig.,VI usuario,12047,3.1405109489051095,0.6955258570598489,0.5352369884618577,3.622049627791564,-5.591313091623504,-280.538,0.7460280315170098,-0.6599805760770318,-13.199611521540636,-0.04586204034199386,-13.814038787422335,0.39145170401054413,0.6639051026172096,-18.68797839031628,-8.388865979381443,0.6136733586543679,0.7200217037438958,-2.4855794408322125,-14.344712855099118,0.6617617003883098,0.7206212957285919,-4.001364870716705
NQ,True,relleno,EMA20,open sig.,NULO (sin VI),22369,5.83133472367049,0.692252671107336,0.6298001698779561,1.6536977308914433,-5.005320735830349,-280.538,0.5620704803242867,-0.8114697742685175,-16.22939548537035,-0.19653294204535154,-16.074618986446374,0.5494705780246485,0.5811491060579761,-32.68600258378365,-18.947373436999637,0.6972448340638697,0.7639323731997495,-7.554311778044491,-15.328064405153196,0.722592447406246,0.829609303541095,-6.974608622854005
NQ,True,relleno,EMA50,cierre,VI usuario,12041,3.138946819603754,0.7399717631425962,0.5835063532929159,3.6863808710503845,-6.65145962113659,-524.788,0.7764624410956958,-0.6192640146167262,-12.385280292334524,-0.016256955402375216,-12.809905838041438,0.43050847457627117,0.7096045197740113,-14.920125838388298,-5.114313619099294,0.6690179055887141,0.7704829083016821,-1.3028196152050282,-14.665482815057278,0.7174713584288053,0.7614566284779051,-3.223797510129875
NQ,True,relleno,EMA50,cierre,NULO (sin VI),22099,5.760948905109489,0.7143309652020453,0.7109823973935472,1.56410018701977,-6.562134188738532,-110.538,0.5863460654172675,-0.7845245904800392,-15.690491809600784,-0.17510733178055027,-15.835452647714499,0.6056387665198237,0.6031718061674008,-28.453197579552103,-19.21828527634758,0.7736625514403292,0.7834757834757835,-7.584191891769584,-14.005431852546256,0.8424242424242424,0.8517786561264822,-6.0163514310688315
NQ,True,relleno,EMA50,open sig.,VI usuario,12041,3.138946819603754,0.7399717631425962,0.5791877751017357,3.698987381703471,-6.602288533649101,-521.288,0.7711154214009079,-0.6359154555269496,-12.718309110538993,-0.03290839631259862,-13.15359698681733,0.4274952919020716,0.7096045197740113,-15.320612979553452,-5.472425393380357,0.6701030927835051,0.7704829083016821,-1.3990109326079876,-14.9774713584288,0.7096972176759411,0.7614566284779051,-3.3018833289196285
NQ,True,relleno,EMA50,open sig.,NULO (sin VI),22099,5.760948905109489,0.7143309652020453,0.6569980542105978,1.6970378496855631,-5.566985681346052,-110.538,0.583900603335535,-0.7945363557182852,-15.890727114365703,-0.18511909701879634,-15.935452647714499,0.5768281938325991,0.6031718061674008,-28.727100339366853,-19.492106105723966,0.7258626147515036,0.7834757834757835,-7.713827997898091,-14.324931193784726,0.7482213438735178,0.8517786561264822,-6.163157270065676
NQ,True,relleno,ambas,cierre,VI usuario,12041,3.138946819603754,0.7399717631425962,0.5835063532929159,3.6863808710503845,-6.65145962113659,-524.788,0.7764624410956958,-0.6192640146167262,-12.385280292334524,-0.016256955402375216,-12.809905838041438,0.43050847457627117,0.7096045197740113,-14.920125838388298,-5.114313619099294,0.6690179055887141,0.7704829083016821,-1.3028196152050282,-14.665482815057278,0.7174713584288053,0.7614566284779051,-3.223797510129875
NQ,True,relleno,ambas,cierre,NULO (sin VI),22099,5.760948905109489,0.7143309652020453,0.7109823973935472,1.56410018701977,-6.562134188738532,-110.538,0.5863460654172675,-0.7845245904800392,-15.690491809600784,-0.17510733178055027,-15.835452647714499,0.6056387665198237,0.6031718061674008,-28.453197579552103,-19.21828527634758,0.7736625514403292,0.7834757834757835,-7.584191891769584,-14.005431852546256,0.8424242424242424,0.8517786561264822,-6.0163514310688315
NQ,True,relleno,ambas,open sig.,VI usuario,12041,3.138946819603754,0.7399717631425962,0.5791877751017357,3.698987381703471,-6.602288533649101,-521.288,0.7711154214009079,-0.6359154555269496,-12.718309110538993,-0.03290839631259862,-13.15359698681733,0.4274952919020716,0.7096045197740113,-15.320612979553452,-5.472425393380357,0.6701030927835051,0.7704829083016821,-1.3990109326079876,-14.9774713584288,0.7096972176759411,0.7614566284779051,-3.3018833289196285
NQ,True,relleno,ambas,open sig.,NULO (sin VI),22099,5.760948905109489,0.7143309652020453,0.6569980542105978,1.6970378496855631,-5.566985681346052,-110.538,0.583900603335535,-0.7945363557182852,-15.890727114365703,-0.18511909701879634,-15.935452647714499,0.5768281938325991,0.6031718061674008,-28.727100339366853,-19.492106105723966,0.7258626147515036,0.7834757834757835,-7.713827997898091,-14.324931193784726,0.7482213438735178,0.8517786561264822,-6.163157270065676
ES,False,borde,EMA20,cierre,VI usuario,5747,1.4981751824817517,0.6887071515573343,0.4221332869323125,0.7792765045342127,-1.4521467028003614,-42.1152,0.3920152933932117,-0.5101886897511745,-25.509434487558725,-0.06716547764050809,-22.57001529051987,0.30466360856269115,0.6750764525993884,-23.418885624786924,-21.851314031180394,0.4621380846325167,0.7160356347438753,-6.174002266432341,-30.424128974473795,0.5436632333184057,0.6936856247201075,-9.70742141182014
ES,False,borde,EMA20,cierre,NULO (sin VI),25746,6.711678832116788,0.4480696030451332,0.48994018488308866,0.8143950502022888,-1.9642328967407883,-42.1152,0.3982576233665139,-0.6028714066941799,-30.143570334708997,-0.09968880745546344,-31.03906256193472,0.36618867924528303,0.3100377358490566,-57.917883603446526,-28.0586648650093,0.5609226594301221,0.5237449118046132,-16.278366389747262,-29.668891483852416,0.6463511519691295,0.6239927363522869,-20.25959838748183
ES,False,borde,EMA20,open sig.,VI usuario,5747,1.4981751824817517,0.6887071515573343,0.43031146685227073,0.7704651839870602,-1.4970723274282225,-41.8652,0.3887368194179362,-0.5213249347485643,-26.066246737428216,-0.07830172263789803,-23.94138379204892,0.3081039755351682,0.6750764525993884,-24.871943242165536,-22.018351893095762,0.47884187082405344,0.7160356347438753,-6.251527237329015,-30.183421406180024,0.5539632781012092,0.6936856247201075,-9.655398216675186
ES,False,borde,EMA20,open sig.,NULO (sin VI),25746,6.711678832116788,0.4480696030451332,0.4792977549910666,0.8195931307870882,-1.9211626488632711,-41.8652,0.392690251365639,-0.6075245566980635,-30.376227834903176,-0.10434195745934693,-30.887364448727112,0.35924528301886793,0.3100377358490566,-57.737573085388654,-28.48946540775013,0.544640434192673,0.5237449118046132,-16.564758544248388,-30.396674936354973,0.6325048235160595,0.6239927363522869,-20.791185876092445
ES,False,borde,EMA50,cierre,VI usuario,5745,1.4976538060479667,0.727763272410792,0.4550043516100957,0.7878221882172918,-1.604819929734909,-100.3652,0.4098495047815079,-0.5161573542210617,-25.807867711053085,-0.08289817232375979,-21.43278287461773,0.32989296636085624,0.7152140672782875,-19.832965538061124,-21.378040089086856,0.5,0.7505567928730512,-5.6277477183545,-32.72100403406544,0.5835948005378754,0.7333034513671,-8.04582394186079
ES,False,borde,EMA50,cierre,NULO (sin VI),25365,6.612356621480709,0.45302582298442734,0.4983638872462054,0.8120929546947199,-2.057604118201825,-36.1152,0.39210437964225603,-0.6274507297340455,-31.372536486702273,-0.12550718548015247,-31.370421483281284,0.3728410224917479,0.3138097796883396,-55.99917542672837,-31.191509683666162,0.5614900027389756,0.5209531635168447,-16.69746616454731,-31.451790660461924,0.6600667664326004,0.6332450788534592,-19.869572230794297
ES,False,borde,EMA50,open sig.,VI usuario,5745,1.4976538060479667,0.727763272410792,0.4630113141862489,0.7808526315789475,-1.6553134521880064,-100.1152,0.4067385181886649,-0.5273409921671017,-26.367049608355085,-0.09408181026979982,-22.804151376146784,0.3318042813455658,0.7152140672782875,-21.122259976259425,-21.54507795100222,0.5155902004454342,0.7505567928730512,-5.69096030543293,-32.48568354997759,0.5956969968623935,0.7333034513671,-8.007306717967868
ES,False,borde,EMA50,open sig.,NULO (sin VI),25365,6.612356621480709,0.45302582298442734,0.4887837571456732,0.8176473265073214,-2.0144620431666405,-35.8652,0.3880780268368464,-0.6301729848099372,-31.50864924049686,-0.12822944055604413,-31.129767457028084,0.36616258539955476,0.3138097796883396,-55.63794622560247,-31.42774633116,0.5508079978088195,0.5209531635168447,-16.86476484574632,-32.110821396043825,0.6465983653735466,0.6332450788534592,-20.322095277135926
ES,False,borde,ambas,cierre,VI usuario,5745,1.4976538060479667,0.7317667536988686,0.45744125326370755,0.7873875190258753,-1.608222136669875,-100.3652,0.4127917883644292,-0.5123714534377719,-25.618572671888597,-0.08011314186248912,-21.31810397553516,0.33142201834862384,0.7186544342507645,-19.7106691676,-20.974365256124717,0.5044543429844098,0.7583518930957683,-5.499548065953078,-32.53050649932766,0.5862841774988794,0.7364410578216046,-7.992184900315314
ES,False,borde,ambas,cierre,NULO (sin VI),25254,6.583420229405631,0.4578680605052665,0.5056228716242971,0.8223597566269324,-2.0918079295154204,-141.3652,0.40207621655112635,-0.6183380956533904,-30.91690478266952,-0.11760511077970714,-30.876420077184253,0.377817227539364,0.31383142945353504,-53.08390663049231,-32.571260913839566,0.5629303222252823,0.5249242632883503,-15.78808770799672,-30.28433904273512,0.6726664359063113,0.6450905734394831,-17.126359125801496
ES,False,borde,ambas,open sig.,VI usuario,5745,1.4976538060479667,0.7317667536988686,0.4656222802436902,0.7803140186915888,-1.6596625407166126,-100.1152,0.409670817269081,-0.523555091383812,-26.177754569190597,-0.09129677980852915,-22.689472477064214,0.3333333333333333,0.7186544342507645,-20.996457484782642,-21.14140311804008,0.5211581291759465,0.7583518930957683,-5.562868020384176,-32.2951860152398,0.5983863738233975,0.7364410578216046,-7.95353369006893
ES,False,borde,ambas,open sig.,NULO (sin VI),25254,6.583420229405631,0.4578680605052665,0.49544626593806923,0.8265014952153289,-2.0448043459241023,-141.3652,0.39689992701767735,-0.6222265885654039,-31.111329428270196,-0.12149360369172067,-30.692914365544823,0.3711793763507255,0.31383142945353504,-52.86959442293586,-32.80191362659088,0.5546681354998623,0.5249242632883503,-15.940906509850134,-31.028541188806425,0.6563978308526595,0.6450905734394831,-17.573341201399632
ES,False,relleno,EMA20,cierre,VI usuario,8668,2.259645464025026,0.6401707429626211,0.3931702814951546,0.722681455399061,-1.313774144486692,-42.1152,0.35640192566274975,-0.5131003230272265,-25.655016151361327,-0.057943008767881866,-24.56217028380634,0.287771285475793,0.6043405676126878,-36.75672873030058,-23.02289517470881,0.478369384359401,0.6772046589018302,-7.885572854356303,-28.79664921465968,0.543754674644727,0.68773373223635,-10.414375747426801
ES,False,relleno,EMA20,cierre,NULO (sin VI),25746,6.711678832116788,0.4480696030451332,0.48994018488308866,0.8143950502022888,-1.9642328967407883,-42.1152,0.3982576233665139,-0.6028714066941799,-30.143570334708997,-0.09968880745546344,-31.03906256193472,0.36618867924528303,0.3100377358490566,-57.917883603446526,-28.0586648650093,0.5609226594301221,0.5237449118046132,-16.278366389747262,-29.668891483852416,0.6463511519691295,0.6239927363522869,-20.25959838748183
ES,False,relleno,EMA20,open sig.,VI usuario,8668,2.259645464025026,0.6401707429626211,0.39593908629441626,0.7235237762237763,-1.3425682200152789,-41.8652,0.35323529046925445,-0.5245216428241808,-26.22608214120904,-0.06936432856483618,-25.670788814691146,0.2936143572621035,0.6043405676126878,-38.49422556640519,-23.241281198003318,0.4633943427620632,0.6772046589018302,-7.999029490255969,-28.562916978309644,0.5489902767389678,0.68773373223635,-10.357760535606259
ES,False,relleno,EMA20,open sig.,NULO (sin VI),25746,6.711678832116788,0.4480696030451332,0.4792977549910666,0.8195931307870882,-1.9211626488632711,-41.8652,0.392690251365639,-0.6075245566980635,-30.376227834903176,-0.10434195745934693,-30.887364448727112,0.35924528301886793,0.3100377358490566,-57.737573085388654,-28.48946540775013,0.544640434192673,0.5237449118046132,-16.564758544248388,-30.396674936354973,0.6325048235160595,0.6239927363522869,-20.791185876092445
ES,False,relleno,EMA50,cierre,VI usuario,8662,2.2580813347236703,0.6768644654814131,0.42068806280304777,0.7317401756311745,-1.415120286966919,-100.3652,0.375501135490273,-0.511961717848072,-25.5980858924036,-0.0659778342184253,-23.390012531328317,0.3101503759398496,0.6424394319131161,-31.55167913029859,-22.49252911813643,0.5074875207986689,0.7071547420965059,-7.187496838448709,-30.951803892215562,0.5797155688622755,0.7249251497005988,-8.734981703391805
ES,False,relleno,EMA50,cierre,NULO (sin VI),25365,6.612356621480709,0.45302582298442734,0.4983638872462054,0.8120929546947199,-2.057604118201825,-36.1152,0.39210437964225603,-0.6274507297340455,-31.372536486702273,-0.12550718548015247,-31.370421483281284,0.3728410224917479,0.3138097796883396,-55.99917542672837,-31.191509683666162,0.5614900027389756,0.5209531635168447,-16.69746616454731,-31.451790660461924,0.6600667664326004,0.6332450788534592,-19.869572230794297
ES,False,relleno,EMA50,open sig.,VI usuario,8662,2.2580813347236703,0.6768644654814131,0.4249595936273378,0.7311053518065743,-1.450474041357157,-100.1152,0.37249399679814477,-0.5233909489725236,-26.16954744862618,-0.07740706534287693,-24.49694653299916,0.3182957393483709,0.6424394319131161,-33.11922014852218,-22.71091514143094,0.49168053244592347,0.7071547420965059,-7.290376527293434,-30.722574850299395,0.5860778443113772,0.7249251497005988,-8.691079661778383
ES,False,relleno,EMA50,open sig.,NULO (sin VI),25365,6.612356621480709,0.45302582298442734,0.4887837571456732,0.8176473265073214,-2.0144620431666405,-35.8652,0.3880780268368464,-0.6301729848099372,-31.50864924049686,-0.12822944055604413,-31.129767457028084,0.36616258539955476,0.3138097796883396,-55.63794622560247,-31.42774633116,0.5508079978088195,0.5209531635168447,-16.86476484574632,-32.110821396043825,0.6465983653735466,0.6332450788534592,-20.322095277135926
ES,False,relleno,ambas,cierre,VI usuario,8662,2.2580813347236703,0.6809051027476334,0.4234587854998845,0.7310377317339151,-1.4181635562675208,-100.3652,0.37861190124892613,-0.5080653890556452,-25.40326945278226,-0.06309166474255368,-23.371737677527147,0.31140350877192985,0.6449456975772765,-31.436155625501584,-21.941364392678867,0.5149750415973378,0.7154742096505824,-6.988218161488101,-30.60094311377245,0.5830838323353293,0.7297904191616766,-8.628781663135465
ES,False,relleno,ambas,cierre,NULO (sin VI),25254,6.583420229405631,0.4578680605052665,0.5056228716242971,0.8223597566269324,-2.0918079295154204,-141.3652,0.40207621655112635,-0.6183380956533904,-30.91690478266952,-0.11760511077970714,-30.876420077184253,0.377817227539364,0.31383142945353504,-53.08390663049231,-32.571260913839566,0.5629303222252823,0.5249242632883503,-15.78808770799672,-30.28433904273512,0.6726664359063113,0.6450905734394831,-17.126359125801496
ES,False,relleno,ambas,open sig.,VI usuario,8662,2.2580813347236703,0.6809051027476334,0.4285384437774186,0.7294255387931036,-1.4560585858585857,-100.1152,0.37566858920373114,-0.5194946201800968,-25.97473100900484,-0.0745208958670053,-24.47867167919799,0.3203842940685046,0.6449456975772765,-32.981285766942335,-22.15975041597337,0.49916805324459235,0.7154742096505824,-7.0906925246916375,-30.37171407185628,0.5905688622754491,0.7297904191616766,-8.584380018146868
ES,False,relleno,ambas,open sig.,NULO (sin VI),25254,6.583420229405631,0.4578680605052665,0.49544626593806923,0.8265014952153289,-2.0448043459241023,-141.3652,0.39689992701767735,-0.6222265885654039,-31.111329428270196,-0.12149360369172067,-30.692914365544823,0.3711793763507255,0.31383142945353504,-52.86959442293586,-32.80191362659088,0.5546681354998623,0.5249242632883503,-15.940906509850134,-31.028541188806425,0.6563978308526595,0.6450905734394831,-17.573341201399632
ES,True,borde,EMA20,cierre,VI usuario,5181,1.3506256517205422,0.6838448176027794,0.4198031268094962,0.7851448275862071,-1.4625053892215567,-42.1152,0.3884387822171562,-0.5189348002316153,-25.946740011580765,-0.07469600463231037,-22.560458715596322,0.30442035029190995,0.6718098415346122,-22.563546750760327,-21.474731585518096,0.46192259675405745,0.7128589263420724,-5.698062532157508,-31.851069626639756,0.5423814328960646,0.6866801210898082,-9.326485469040616
ES,True,borde,EMA20,cierre,NULO (sin VI),20965,5.4653284671532845,0.44073455759599334,0.4823753875506797,0.8279290313745699,-2.0120531146332485,-179.1152,0.3834633768528069,-0.6421156263157162,-32.105781315785805,-0.13709926571471467,-31.34221806990202,0.3593866866118175,0.3051608077786088,-53.012222143067824,-33.16389542284537,0.5361546151282905,0.5011662779073642,-13.779702590459904,-32.792582642517694,0.6411667583929554,0.6152999449642268,-16.057601683239724
ES,True,borde,EMA20,open sig.,VI usuario,5181,1.3506256517205422,0.6838448176027794,0.4257865276973557,0.7790656391659112,-1.502931092436975,-41.8652,0.3843735714189863,-0.5312876278710673,-26.564381393553365,-0.0870488322717622,-23.978306922435355,0.3060884070058382,0.6718098415346122,-24.02015720186202,-21.70881398252184,0.47191011235955055,0.7128589263420724,-5.783502891165587,-31.655560040363266,0.5519677093844602,0.6866801210898082,-9.293687923775954
ES,True,borde,EMA20,open sig.,NULO (sin VI),20965,5.4653284671532845,0.44073455759599334,0.4720725017886954,0.8303686833030002,-1.9734110014780246,-179.1152,0.3762598140567158,-0.6498237112191264,-32.49118556095632,-0.14480735061812489,-31.214132804382178,0.3529356768885565,0.3051608077786088,-52.81530455711875,-33.75536493300865,0.5231589470176607,0.5011662779073642,-14.045642715489372,-33.84858154180223,0.6263070996147496,0.6152999449642268,-16.59155670422766
ES,True,borde,EMA50,cierre,VI usuario,5179,1.3501042752867571,0.731608418613632,0.45896891291755165,0.7936136306268408,-1.6368809421841541,-100.3652,0.4112946655827997,-0.5213594902490828,-26.06797451245414,-0.08906159490249083,-21.19473728106755,0.3336113427856547,0.719349457881568,-18.68707485788721,-20.49158551810237,0.5093632958801498,0.7602996254681648,-5.008287217112977,-34.225909090909084,0.5904040404040404,0.7348484848484849,-7.610648214803129
ES,True,borde,EMA50,cierre,NULO (sin VI),20601,5.37043795620438,0.4582787243337702,0.508567545264793,0.8404014937689238,-2.1294680758593456,-71.8652,0.4084138764124975,-0.6190887990768895,-30.954439953844474,-0.11845848016033221,-31.221393942642194,0.37890625,0.3153582317073171,-48.51810897705213,-31.311156030292253,0.5747978436657682,0.5360512129380054,-12.481647101356248,-30.413500850395152,0.6717108028583438,0.6361216197281772,-16.80239603394626
ES,True,borde,EMA50,open sig.,VI usuario,5179,1.3501042752867571,0.731608418613632,0.4649546244448735,0.789285049833887,-1.6834966438108985,-100.1152,0.4074192815678183,-0.5337653601081289,-26.688268005406446,-0.10146746476153698,-22.612585487906582,0.3336113427856547,0.719349457881568,-19.95923465054039,-20.725667915106108,0.519350811485643,0.7602996254681648,-5.079152878550552,-34.03651515151515,0.602020202020202,0.7348484848484849,-7.58707475049699
ES,True,borde,EMA50,open sig.,NULO (sin VI),20601,5.37043795620438,0.4582787243337702,0.49905344400757246,0.8418210976596138,-2.089918706862547,-71.8652,0.40127866899610004,-0.6268238604816755,-31.341193024083775,-0.12619354156511814,-31.036085253617774,0.3743330792682927,0.3153582317073171,-48.20360326619217,-32.14926249929494,0.5626684636118598,0.5360512129380054,-12.830282585807064,-31.45385393992857,0.6560179347064593,0.6361216197281772,-17.392900457491095
ES,True,borde,ambas,cierre,VI usuario,5179,1.3501042752867571,0.731608418613632,0.45896891291755165,0.7936136306268408,-1.6368809421841541,-100.3652,0.4112946655827997,-0.5213594902490828,-26.06797451245414,-0.08906159490249083,-21.19473728106755,0.3336113427856547,0.719349457881568,-18.68707485788721,-20.49158551810237,0.5093632958801498,0.7602996254681648,-5.008287217112977,-34.225909090909084,0.5904040404040404,0.7348484848484849,-7.610648214803129
ES,True,borde,ambas,cierre,NULO (sin VI),20601,5.37043795620438,0.4582787243337702,0.508567545264793,0.8404014937689238,-2.1294680758593456,-71.8652,0.4084138764124975,-0.6190887990768895,-30.954439953844474,-0.11845848016033221,-31.221393942642194,0.37890625,0.3153582317073171,-48.51810897705213,-31.311156030292253,0.5747978436657682,0.5360512129380054,-12.481647101356248,-30.413500850395152,0.6717108028583438,0.6361216197281772,-16.80239603394626
ES,True,borde,ambas,open sig.,VI usuario,5179,1.3501042752867571,0.731608418613632,0.4649546244448735,0.789285049833887,-1.6834966438108985,-100.1152,0.4074192815678183,-0.5337653601081289,-26.688268005406446,-0.10146746476153698,-22.612585487906582,0.3336113427856547,0.719349457881568,-19.95923465054039,-20.725667915106108,0.519350811485643,0.7602996254681648,-5.079152878550552,-34.03651515151515,0.602020202020202,0.7348484848484849,-7.58707475049699
ES,True,borde,ambas,open sig.,NULO (sin VI),20601,5.37043795620438,0.4582787243337702,0.49905344400757246,0.8418210976596138,-2.089918706862547,-71.8652,0.40127866899610004,-0.6268238604816755,-31.341193024083775,-0.12619354156511814,-31.036085253617774,0.3743330792682927,0.3153582317073171,-48.20360326619217,-32.14926249929494,0.5626684636118598,0.5360512129380054,-12.830282585807064,-31.45385393992857,0.6560179347064593,0.6361216197281772,-17.392900457491095
ES,True,relleno,EMA20,cierre,VI usuario,7751,2.020594369134515,0.6361759772932525,0.3915623790478648,0.7270570016474466,-1.3287284139100932,-42.1152,0.3521414416763035,-0.5237601857824795,-26.188009289123976,-0.0676041801057928,-24.314823039555858,0.29030765671987047,0.6049040018505667,-34.74772368952846,-23.28806361085126,0.4752104770813845,0.6716557530402245,-7.450860381775842,-30.934862229758366,0.5392115303094531,0.6774056803730394,-10.208007622376165
ES,True,relleno,EMA20,cierre,NULO (sin VI),20965,5.4653284671532845,0.44073455759599334,0.4823753875506797,0.8279290313745699,-2.0120531146332485,-179.1152,0.3834633768528069,-0.6421156263157162,-32.105781315785805,-0.13709926571471467,-31.34221806990202,0.3593866866118175,0.3051608077786088,-53.012222143067824,-33.16389542284537,0.5361546151282905,0.5011662779073642,-13.779702590459904,-32.792582642517694,0.6411667583929554,0.6152999449642268,-16.057601683239724
ES,True,relleno,EMA20,open sig.,VI usuario,7751,2.020594369134515,0.6361759772932525,0.39233647271319827,0.7299167379151597,-1.3541596602972399,-41.8652,0.3480158015908207,-0.5365004773577602,-26.82502386788801,-0.0803444716810734,-25.4396206338191,0.29493407356002777,0.6049040018505667,-36.43452474574663,-23.580392890551916,0.46117867165575305,0.6716557530402245,-7.57831633678806,-30.83418397626112,0.539635438745231,0.6774056803730394,-10.203234434464848
ES,True,relleno,EMA20,open sig.,NULO (sin VI),20965,5.4653284671532845,0.44073455759599334,0.4720725017886954,0.8303686833030002,-1.9734110014780246,-179.1152,0.3762598140567158,-0.6498237112191264,-32.49118556095632,-0.14480735061812489,-31.214132804382178,0.3529356768885565,0.3051608077786088,-52.81530455711875,-33.75536493300865,0.5231589470176607,0.5011662779073642,-14.045642715489372,-33.84858154180223,0.6263070996147496,0.6152999449642268,-16.59155670422766
ES,True,relleno,EMA50,cierre,VI usuario,7745,2.0190302398331594,0.6817301484828922,0.42543576500968366,0.7360139605462824,-1.446773033707865,-100.3652,0.37668736622689175,-0.5181373789541639,-25.906868947708194,-0.07336991607488702,-22.994892336188926,0.3165084510303311,0.6499189627228525,-29.204072988858112,-22.071973807296537,0.5163704396632367,0.7146866230121609,-6.521096710036743,-32.98210436996181,0.5837929571489181,0.725074246924056,-8.372571874191888
ES,True,relleno,EMA50,cierre,NULO (sin VI),20601,5.37043795620438,0.4582787243337702,0.508567545264793,0.8404014937689238,-2.1294680758593456,-71.8652,0.4084138764124975,-0.6190887990768895,-30.954439953844474,-0.11845848016033221,-31.221393942642194,0.37890625,0.3153582317073171,-48.51810897705213,-31.311156030292253,0.5747978436657682,0.5360512129380054,-12.481647101356248,-30.413500850395152,0.6717108028583438,0.6361216197281772,-16.80239603394626
ES,True,relleno,EMA50,open sig.,VI usuario,7745,2.0190302398331594,0.6817301484828922,0.4287927695287282,0.7359743450767842,-1.4818930379746835,-100.1152,0.37282032042368957,-0.530887540348612,-26.544377017430598,-0.08612007746933506,-24.117837462375544,0.32461217874507986,0.6499189627228525,-30.68477621433932,-22.364303086997186,0.5014031805425632,0.7146866230121609,-6.636098706930298,-32.88664403903267,0.5867628341111583,0.725074246924056,-8.368481724245227
ES,True,relleno,EMA50,open sig.,NULO (sin VI),20601,5.37043795620438,0.4582787243337702,0.49905344400757246,0.8418210976596138,-2.089918706862547,-71.8652,0.40127866899610004,-0.6268238604816755,-31.341193024083775,-0.12619354156511814,-31.036085253617774,0.3743330792682927,0.3153582317073171,-48.20360326619217,-32.14926249929494,0.5626684636118598,0.5360512129380054,-12.830282585807064,-31.45385393992857,0.6560179347064593,0.6361216197281772,-17.392900457491095
ES,True,relleno,ambas,cierre,VI usuario,7745,2.0190302398331594,0.6817301484828922,0.42543576500968366,0.7360139605462824,-1.446773033707865,-100.3652,0.37668736622689175,-0.5181373789541639,-25.906868947708194,-0.07336991607488702,-22.994892336188926,0.3165084510303311,0.6499189627228525,-29.204072988858112,-22.071973807296537,0.5163704396632367,0.7146866230121609,-6.521096710036743,-32.98210436996181,0.5837929571489181,0.725074246924056,-8.372571874191888
ES,True,relleno,ambas,cierre,NULO (sin VI),20601,5.37043795620438,0.4582787243337702,0.508567545264793,0.8404014937689238,-2.1294680758593456,-71.8652,0.4084138764124975,-0.6190887990768895,-30.954439953844474,-0.11845848016033221,-31.221393942642194,0.37890625,0.3153582317073171,-48.51810897705213,-31.311156030292253,0.5747978436657682,0.5360512129380054,-12.481647101356248,-30.413500850395152,0.6717108028583438,0.6361216197281772,-16.80239603394626
ES,True,relleno,ambas,open sig.,VI usuario,7745,2.0190302398331594,0.6817301484828922,0.4287927695287282,0.7359743450767842,-1.4818930379746835,-100.1152,0.37282032042368957,-0.530887540348612,-26.544377017430598,-0.08612007746933506,-24.117837462375544,0.32461217874507986,0.6499189627228525,-30.68477621433932,-22.364303086997186,0.5014031805425632,0.7146866230121609,-6.636098706930298,-32.88664403903267,0.5867628341111583,0.725074246924056,-8.368481724245227
ES,True,relleno,ambas,open sig.,NULO (sin VI),20601,5.37043795620438,0.4582787243337702,0.49905344400757246,0.8418210976596138,-2.089918706862547,-71.8652,0.40127866899610004,-0.6268238604816755,-31.341193024083775,-0.12619354156511814,-31.036085253617774,0.3743330792682927,0.3153582317073171,-48.20360326619217,-32.14926249929494,0.5626684636118598,0.5360512129380054,-12.830282585807064,-31.45385393992857,0.6560179347064593,0.6361216197281772,-17.392900457491095
YM,False,borde,EMA20,cierre,VI usuario,10762,2.804795413083138,0.6985690392120424,0.44536331536889057,6.346852493219276,-10.062035181772492,-650.152,0.5064988033357414,-2.7541185653224316,-13.770592826612159,-0.30068760453447313,-13.061038062283743,0.32569204152249137,0.6810121107266436,-22.295636301010497,-13.33287328970851,0.5252825698988697,0.726948245092207,-5.084906326640267,-14.671824096926189,0.5393762620596814,0.7060803230872784,-9.780560522149772
YM,False,borde,EMA20,cierre,NULO (sin VI),26757,6.973416731821736,0.612624733714542,0.607056097469821,3.621797752830626,-14.304391950486318,-650.152,0.3911587638309565,-3.4221891866870466,-17.110945933435232,-0.8828139204015877,-17.099234302089968,0.5104460348442131,0.5103737439456373,-45.791987584627364,-15.580070766939011,0.6918932786044125,0.7060030785017958,-10.729691761227578,-17.79002397414001,0.7184799468202969,0.7290050963882119,-19.850860781201085
YM,False,borde,EMA20,open sig.,VI usuario,10762,2.804795413083138,0.6985690392120424,0.4409960973796692,6.351581963758954,-10.089998670212767,-630.152,0.49660456115763457,-2.8393257758780903,-14.196628879390452,-0.38589481509013196,-13.488157439446374,0.31920415224913495,0.6810121107266436,-23.152852202892678,-13.428054729327785,0.5229030339083879,0.726948245092207,-5.136080053027414,-15.221521202602652,0.5364595019071124,0.7060803230872784,-10.252444827097518
YM,False,borde,EMA20,open sig.,NULO (sin VI),26757,6.973416731821736,0.612624733714542,0.5587696677504952,3.9167336362438503,-12.797272629482219,-649.152,0.38759135172115616,-3.4579929016027693,-17.289964508013846,-0.9186176353173107,-17.191405197774202,0.47972240294946866,0.5103737439456373,-46.25280604565645,-15.733995856728649,0.638276038994356,0.7060030785017958,-10.882951879846683,-18.112979879302873,0.6455794371814757,0.7290050963882119,-20.285704208351937
YM,False,borde,EMA50,cierre,VI usuario,10759,2.804013552254365,0.7384515289525049,0.4799702574588716,6.4384337722695575,-11.050302055406613,-1039.152,0.537764619796967,-2.656229017566689,-13.281145087833446,-0.24268054651919324,-12.61485615401255,0.3508544235345014,0.7203114860480208,-20.115696346522835,-11.24483045806068,0.5663295657346817,0.7620464009518144,-4.104512540304293,-14.740920314253653,0.5813692480359147,0.7483726150392817,-7.7595385164926265
YM,False,borde,EMA50,cierre,NULO (sin VI),26518,6.911128485796195,0.6318349800135756,0.6321743721245946,3.717609778739988,-14.981374450619843,-971.152,0.42648822353506416,-3.160355836056594,-15.80177918028297,-0.6401908160701691,-16.549977867525488,0.5328504536142815,0.5263388937664618,-43.10621157231841,-13.018577277788886,0.7077955601445535,0.7129581827568404,-10.514835521187262,-15.863693675941551,0.7507798573975044,0.7574643493761141,-14.648927097326764
YM,False,borde,EMA50,open sig.,VI usuario,10759,2.804013552254365,0.7384515289525049,0.47699600334603587,6.439387373343725,-11.113969077661277,-1019.152,0.5284271220402778,-2.7410882052235346,-13.705441026117672,-0.32753973417603865,-13.037741726151852,0.34523036988968203,0.7203114860480208,-20.866220756547623,-11.340011897679954,0.5633551457465794,0.7620464009518144,-4.150005097632868,-15.29086419753087,0.5811447811447812,0.7483726150392817,-8.121531452462524
YM,False,borde,EMA50,open sig.,NULO (sin VI),26518,6.911128485796195,0.6318349800135756,0.5848857379892903,4.013409058592092,-13.341141947611927,-957.152,0.42386133190275244,-3.19071257487551,-15.95356287437755,-0.6705475548890846,-16.59790002146169,0.5031460345332163,0.5263388937664618,-43.38915659273417,-13.280580375362451,0.656943727413526,0.7129581827568404,-10.744528607977411,-16.12605998610198,0.67825311942959,0.7574643493761141,-14.97475306191964
YM,False,borde,ambas,cierre,VI usuario,10758,2.803752931978108,0.741494701617401,0.4821528165086447,6.430417582417583,-11.159539041464729,-1039.152,0.5365077624837478,-2.678491912994981,-13.392459564974907,-0.2679866146123815,-12.556841194288193,0.3524448290783211,0.7232799653829511,-19.98424288033702,-11.786174895895304,0.5693039857227841,0.7656157049375372,-4.261764831344736,-14.865499438832778,0.5838383838383838,0.7512906846240179,-7.796865031202988
YM,False,borde,ambas,cierre,NULO (sin VI),26429,6.887933281209278,0.633887018048356,0.6330924363388701,3.6907520030341128,-15.74599815787421,-235.152,0.40444095585202483,-3.440738643994833,-17.203693219974166,-0.9226256620431881,-16.885251917694383,0.5407369348209042,0.5354521432765708,-42.804645794483314,-18.145008148041992,0.6953814218993254,0.6995329527763363,-13.32801812478518,-17.2830828490085,0.7468439280527316,0.7554463188470562,-17.77404732315798
YM,False,borde,ambas,open sig.,VI usuario,10758,2.803752931978108,0.741494701617401,0.47908533184606805,6.43298253783469,-11.22123625981442,-1019.152,0.5272516575332077,-2.763358988659603,-13.816794943298014,-0.35285369027700314,-12.9798182604933,0.34660320207702294,0.7232799653829511,-20.735915960457653,-11.881356335514576,0.5663295657346817,0.7656157049375372,-4.307382917209292,-15.415443322109994,0.5836139169472503,0.7512906846240179,-8.157464329472903
YM,False,borde,ambas,open sig.,NULO (sin VI),26429,6.887933281209278,0.633887018048356,0.5833364864353551,3.9947747155613564,-13.938950545945229,-236.152,0.40123229768768376,-3.477554263201008,-17.38777131600504,-0.9594412812493631,-16.996452739773066,0.5102025836758661,0.5354521432765708,-43.20662177226791,-18.362963519085067,0.640373637778931,0.6995329527763363,-13.503215202279303,-17.563498445031293,0.6700927270696012,0.7554463188470562,-18.13196066106717
YM,False,relleno,EMA20,cierre,VI usuario,13039,3.3982277821214493,0.677352557711481,0.4392207991410384,6.302339095512485,-9.897213347921225,-650.152,0.49874646986923465,-2.7820329779891106,-13.910164889945554,-0.3073855357005905,-13.6368472906404,0.3249589490968801,0.6507389162561577,-27.466289923143545,-12.591963001027754,0.5179856115107914,0.7214799588900308,-5.365024283284807,-14.755602638416953,0.547671397161703,0.6925844493304018,-10.499149264209326
YM,False,relleno,EMA20,cierre,NULO (sin VI),26757,6.973416731821736,0.612624733714542,0.607056097469821,3.621797752830626,-14.304391950486318,-650.152,0.3911587638309565,-3.4221891866870466,-17.110945933435232,-0.8828139204015877,-17.099234302089968,0.5104460348442131,0.5103737439456373,-45.791987584627364,-15.580070766939011,0.6918932786044125,0.7060030785017958,-10.729691761227578,-17.79002397414001,0.7184799468202969,0.7290050963882119,-19.850860781201085
YM,False,relleno,EMA20,open sig.,VI usuario,13039,3.3982277821214493,0.677352557711481,0.4330853593066953,6.327723747122365,-9.86587987012987,-630.152,0.48996777450114753,-2.852667229081986,-14.26333614540993,-0.37801978679346576,-14.032577996715933,0.3169129720853859,0.6507389162561577,-28.423100917344392,-12.579116135662902,0.5190133607399794,0.7214799588900308,-5.375881494292242,-15.19933639816111,0.5410753547871278,0.6925844493304018,-10.924691861414045
YM,False,relleno,EMA20,open sig.,NULO (sin VI),26757,6.973416731821736,0.612624733714542,0.5587696677504952,3.9167336362438503,-12.797272629482219,-649.152,0.38759135172115616,-3.4579929016027693,-17.289964508013846,-0.9186176353173107,-17.191405197774202,0.47972240294946866,0.5103737439456373,-46.25280604565645,-15.733995856728649,0.638276038994356,0.7060030785017958,-10.882951879846683,-18.112979879302873,0.6455794371814757,0.7290050963882119,-20.285704208351937
YM,False,relleno,EMA50,cierre,VI usuario,13032,3.3964034401876466,0.7142418661755678,0.47206875383670965,6.398065019505851,-10.837319767441858,-1039.152,0.5279036318835806,-2.7010331491712716,-13.505165745856358,-0.26327501534683856,-13.241517989157225,0.34926893379333007,0.6868736651881058,-24.78975222591177,-10.816526207605348,0.5549845837615622,0.7512846865364851,-4.402046273822974,-14.872822564512907,0.5893178635727145,0.7331466293258652,-8.422782934925914
YM,False,relleno,EMA50,cierre,NULO (sin VI),26518,6.911128485796195,0.6318349800135756,0.6321743721245946,3.717609778739988,-14.981374450619843,-971.152,0.42648822353506416,-3.160355836056594,-15.80177918028297,-0.6401908160701691,-16.549977867525488,0.5328504536142815,0.5263388937664618,-43.10621157231841,-13.018577277788886,0.7077955601445535,0.7129581827568404,-10.514835521187262,-15.863693675941551,0.7507798573975044,0.7574643493761141,-14.648927097326764
YM,False,relleno,EMA50,open sig.,VI usuario,13032,3.3964034401876466,0.7142418661755678,0.4669275629220381,6.422856203779785,-10.825096300561391,-1019.152,0.5197083734963022,-2.771551872314304,-13.85775936157152,-0.3337937384898711,-13.634158041728277,0.3423689830786923,0.6868736651881058,-25.638962709737452,-10.803679342240498,0.5570400822199383,0.7512846865364851,-4.409045150067172,-15.318911782356475,0.5835167033406682,0.7331466293258652,-8.752246560691086
YM,False,relleno,EMA50,open sig.,NULO (sin VI),26518,6.911128485796195,0.6318349800135756,0.5848857379892903,4.013409058592092,-13.341141947611927,-957.152,0.42386133190275244,-3.19071257487551,-15.95356287437755,-0.6705475548890846,-16.59790002146169,0.5031460345332163,0.5263388937664618,-43.38915659273417,-13.280580375362451,0.656943727413526,0.7129581827568404,-10.744528607977411,-16.12605998610198,0.67825311942959,0.7574643493761141,-14.97475306191964
YM,False,relleno,ambas,cierre,VI usuario,13031,3.396142819911389,0.7179034609776687,0.4744071828716138,6.390542866386282,-10.96233727551467,-1039.152,0.5261825327744494,-2.7300062926866713,-13.650031463433356,-0.29590975366433886,-13.210706539599087,0.35113374958922117,0.6910943148209004,-24.64452332746774,-11.523103802672152,0.5585817060637205,0.7553956834532374,-4.6342937949774194,-15.012850570114027,0.5917183436687338,0.7359471894378876,-8.469811436685369
YM,False,relleno,ambas,cierre,NULO (sin VI),26429,6.887933281209278,0.633887018048356,0.6330924363388701,3.6907520030341128,-15.74599815787421,-235.152,0.40444095585202483,-3.440738643994833,-17.203693219974166,-0.9226256620431881,-16.885251917694383,0.5407369348209042,0.5354521432765708,-42.804645794483314,-18.145008148041992,0.6953814218993254,0.6995329527763363,-13.32801812478518,-17.2830828490085,0.7468439280527316,0.7554463188470562,-17.77404732315798
YM,False,relleno,ambas,open sig.,VI usuario,13031,3.396142819911389,0.7179034609776687,0.46941907758422224,6.413636750040869,-10.952549609487994,-1019.152,0.5180816800290649,-2.8005304274422542,-14.002652137211271,-0.36643388841992175,-13.60341110745975,0.3443969766677621,0.6910943148209004,-25.492060787367326,-11.5102569373073,0.5601233299075026,0.7553956834532374,-4.642012868069004,-15.458939787957595,0.5863172634526905,0.7359471894378876,-8.79791582426886
YM,False,relleno,ambas,open sig.,NULO (sin VI),26429,6.887933281209278,0.633887018048356,0.5833364864353551,3.9947747155613564,-13.938950545945229,-236.152,0.40123229768768376,-3.477554263201008,-17.38777131600504,-0.9594412812493631,-16.996452739773066,0.5102025836758661,0.5354521432765708,-43.20662177226791,-18.362963519085067,0.640373637778931,0.6995329527763363,-13.503215202279303,-17.563498445031293,0.6700927270696012,0.7554463188470562,-18.13196066106717
YM,True,borde,EMA20,cierre,VI usuario,9733,2.5366171488141775,0.6961882256241652,0.4483715195725881,6.407120073327222,-10.044158688768858,-650.152,0.5184902993464063,-2.6678738312955934,-13.339369156477968,-0.21206205691975752,-13.058550035654866,0.32945091514143093,0.678630853339672,-21.046553219834653,-12.716953642384112,0.5271523178807948,0.7264900662251655,-4.4836171951947525,-13.86756972111554,0.5433266932270916,0.703187250996016,-8.723146257052242
YM,True,borde,EMA20,cierre,NULO (sin VI),21835,5.690643732082356,0.6139226013281429,0.6114953057018548,3.768785513953902,-14.219228544629832,-157.152,0.41717881288532405,-3.21964238890691,-16.09821194453455,-0.6815649902350518,-16.57708742797623,0.5189739053516144,0.5144626271561256,-41.08205057884023,-14.685579977023638,0.681131468981035,0.6933461909353905,-10.778437252538279,-15.960863341032494,0.7232780698207305,0.7321741474592263,-15.995442193790225
YM,True,borde,EMA20,open sig.,VI usuario,9733,2.5366171488141775,0.6961882256241652,0.44446727627658483,6.38059361997226,-10.083570186794896,-630.152,0.5062638357338626,-2.7657881434295706,-13.828940717147853,-0.3099763690537347,-13.501858806750658,0.3242215355360114,0.678630853339672,-21.883252762387293,-12.918940397350998,0.5245033112582781,0.7264900662251655,-4.5683382304390125,-14.513735059760961,0.5403386454183267,0.703187250996016,-9.234397263170331
YM,True,borde,EMA20,open sig.,NULO (sin VI),21835,5.690643732082356,0.6139226013281429,0.563453171513625,4.055685353595027,-12.727548097677506,-153.152,0.41128843502372786,-3.2709819813044367,-16.354909906522185,-0.7329045826325787,-16.66863983841409,0.48898717381689516,0.5144626271561256,-41.46908018861111,-15.079344040025887,0.630665380906461,0.6933461909353905,-11.149082121307421,-16.411732730438075,0.6487397223345465,0.7321741474592263,-16.486600880393624
YM,True,borde,EMA50,cierre,VI usuario,9729,2.535574667709148,0.743652996196937,0.48905334566759173,6.493229087852038,-11.272700060350028,-1039.152,0.5513323151415062,-2.584212971528421,-12.921064857642106,-0.17586596772535718,-12.504351961950064,0.35885850178359097,0.725089179548157,-18.695448676171015,-10.995099337748348,0.5761589403973509,0.7695364238410596,-3.664753312781323,-14.082122571001499,0.5926756352765321,0.7533632286995515,-6.8443202764605005
YM,True,borde,EMA50,cierre,NULO (sin VI),21536,5.612718269481365,0.638651560178306,0.6380479197622585,3.93180056702977,-15.630828918248367,-238.152,0.443416338404158,-3.1489338700868297,-15.744669350434148,-0.6355854302651353,-15.812220073667525,0.5456020187454939,0.5385724585436193,-35.8013850846374,-13.943483798112721,0.7098445595854922,0.721178756476684,-9.553261334475618,-16.39925560731269,0.7474156692056583,0.7550326441784548,-14.645147218127475
YM,True,borde,EMA50,open sig.,VI usuario,9729,2.535574667709148,0.743652996196937,0.486586493987049,6.4667156738487535,-11.352200200200198,-1019.152,0.5398790637172811,-2.6817563983965473,-13.408781991982737,-0.2734093945934834,-12.943115338882286,0.35434007134363854,0.725089179548157,-19.42351295516677,-11.197086092715235,0.5728476821192053,0.7695364238410596,-3.74190338555155,-14.728609865470855,0.5926756352765321,0.7533632286995515,-7.22644404492194
YM,True,borde,EMA50,open sig.,NULO (sin VI),21536,5.612718269481365,0.638651560178306,0.5921712481426449,4.2236148928231465,-13.962905676234037,-234.152,0.43921583092666233,-3.1933710914835607,-15.966855457417804,-0.6800226516618664,-15.920817766529819,0.5183850036049027,0.5385724585436193,-36.140839116790275,-14.366087425055728,0.6564119170984456,0.721178756476684,-9.880343925294657,-16.70869521558255,0.676550598476605,0.7550326441784548,-14.941565524493512
YM,True,borde,ambas,cierre,VI usuario,9729,2.535574667709148,0.743652996196937,0.48905334566759173,6.493229087852038,-11.272700060350028,-1039.152,0.5513323151415062,-2.584212971528421,-12.921064857642106,-0.17586596772535718,-12.504351961950064,0.35885850178359097,0.725089179548157,-18.695448676171015,-10.995099337748348,0.5761589403973509,0.7695364238410596,-3.664753312781323,-14.082122571001499,0.5926756352765321,0.7533632286995515,-6.8443202764605005
YM,True,borde,ambas,cierre,NULO (sin VI),21536,5.612718269481365,0.638651560178306,0.6380479197622585,3.93180056702977,-15.630828918248367,-238.152,0.443416338404158,-3.1489338700868297,-15.744669350434148,-0.6355854302651353,-15.812220073667525,0.5456020187454939,0.5385724585436193,-35.8013850846374,-13.943483798112721,0.7098445595854922,0.721178756476684,-9.553261334475618,-16.39925560731269,0.7474156692056583,0.7550326441784548,-14.645147218127475
YM,True,borde,ambas,open sig.,VI usuario,9729,2.535574667709148,0.743652996196937,0.486586493987049,6.4667156738487535,-11.352200200200198,-1019.152,0.5398790637172811,-2.6817563983965473,-13.408781991982737,-0.2734093945934834,-12.943115338882286,0.35434007134363854,0.725089179548157,-19.42351295516677,-11.197086092715235,0.5728476821192053,0.7695364238410596,-3.74190338555155,-14.728609865470855,0.5926756352765321,0.7533632286995515,-7.22644404492194
YM,True,borde,ambas,open sig.,NULO (sin VI),21536,5.612718269481365,0.638651560178306,0.5921712481426449,4.2236148928231465,-13.962905676234037,-234.152,0.43921583092666233,-3.1933710914835607,-15.966855457417804,-0.6800226516618664,-15.920817766529819,0.5183850036049027,0.5385724585436193,-36.140839116790275,-14.366087425055728,0.6564119170984456,0.721178756476684,-9.880343925294657,-16.70869521558255,0.676550598476605,0.7550326441784548,-14.941565524493512
YM,True,relleno,EMA20,cierre,VI usuario,11683,3.044826687516289,0.67397072669691,0.44483437473251736,6.362142774677698,-9.9501806968856,-650.152,0.512328146303713,-2.693898484978174,-13.46949242489087,-0.21586921167508347,-13.631115173674594,0.33217550274223034,0.646800731261426,-25.678947849939085,-11.552964244521341,0.5253748558246828,0.7202998846597463,-4.550196989538736,-14.01407457021657,0.551239115874079,0.6892163429336906,-9.358122756659975
YM,True,relleno,EMA20,cierre,NULO (sin VI),21835,5.690643732082356,0.6139226013281429,0.6114953057018548,3.768785513953902,-14.219228544629832,-157.152,0.41717881288532405,-3.21964238890691,-16.09821194453455,-0.6815649902350518,-16.57708742797623,0.5189739053516144,0.5144626271561256,-41.08205057884023,-14.685579977023638,0.681131468981035,0.6933461909353905,-10.778437252538279,-15.960863341032494,0.7232780698207305,0.7321741474592263,-15.995442193790225
YM,True,relleno,EMA20,open sig.,VI usuario,11683,3.044826687516289,0.67397072669691,0.43678849610545234,6.3886623554771695,-9.884218844984803,-630.152,0.501264857431391,-2.7764115381323298,-13.882057690661648,-0.2983822648292391,-14.032394881170022,0.32248628884826325,0.646800731261426,-26.590169370215754,-11.659653979238758,0.5207612456747405,0.7202998846597463,-4.607313353792109,-14.558839026568435,0.5438713998660415,0.6892163429336906,-9.83091074697645
YM,True,relleno,EMA20,open sig.,NULO (sin VI),21835,5.690643732082356,0.6139226013281429,0.563453171513625,4.055685353595027,-12.727548097677506,-153.152,0.41128843502372786,-3.2709819813044367,-16.354909906522185,-0.7329045826325787,-16.66863983841409,0.48898717381689516,0.5144626271561256,-41.46908018861111,-15.079344040025887,0.630665380906461,0.6933461909353905,-11.149082121307421,-16.411732730438075,0.6487397223345465,0.7321741474592263,-16.486600880393624
YM,True,relleno,EMA50,cierre,VI usuario,11675,3.0427417253062288,0.7192291220556745,0.48411134903640257,6.453803255484784,-11.165448447617466,-1039.152,0.5424114405258889,-2.6357687366167033,-13.178843683083517,-0.20299785867237688,-13.156633735821448,0.36132455177460665,0.6917306988657154,-22.819233954851168,-10.353425605536335,0.5709342560553633,0.7583621683967705,-3.8335716638039603,-14.300782122905032,0.6004469273743017,0.7376536312849162,-7.436004658489934
YM,True,relleno,EMA50,cierre,NULO (sin VI),21536,5.612718269481365,0.638651560178306,0.6380479197622585,3.93180056702977,-15.630828918248367,-238.152,0.443416338404158,-3.1489338700868297,-15.744669350434148,-0.6355854302651353,-15.812220073667525,0.5456020187454939,0.5385724585436193,-35.8013850846374,-13.943483798112721,0.7098445595854922,0.721178756476684,-9.553261334475618,-16.39925560731269,0.7474156692056583,0.7550326441784548,-14.645147218127475
YM,True,relleno,EMA50,open sig.,VI usuario,11675,3.0427417253062288,0.7192291220556745,0.4773447537473233,6.477822357796518,-11.116929531301214,-1019.152,0.5321830291111274,-2.7181670235546047,-13.590835117773024,-0.2853961456102784,-13.554548115623861,0.3530918404683498,0.6917306988657154,-23.618355245374715,-10.46011534025375,0.5668973471741637,0.7583621683967705,-3.8845678158433956,-14.848268156424584,0.5944134078212291,0.7376536312849162,-7.792657272978375
YM,True,relleno,EMA50,open sig.,NULO (sin VI),21536,5.612718269481365,0.638651560178306,0.5921712481426449,4.2236148928231465,-13.962905676234037,-234.152,0.43921583092666233,-3.1933710914835607,-15.966855457417804,-0.6800226516618664,-15.920817766529819,0.5183850036049027,0.5385724585436193,-36.140839116790275,-14.366087425055728,0.6564119170984456,0.721178756476684,-9.880343925294657,-16.70869521558255,0.676550598476605,0.7550326441784548,-14.941565524493512
YM,True,relleno,ambas,cierre,VI usuario,11675,3.0427417253062288,0.7192291220556745,0.48411134903640257,6.453803255484784,-11.165448447617466,-1039.152,0.5424114405258889,-2.6357687366167033,-13.178843683083517,-0.20299785867237688,-13.156633735821448,0.36132455177460665,0.6917306988657154,-22.819233954851168,-10.353425605536335,0.5709342560553633,0.7583621683967705,-3.8335716638039603,-14.300782122905032,0.6004469273743017,0.7376536312849162,-7.436004658489934
YM,True,relleno,ambas,cierre,NULO (sin VI),21536,5.612718269481365,0.638651560178306,0.6380479197622585,3.93180056702977,-15.630828918248367,-238.152,0.443416338404158,-3.1489338700868297,-15.744669350434148,-0.6355854302651353,-15.812220073667525,0.5456020187454939,0.5385724585436193,-35.8013850846374,-13.943483798112721,0.7098445595854922,0.721178756476684,-9.553261334475618,-16.39925560731269,0.7474156692056583,0.7550326441784548,-14.645147218127475
YM,True,relleno,ambas,open sig.,VI usuario,11675,3.0427417253062288,0.7192291220556745,0.4773447537473233,6.477822357796518,-11.116929531301214,-1019.152,0.5321830291111274,-2.7181670235546047,-13.590835117773024,-0.2853961456102784,-13.554548115623861,0.3530918404683498,0.6917306988657154,-23.618355245374715,-10.46011534025375,0.5668973471741637,0.7583621683967705,-3.8845678158433956,-14.848268156424584,0.5944134078212291,0.7376536312849162,-7.792657272978375
YM,True,relleno,ambas,open sig.,NULO (sin VI),21536,5.612718269481365,0.638651560178306,0.5921712481426449,4.2236148928231465,-13.962905676234037,-234.152,0.43921583092666233,-3.1933710914835607,-15.966855457417804,-0.6800226516618664,-15.920817766529819,0.5183850036049027,0.5385724585436193,-36.140839116790275,-14.366087425055728,0.6564119170984456,0.721178756476684,-9.880343925294657,-16.70869521558255,0.676550598476605,0.7550326441784548,-14.941565524493512
