sym,tf,k,n,p_relleno,nulo,exceso,dist_media,neto_pts,wr_neto,DEV_exceso,DEV_neto_atr%,VAL1_exceso,VAL1_neto_atr%,VAL2_exceso,VAL2_neto_atr%
NQ,1,0.5,200189,0.26522935825644767,0.3333333333333333,-0.06810397507688565,4.3781688804080146,-1.0201168995299443,0.22481255213822937,-0.032809653045882514,-1.8620577023395084,-0.0801546227078142,-0.7730835569551092,-0.09457177411029008,-0.48283995605076946
NQ,1,1.0,200189,0.4195435313628621,0.5,-0.0804564686371379,4.3781688804080146,-1.0932765136945586,0.35370574806807564,-0.03962004510530942,-1.9092915348023474,-0.0926777841671459,-0.8128642389415783,-0.11167647449227908,-0.525000841193194
NQ,1,2.0,200189,0.606491865187398,0.6666666666666666,-0.06017480147926868,4.3781688804080146,-1.0322204616637276,0.5032943868044698,-0.017940190869360162,-1.829030048025792,-0.07005942112325092,-0.7655737643556851,-0.09341769538221023,-0.49091006120502606
NQ,1,4.0,200189,0.7661010345223763,0.8,-0.03389896547762372,4.3781688804080146,-0.9262443590806686,0.6276618595427321,-0.0011263585744684113,-1.7059209815433276,-0.04119864545396468,-0.7239268825792425,-0.059822574222379576,-0.43212392102776237
NQ,5,0.5,41050,0.29373934226552983,0.3333333333333333,-0.03959399106780348,8.645919610231426,-0.9585359317904992,0.2749086479902558,-0.025008911652689425,-1.983062247643638,-0.04435000544840362,-0.6869912856487861,-0.052995436450140765,-0.45619510937996977
NQ,5,1.0,41050,0.46,0.5,-0.03999999999999998,8.645919610231426,-0.8777807551766137,0.4289890377588307,-0.022598075083019087,-1.9352939123136355,-0.045112781954887216,-0.6473543704487076,-0.05618992135158751,-0.405897349800227
NQ,5,2.0,41050,0.6326674786845311,0.6666666666666666,-0.033999187982135526,8.645919610231426,-0.8786151035322776,0.5842874543239951,-0.016922759422900113,-1.901156344081989,-0.03884711779448613,-0.6656021493374624,-0.049946596756966666,-0.4241175418414997
NQ,5,4.0,41050,0.7607064555420219,0.8,-0.03929354445797817,8.645919610231426,-1.061215590742996,0.6958830694275274,-0.028794956942646555,-2.0042693595459524,-0.03700555737169009,-0.6303538580175619,-0.05097582289542679,-0.5592723101792202
NQ,15,0.5,14393,0.2886125199749878,0.3333333333333333,-0.04472081335834549,14.28918571527826,-1.1816809560202874,0.28486069617175014,-0.03835916705808673,-2.3059857767529905,-0.04555348258706465,-0.8680486625151788,-0.05134766291368131,-0.6149701248844105
NQ,15,1.0,14393,0.44834294448690337,0.5,-0.05165705551309663,14.28918571527826,-1.1341231154033207,0.44132564441047734,-0.043760764051980594,-2.4293274450937647,-0.05550373134328357,-0.8529131466256353,-0.05885363357215967,-0.5868693614006556
NQ,15,2.0,14393,0.6050858055999444,0.6666666666666666,-0.061580861066722226,14.28918571527826,-1.32628249843674,0.5925102480372403,-0.05777360263034281,-2.5895400641598965,-0.05659203980099503,-0.62457773402775,-0.06755373592630498,-0.7410435548649646
NQ,15,4.0,14393,0.7029806155770166,0.8,-0.09701938442298341,14.28918571527826,-1.4179590078510387,0.6826234975335232,-0.10530765617660875,-2.9463736233173297,-0.07611940298507469,-0.10879391022521384,-0.09563288979870355,-0.955539903347378
ES,1,0.5,102840,0.29828860365616494,0.3333333333333333,-0.035044729677168374,1.3158547257876312,-0.6545450991831971,0.22826721120186697,0.0021685473886746687,-3.5907586755581367,-0.041831846712917065,-1.9712008228074012,-0.06798724441943349,-1.3545224664662543
ES,1,1.0,102840,0.4781505250875146,0.5,-0.0218494749124854,1.3158547257876312,-0.6540807856865032,0.34004278490859585,0.03026897873246437,-3.382944787182348,-0.030537661050545117,-1.9128156037431276,-0.0682836240855374,-1.404274243759469
ES,1,2.0,102840,0.6738234150136134,0.6666666666666666,0.007156748346946795,1.3158547257876312,-0.5975876896149357,0.46954492415402566,0.05545961376199604,-2.929082918565687,-0.002085398083911394,-1.7833008659707832,-0.035445507409491595,-1.3281800577870093
ES,1,4.0,102840,0.8172598210812914,0.8,0.017259821081291316,1.3158547257876312,-0.5337287825748736,0.5653150525087515,0.040103143999432156,-2.69101600830297,0.017641228939544007,-1.5452273997022088,-0.0046145188519978175,-1.1884424708977948
ES,5,0.5,25131,0.3047630416616927,0.3333333333333333,-0.028570291671640602,2.284051569774382,-0.639985125940074,0.2751183796904222,-0.016202730356291828,-3.87084749835924,-0.02515723270440251,-1.998230292149804,-0.04521896413788301,-1.3197245398410025
ES,5,1.0,25131,0.4820739325932116,0.5,-0.017926067406788426,2.284051569774382,-0.6355732442003899,0.4151048505829454,-0.0006307291228660472,-3.6557710402075756,-0.009707410445720543,-1.9354363174679565,-0.042523218198893875,-1.3364571596013377
ES,5,2.0,25131,0.667223747562771,0.6666666666666666,0.0005570808961044005,2.284051569774382,-0.6039290597270304,0.5623333731248259,0.013007036133770633,-3.4570632711335127,0.017774131802023585,-1.644790658459106,-0.021461616056210664,-1.2911940375941946
ES,5,4.0,25131,0.790458000079583,0.8,-0.009541999920417044,2.284051569774382,-0.5827002984361944,0.6591062830766782,-0.0031788747792448335,-3.1884118319070667,0.009680065627563517,-1.4640970186030704,-0.02477303558384647,-1.3776467266444186
ES,15,0.5,9787,0.29620925717788904,0.3333333333333333,-0.037124076155444274,3.4760907326044754,-0.7486167773577195,0.28466332890569124,-0.03470608940513903,-4.342725984427651,-0.030593607305936077,-2.354808820601629,-0.0429658500371195,-1.5713774651846262
ES,15,1.0,9787,0.46909165219168286,0.5,-0.030908347808317138,3.4760907326044754,-0.6650109737406764,0.44119750689690407,-0.022280887011615624,-4.105950807862154,-0.010273972602739712,-2.0418723819090365,-0.05066815144766146,-1.4347524116338894
ES,15,2.0,9787,0.6334934096250128,0.6666666666666666,-0.03317325704165386,3.4760907326044754,-0.6271290896086645,0.5850618166956166,-0.02548398451249556,-3.629097452637928,-0.00981735159817343,-2.0925694758501514,-0.05280252412769115,-1.495116313711171
ES,15,4.0,9787,0.7282108919995913,0.8,-0.07178910800040872,3.4760907326044754,-0.6752541534688875,0.6659854909573925,-0.0722280887011616,-3.735670951526096,-0.050684931506849384,-2.0817243909427496,-0.0797884187082406,-1.6318027631597274
YM,1,0.5,185593,0.28879321957185883,0.3333333333333333,-0.04454011376147449,8.99950967978318,-3.4358549945310446,0.2208973398781204,-0.020394356166822447,-2.241978697028331,-0.056213760672054025,-1.183700996279841,-0.06254473470022126,-0.921987487052792
YM,1,1.0,185593,0.4397148599354502,0.5,-0.060285140064549825,8.99950967978318,-3.6483549271793665,0.33471089965677586,-0.029242889571371333,-2.3011858228355746,-0.07351732639364472,-1.2397779477421327,-0.08406851617811262,-1.000306774159043
YM,1,2.0,185593,0.6288006551971249,0.6666666666666666,-0.037866011469541716,8.99950967978318,-3.486166698097451,0.46611132962988905,-0.005697244847999272,-2.172853524137984,-0.04510797607633654,-1.1639934119189566,-0.06483106132181582,-0.9793452111786619
YM,1,4.0,185593,0.7833808387169775,0.8,-0.016619161283022543,8.99950967978318,-3.2644072567392093,0.5681572042049,0.004927226599011791,-2.050867112810512,-0.019113820024654227,-1.1061937517472402,-0.03552436226211364,-0.9270460406298747
YM,5,0.5,39620,0.30040383644623925,0.3333333333333333,-0.03292949688709407,17.29967188288743,-3.5362251388187795,0.26857647652700656,-0.022028382723894235,-2.4121739674261113,-0.024149659863945572,-1.04927709394677,-0.04755817964169051,-1.0008638198654602
YM,5,1.0,39620,0.46135790005047955,0.5,-0.03864209994952045,17.29967188288743,-3.460505805148915,0.4125946491670873,-0.02694818323609266,-2.441580832647728,-0.026020408163265285,-0.9061222217059788,-0.05548116136100795,-1.0160456165558753
YM,5,2.0,39620,0.6362190812720848,0.6666666666666666,-0.03044758539458181,17.29967188288743,-3.5072498738011104,0.5604745078243312,-0.013729228043825703,-2.2974479922681335,-0.02687074829931968,-1.0594389596950753,-0.04934364031083238,-1.0527594179328148
YM,5,4.0,39620,0.7664563351842504,0.8,-0.03354366481574966,17.29967188288743,-3.5974063604240274,0.6658505805148914,-0.026561146092080268,-2.39689267349436,-0.02874149659863945,-1.0615632502245638,-0.042619757745450126,-1.0370657375668728
YM,15,0.5,13922,0.29966958770291624,0.3333333333333333,-0.033663745630417075,28.022913374515156,-3.906453383134607,0.28860795862663413,-0.0235974122388376,-2.3459885530976017,-0.050387596899224785,-1.615048817943216,-0.038825077769801375,-1.1088557318189922
YM,15,1.0,13922,0.4523057032035627,0.5,-0.047694296796437274,28.022913374515156,-4.084193650337594,0.43578508834937507,-0.041998090995863824,-2.5496280496394803,-0.046996124031007724,-1.4588409382867338,-0.05437903804737976,-1.146241822118447
YM,15,2.0,13922,0.6155724752190778,0.6666666666666666,-0.051094191447588866,28.022913374515156,-3.4387404108605075,0.5875592587271944,-0.04735390815568985,-2.2383829566184335,-0.04215116279069764,-1.0643430764744903,-0.058626465661641536,-0.9683833685558471
YM,15,4.0,13922,0.7141215342623186,0.8,-0.08587846573768143,28.022913374515156,-3.339329406694439,0.673107312167792,-0.08762328985046142,-2.2917408163195914,-0.06308139534883728,-0.7398862221308073,-0.09235463029432878,-0.9647917113679702
