etiqueta,año,top,sym,n,wr,R,R_suma
y12,2014,1.0,ES,243,0.3786008230452675,0.01283050599747372,3.117812957386114
y12,2014,1.0,NQ,243,0.3497942386831276,0.029931330491391645,7.27331330940817
y12,2014,1.0,YM,248,0.3870967741935484,0.09633107048647338,23.8901054806454
y12,2014,0.2,ES,150,0.38666666666666666,0.018993307183710315,2.8489960775565475
y12,2014,0.2,NQ,164,0.3780487804878049,0.11103618057414869,18.209933614160384
y12,2014,0.2,YM,140,0.37142857142857144,0.04552048109609778,6.372867353453689
y12,2014,0.1,ES,79,0.3924050632911392,0.02393184084753841,1.8906154269555344
y12,2014,0.1,NQ,81,0.4074074074074074,0.19927701140060866,16.141437923449303
y12,2014,0.1,YM,64,0.328125,-0.0947685797878555,-6.065189106422752
y12,2014,0.05,ES,32,0.34375,-0.12787650463847644,-4.092048148431246
y12,2014,0.05,NQ,36,0.4444444444444444,0.3103881225117227,11.173972410422017
y12,2014,0.05,YM,19,0.2631578947368421,-0.3565288457902867,-6.774048070015447
y12,2014,0.02,ES,6,0.16666666666666666,-0.5924347456679564,-3.5546084740077384
y12,2014,0.02,NQ,10,0.3,-0.12294521082161565,-1.2294521082161565
y12,2014,0.02,YM,5,0.2,-0.4600255728963744,-2.300127864481872
y12,2015,1.0,ES,250,0.348,-0.05357760281082909,-13.394400702707273
y12,2015,1.0,NQ,250,0.336,-0.020087127186438694,-5.021781796609673
y12,2015,1.0,YM,250,0.384,0.0866278375056035,21.656959376400877
y12,2015,0.2,ES,142,0.323943661971831,-0.12060375975247745,-17.125733884851797
y12,2015,0.2,NQ,162,0.35185185185185186,0.024675288615382464,3.997396755691959
y12,2015,0.2,YM,160,0.4,0.1397100985986389,22.353615775782224
y12,2015,0.1,ES,93,0.3333333333333333,-0.09243474566796783,-8.596431347121008
y12,2015,0.1,NQ,109,0.3669724770642202,0.06617883421317758,7.213492929236356
y12,2015,0.1,YM,84,0.40476190476190477,0.15375665852268433,12.915559315905483
y12,2015,0.05,ES,49,0.40816326530612246,0.1320550502503954,6.470697462269375
y12,2015,0.05,NQ,55,0.34545454545454546,0.013418425542033412,0.7380134048118376
y12,2015,0.05,YM,48,0.4583333333333333,0.31452735986473157,15.097313273507115
y12,2015,0.02,ES,17,0.5294117647058824,0.49580054844965993,8.428609323644219
y12,2015,0.02,NQ,24,0.4166666666666667,0.22705478917839073,5.449314940281377
y12,2015,0.02,YM,21,0.38095238095238093,0.08283156996078384,1.7394629691764605
y12,2016,1.0,ES,251,0.3466135458167331,-0.05712981155825129,-14.339582701121074
y12,2016,1.0,NQ,251,0.3665338645418327,0.0766563828038978,19.24075208377835
y12,2016,1.0,YM,251,0.32669322709163345,-0.07994589162144412,-20.066418796982475
y12,2016,0.2,ES,144,0.2986111111111111,-0.2045073952406123,-29.44906491464817
y12,2016,0.2,NQ,152,0.3815789473684211,0.12179163128366224,18.51232795511666
y12,2016,0.2,YM,147,0.32653061224489793,-0.0804337361616517,-11.823759215762799
y12,2016,0.1,ES,82,0.36585365853658536,-0.008757447356524365,-0.7181106832349979
y12,2016,0.1,NQ,84,0.39285714285714285,0.15562621774983046,13.072602290985758
y12,2016,0.1,YM,71,0.29577464788732394,-0.17270162923438048,-12.261815675641014
y12,2016,0.05,ES,30,0.26666666666666666,-0.3303834636166832,-9.911503908500496
y12,2016,0.05,NQ,37,0.2972972972972973,-0.13105331892970168,-4.848972800398962
y12,2016,0.05,YM,34,0.3235294117647059,-0.08943733760224447,-3.0408694784763117
y12,2016,0.02,ES,9,0.1111111111111111,-0.7591014123346544,-6.83191271101189
y12,2016,0.02,NQ,14,0.21428571428571427,-0.38008806796444794,-5.321232951502271
y12,2016,0.02,YM,9,0.1111111111111111,-0.7266922395630109,-6.540230156067098
y12,2017,1.0,ES,249,0.3493975903614458,-0.03294734882130081,-8.203889856503903
y12,2017,1.0,NQ,249,0.3493975903614458,0.032098654694106034,7.992565018832403
y12,2017,1.0,YM,249,0.357429718875502,0.011450709467380193,2.8512266573776683
y12,2017,0.2,ES,156,0.3525641025641026,-0.028725793801131296,-4.481223832976482
y12,2017,0.2,NQ,165,0.36363636363636365,0.07333438053728937,12.100172788652745
y12,2017,0.2,YM,148,0.3581081081081081,0.012931145404788692,1.9138095199087264
y12,2017,0.1,ES,90,0.34444444444444444,-0.04867256243212253,-4.380530618891028
y12,2017,0.1,NQ,93,0.3548387096774194,0.05109922546029466,4.7522279678074035
y12,2017,0.1,YM,87,0.3333333333333333,-0.062352075096701494,-5.42463053341303
y12,2017,0.05,ES,38,0.21052631578947367,-0.4361558906356871,-16.57392384415611
y12,2017,0.05,NQ,40,0.425,0.2742081035338165,10.96832414135266
y12,2017,0.05,YM,36,0.2777777777777778,-0.2397183890721261,-8.62986200659654
y12,2017,0.02,ES,7,0.14285714285714285,-0.6638633170965705,-4.647043219675994
y12,2017,0.02,NQ,13,0.38461538461538464,0.19906498719510485,2.587844833536363
y12,2017,0.02,YM,8,0.0,-1.0600255728963877,-8.480204583171101
y12,2018,1.0,ES,248,0.47580645161290325,0.3349846091707365,83.07618307434265
y12,2018,1.0,NQ,248,0.3951612903225806,0.16253866014613885,40.30958771624243
y12,2018,1.0,YM,248,0.4153225806451613,0.18063818818572538,44.79827067005989
y12,2018,0.2,ES,148,0.42567567567567566,0.18459228135905484,27.319657641140115
y12,2018,0.2,NQ,160,0.41875,0.23330478917839628,37.328766268543404
y12,2018,0.2,YM,165,0.42424242424242425,0.20472965588155603,33.780393220456745
y12,2018,0.1,ES,90,0.4444444444444444,0.24089858766535843,21.68087288988226
y12,2018,0.1,NQ,91,0.42857142857142855,0.26276907489268386,23.91198581523423
y12,2018,0.1,YM,85,0.4117647058823529,0.1752685447507077,14.897826303810152
y12,2018,0.05,ES,43,0.4883720930232558,0.3726815334017903,16.025305936276983
y12,2018,0.05,NQ,44,0.4090909090909091,0.20432751645112582,8.990410723849536
y12,2018,0.05,YM,46,0.45652173913043476,0.3095396444949486,14.238823646767635
y12,2018,0.02,ES,13,0.46153846153846156,0.2921806389474181,3.798348306316435
y12,2018,0.02,NQ,16,0.5625,0.6645547891783941,10.632876626854305
y12,2018,0.02,YM,13,0.3076923076923077,-0.13694864981943347,-1.780332447652635
y12,2019,1.0,ES,249,0.3815261044176707,0.046641097211261286,11.61363320560406
y12,2019,1.0,NQ,249,0.3453815261044177,-0.004915806878477202,-1.2240359127408231
y12,2019,1.0,YM,249,0.3453815261044177,-0.026209794972054955,-6.526238948041684
y12,2019,0.2,ES,154,0.37012987012987014,0.009058013273120327,1.3949340440605305
y12,2019,0.2,NQ,144,0.3194444444444444,-0.0858210734804922,-12.358234581190876
y12,2019,0.2,YM,146,0.363013698630137,0.02607766066102393,3.807338456509494
y12,2019,0.1,ES,81,0.3950617283950617,0.07672149151543918,6.214440812750574
y12,2019,0.1,NQ,82,0.2682926829268293,-0.23953427533032165,-19.641810577086375
y12,2019,0.1,YM,88,0.3522727272727273,-0.00808157176705286,-0.7111783155006517
y12,2019,0.05,ES,42,0.5,0.37665228318573096,15.8193958938007
y12,2019,0.05,NQ,40,0.275,-0.24195279306448186,-9.678111722579274
y12,2019,0.05,YM,44,0.36363636363636365,0.04072126158693236,1.7917355098250238
y12,2019,0.02,ES,11,0.2727272727272727,-0.2950937467459496,-3.2460312142054457
y12,2019,0.02,NQ,17,0.17647058823529413,-0.4935334461157152,-8.390068583967158
y12,2019,0.02,YM,15,0.3333333333333333,-0.031168191745396964,-0.46752287618095445
y12,2020,1.0,ES,245,0.32653061224489793,-0.10942112451512266,-26.808175506205053
y12,2020,1.0,NQ,245,0.3224489795918367,-0.05460336184233498,-13.37782365137207
y12,2020,1.0,YM,244,0.36885245901639346,0.046484299445537086,11.34216906471105
y12,2020,0.2,ES,161,0.30434782608695654,-0.17939126740710307,-28.881994052543593
y12,2020,0.2,NQ,163,0.36809815950920244,0.08134926770600542,13.259930636078884
y12,2020,0.2,YM,155,0.3548387096774194,0.004415774532173161,0.68444505248684
y12,2020,0.1,ES,97,0.3402061855670103,-0.07181618896694322,-6.966170329793493
y12,2020,0.1,NQ,100,0.33,-0.03294521082160059,-3.294521082160059
y12,2020,0.1,YM,85,0.3764705882352941,0.06938619180952159,5.897826303809335
y12,2020,0.05,ES,48,0.4166666666666667,0.15756525433202384,7.563132207937144
y12,2020,0.05,NQ,43,0.32558139534883723,-0.04620102477508321,-1.9866440653285782
y12,2020,0.05,YM,39,0.358974358974359,0.016897504026716376,0.6590026570419387
y12,2020,0.02,ES,15,0.5333333333333333,0.5075652543320172,7.613478814980258
y12,2020,0.02,NQ,17,0.29411764705882354,-0.14059226964512528,-2.3900685839671296
y12,2020,0.02,YM,8,0.25,-0.31002557289634447,-2.4802045831707558
y12,2021,1.0,ES,251,0.3545816733067729,-0.04941146856350632,-12.402278609440085
y12,2021,1.0,NQ,251,0.30677290836653387,-0.12148697466747183,-30.49323064153543
y12,2021,1.0,YM,251,0.30677290836653387,-0.15251856110240083,-38.28215883670261
y12,2021,0.2,ES,161,0.35403726708074534,-0.05096244214226638,-8.204953184904888
y12,2021,0.2,NQ,164,0.29878048780487804,-0.14863383369770997,-24.375948726424433
y12,2021,0.2,YM,142,0.33098591549295775,-0.07817243128499461,-11.100485242469235
y12,2021,0.1,ES,105,0.3619047619047619,-0.0383676897857091,-4.028607427499455
y12,2021,0.1,NQ,107,0.3177570093457944,-0.10343992251956408,-11.068071709593356
y12,2021,0.1,YM,76,0.32894736842105265,-0.08310711826413576,-6.316140988074318
y12,2021,0.05,ES,56,0.39285714285714285,0.026798126968409008,1.5006951102309045
y12,2021,0.05,NQ,63,0.36507936507936506,0.026653208943223487,1.6791521634230797
y12,2021,0.05,YM,37,0.24324324324324326,-0.33029584316662536,-12.220946197165139
y12,2021,0.02,ES,19,0.21052631578947367,-0.4968234604015053,-9.439645747628601
y12,2021,0.02,NQ,25,0.4,0.12364696794934092,3.091174198733523
y12,2021,0.02,YM,15,0.26666666666666666,-0.26002557289635836,-3.900383593445375
y12,2022,1.0,ES,250,0.332,-0.10215213697232281,-25.538034243080702
y12,2022,1.0,NQ,250,0.348,0.01673899970471051,4.184749926177627
y12,2022,1.0,YM,250,0.332,-0.07009391121985975,-17.523477804964937
y12,2022,0.2,ES,132,0.36363636363636365,-0.012354047380751453,-1.6307342542591918
y12,2022,0.2,NQ,147,0.3197278911564626,-0.07110131536868751,-10.451893359197063
y12,2022,0.2,YM,126,0.31746031746031744,-0.11963319841803748,-15.073783000672721
y12,2022,0.1,ES,70,0.35714285714285715,-0.04142542889777995,-2.8997800228445962
y12,2022,0.1,NQ,83,0.3493975903614458,0.01224819437814109,1.0166001333857104
y12,2022,0.1,YM,71,0.23943661971830985,-0.3417157137414214,-24.261815675640918
y12,2022,0.05,ES,41,0.3902439024390244,0.04343481954942798,1.7808276015265472
y12,2022,0.05,NQ,36,0.3611111111111111,0.030417362277809525,1.095025042001143
y12,2022,0.05,YM,31,0.22580645161290322,-0.3826062180576444,-11.860792759786976
y12,2022,0.02,ES,10,0.4,0.1075652543320316,1.075652543320316
y12,2022,0.02,NQ,12,0.3333333333333333,-0.1128574915233596,-1.354289898280315
y12,2022,0.02,YM,3,0.6666666666666666,0.9399744271036411,2.819923281310923
y12,2023,1.0,ES,248,0.31451612903225806,-0.14888635857119803,-36.923816925657114
y12,2023,1.0,NQ,248,0.22983870967741934,-0.33348387522707185,-82.70400105631381
y12,2023,1.0,YM,248,0.28225806451612906,-0.21325137934796703,-52.886342078295826
y12,2023,0.2,ES,117,0.28205128205128205,-0.2462808995141336,-28.81486524315363
y12,2023,0.2,NQ,144,0.22916666666666666,-0.33553957729768324,-48.31769913086639
y12,2023,0.2,YM,103,0.3106796116504854,-0.1279867379448964,-13.182634008324328
y12,2023,0.1,ES,47,0.2127659574468085,-0.454136873327554,-21.344433046395036
y12,2023,0.1,NQ,81,0.2345679012345679,-0.31940926974203865,-25.87215084910513
y12,2023,0.1,YM,51,0.3137254901960784,-0.11884910230812888,-6.061304217714573
y12,2023,0.05,ES,18,0.3888888888888889,0.07423192099869802,1.3361745779765644
y12,2023,0.05,NQ,48,0.3125,-0.08544521082160865,-4.101370119437215
y12,2023,0.05,YM,20,0.3,-0.16002557289637784,-3.200511457927557
y12,2023,0.02,ES,6,0.5,0.4075652543320285,2.445391525992171
y12,2023,0.02,NQ,14,0.21428571428571427,-0.3800880679644723,-5.321232951502612
y12,2023,0.02,YM,5,0.0,-1.0600255728963286,-5.3001278644816425
y12,2024,1.0,ES,249,0.3293172690763052,-0.10448293843905974,-26.016251671325875
y12,2024,1.0,NQ,249,0.26104417670682734,-0.2398126807011269,-59.7133574945806
y12,2024,1.0,YM,249,0.3293172690763052,-0.07207376566744805,-17.946367651194564
y12,2024,0.2,ES,153,0.29411764705882354,-0.21008180449150565,-32.14251608720036
y12,2024,0.2,NQ,167,0.32335329341317365,-0.05288533058209113,-8.83185020720922
y12,2024,0.2,YM,147,0.3197278911564626,-0.10084189942697662,-14.823759215765563
y12,2024,0.1,ES,84,0.30952380952380953,-0.16386331709655103,-13.764518636110285
y12,2024,0.1,NQ,105,0.3047619047619048,-0.1086594965358973,-11.409247136269215
y12,2024,0.1,YM,68,0.35294117647058826,-0.0012020434846008227,-0.08173895695285593
y12,2024,0.05,ES,50,0.36,-0.012434745667982514,-0.6217372833991257
y12,2024,0.05,NQ,56,0.30357142857142855,-0.11223092510732166,-6.284931806010013
y12,2024,0.05,YM,39,0.3333333333333333,-0.06002557289636661,-2.340997342958298
y12,2024,0.02,ES,15,0.3333333333333333,-0.09243474566799645,-1.3865211850199468
y12,2024,0.02,NQ,15,0.3333333333333333,-0.022945210821605545,-0.34417816232408316
y12,2024,0.02,YM,13,0.3076923076923077,-0.13694864981945357,-1.7803324476528963
y12,2025,1.0,ES,247,0.3481781376518219,-0.04542380258723564,-11.219679239047203
y12,2025,1.0,NQ,247,0.291497975708502,-0.15635268608743355,-38.619113463596086
y12,2025,1.0,YM,247,0.3360323886639676,-0.05502540459670765,-13.591274935386789
y12,2025,0.2,ES,147,0.3333333333333333,-0.08822147856335791,-12.968557348813613
y12,2025,0.2,NQ,166,0.29518072289156627,-0.13019612651973766,-21.612557002276453
y12,2025,0.2,YM,130,0.3769230769230769,0.05830030723209869,7.57903994017283
y12,2025,0.1,ES,83,0.3253012048192771,-0.11054133760734912,-9.174931021409977
y12,2025,0.1,NQ,103,0.2621359223300971,-0.2249224147622836,-23.167008720515213
y12,2025,0.1,YM,74,0.32432432432432434,-0.10891254023825629,-8.059527977630966
y12,2025,0.05,ES,46,0.32608695652173914,-0.10336620503685168,-4.754845431695177
y12,2025,0.05,NQ,61,0.2459016393442623,-0.27913438652249595,-17.027197577872254
y12,2025,0.05,YM,41,0.3170731707317073,-0.1482605871232049,-6.0786840720514
y12,2025,0.02,ES,21,0.38095238095238093,0.05042239718915973,1.0588703409723543
y12,2025,0.02,NQ,29,0.27586206896551724,-0.20877818801323944,-6.054567452383944
y12,2025,0.02,YM,15,0.4,0.03213205488359117,0.4819808232538676
y12,2026,1.0,ES,49,0.30612244897959184,-0.17406739872919594,-8.5293025377306
y12,2026,1.0,NQ,49,0.30612244897959184,-0.10457786388282671,-5.124315330258509
y12,2026,1.0,YM,49,0.4489795918367347,0.2566057608676424,12.57368228251448
y12,2026,0.2,ES,29,0.27586206896551724,-0.2648485387714255,-7.680607624371339
y12,2026,0.2,NQ,36,0.3333333333333333,-0.02294521082160421,-0.8260275895777516
y12,2026,0.2,YM,27,0.4444444444444444,0.27330776043697125,7.379309531798224
y12,2026,0.1,ES,15,0.3333333333333333,-0.0924347456679833,-1.3865211850197496
y12,2026,0.1,NQ,23,0.2608695652173913,-0.24033651516943214,-5.527739848896939
y12,2026,0.1,YM,11,0.5454545454545454,0.5763380634672716,6.339718698139987
y12,2026,0.05,ES,6,0.6666666666666666,0.9075652543320261,5.445391525992156
y12,2026,0.05,NQ,8,0.375,0.10205478917840016,0.8164383134272013
y12,2026,0.05,YM,5,0.6,0.7399744271036233,3.6998721355181163
y12,2026,0.02,ES,1,1.0,1.9075652543320025,1.9075652543320025
y12,2026,0.02,NQ,3,0.3333333333333333,-0.022945210821611495,-0.06883563246483448
y11,2014,1.0,ES,243,0.5432098765432098,0.009045409791158556,2.1980345792515292
y11,2014,1.0,NQ,243,0.5349794238683128,0.04736647881751861,11.510054352657022
y11,2014,1.0,YM,248,0.5564516129032258,0.06138257618698442,15.222878894372137
y11,2014,0.2,ES,163,0.5521472392638037,0.026750619368808657,4.360350957115811
y11,2014,0.2,NQ,162,0.5493827160493827,0.07443738322910597,12.058856083115167
y11,2014,0.2,YM,163,0.5214723926380368,-0.009357728172615555,-1.5253096921363354
y11,2014,0.1,ES,97,0.4948453608247423,-0.09421108530749257,-9.13847527482678
y11,2014,0.1,NQ,91,0.5164835164835165,0.004576348608719231,0.41644772339345004
y11,2014,0.1,YM,85,0.5411764705882353,0.032331630429509754,2.7481885865083293
y11,2014,0.05,ES,46,0.45652173913043476,-0.17847823008562141,-8.209998583938585
y11,2014,0.05,NQ,51,0.49019607843137253,-0.05526886109581173,-2.8187119158863982
y11,2014,0.05,YM,43,0.4883720930232558,-0.07327712470044365,-3.1509163621190766
y11,2014,0.02,ES,16,0.5,-0.11869562138997042,-1.8991299422395267
y11,2014,0.02,NQ,16,0.5625,0.10587899098198977,1.6940638557118364
y11,2014,0.02,YM,13,0.6923076923076923,0.3345940738684558,4.349722960289926
y11,2015,1.0,ES,250,0.54,0.002971045276686891,0.7427613191717228
y11,2015,1.0,NQ,250,0.488,-0.043121009017999534,-10.780252254499883
y11,2015,1.0,YM,250,0.492,-0.06602131074696632,-16.50532768674158
y11,2015,0.2,ES,159,0.5031446540880503,-0.07073964654721443,-11.247603801007095
y11,2015,0.2,NQ,169,0.5029585798816568,-0.013203849254685733,-2.2314505240418887
y11,2015,0.2,YM,160,0.525,-2.131074696834212e-05,-0.0034097195149347392
y11,2015,0.1,ES,78,0.5128205128205128,-0.05138792908229376,-4.008258468418913
y11,2015,0.1,NQ,99,0.5252525252525253,0.03138404148705115,3.1070201072180637
y11,2015,0.1,YM,96,0.5416666666666666,0.03331202258636775,3.197954168291304
y11,2015,0.05,ES,44,0.5227272727272727,-0.03157440926877583,-1.3892740078261367
y11,2015,0.05,NQ,54,0.5185185185185185,0.017916028019037834,0.9674655130280431
y11,2015,0.05,YM,54,0.48148148148148145,-0.08705834778400579,-4.701150780336312
y11,2015,0.02,ES,20,0.35,-0.3770289547233109,-7.540579094466217
y11,2015,0.02,NQ,21,0.5238095238095238,0.02849803860105452,0.5984588106221449
y11,2015,0.02,YM,29,0.41379310344827586,-0.22243510385040943,-6.450618011661874
y11,2016,1.0,ES,251,0.4581673306772908,-0.16091874766422504,-40.390605663720486
y11,2016,1.0,NQ,251,0.4900398406374502,-0.03904132774310286,-9.799373263518817
y11,2016,1.0,YM,251,0.47410358565737054,-0.10193977893140327,-25.58688451178222
y11,2016,0.2,ES,157,0.4840764331210191,-0.1092349294250262,-17.149883919729113
y11,2016,0.2,NQ,157,0.47770700636942676,-0.06370699627914725,-10.001998415826119
y11,2016,0.2,YM,160,0.50625,-0.03771840771130921,-6.034945233809474
y11,2016,0.1,ES,89,0.5393258426966292,0.0009897191174833102,0.08808500145601461
y11,2016,0.1,NQ,90,0.5111111111111111,0.003101213204221858,0.27910918837996723
y11,2016,0.1,YM,80,0.5125,-0.025415504675644584,-2.0332403740515668
y11,2016,0.05,ES,44,0.5454545454545454,0.012599726454664966,0.5543879640052585
y11,2016,0.05,NQ,42,0.5476190476190477,0.07611708622008867,3.196917621243724
y11,2016,0.05,YM,36,0.5277777777777778,0.004658258300422864,0.1676972988152231
y11,2016,0.02,ES,15,0.6,0.12297104527671499,1.8445656791507248
y11,2016,0.02,NQ,21,0.42857142857142855,-0.16197815187514425,-3.401541189378029
y11,2016,0.02,YM,12,0.5833333333333334,0.11401739639519419,1.3682087567423302
y11,2017,1.0,ES,249,0.5421686746987951,0.019035234528854996,4.739773397684894
y11,2017,1.0,NQ,249,0.46184738955823296,-0.09548443373135479,-23.775623999107342
y11,2017,1.0,YM,249,0.5261044176706827,0.0020694050574347356,0.5152818593012491
y11,2017,0.2,ES,152,0.5592105263157895,0.047634403232977754,7.240429291412618
y11,2017,0.2,NQ,172,0.47093023255813954,-0.07734480409721392,-13.303306304720795
y11,2017,0.2,YM,152,0.5460526315789473,0.042083952410936785,6.396760766462391
y11,2017,0.1,ES,86,0.5697674418604651,0.07353884073432132,6.324340303151633
y11,2017,0.1,NQ,105,0.5333333333333333,0.0474076314236764,4.977801299486022
y11,2017,0.1,YM,84,0.5357142857142857,0.02140726068161109,1.7982098972553315
y11,2017,0.05,ES,42,0.5952380952380952,0.13603843597563145,5.713614310976521
y11,2017,0.05,NQ,54,0.46296296296296297,-0.09346346741845067,-5.047027240596337
y11,2017,0.05,YM,33,0.48484848484848486,-0.08032434104998408,-2.6507032546494744
y11,2017,0.02,ES,18,0.5555555555555556,0.03408215638781251,0.6134788149806252
y11,2017,0.02,NQ,18,0.5,-0.019926161997083205,-0.35867091594749767
y11,2017,0.02,YM,8,0.5,-0.05002131074701752,-0.40017048597614013
y11,2018,1.0,ES,248,0.5685483870967742,0.0600678194702421,14.89681922862004
y11,2018,1.0,NQ,248,0.5604838709677419,0.10184673291748005,25.25798976353505
y11,2018,1.0,YM,248,0.5685483870967742,0.08707546344658365,21.594714934752744
y11,2018,0.2,ES,168,0.5714285714285714,0.06582818813383569,11.059135606484396
y11,2018,0.2,NQ,175,0.5485714285714286,0.07802184812485359,13.65382342184938
y11,2018,0.2,YM,185,0.5783783783783784,0.10673544600979083,19.746057511811305
y11,2018,0.1,ES,113,0.584070796460177,0.09111263819704488,10.295728116266071
y11,2018,0.1,NQ,113,0.584070796460177,0.14902058390234987,16.839325980965537
y11,2018,0.1,YM,127,0.5669291338582677,0.08383695696956664,10.647293535134963
y11,2018,0.05,ES,61,0.6721311475409836,0.26723334035866325,16.301233761878457
y11,2018,0.05,NQ,53,0.6226415094339622,0.2261620098499194,11.986586522045728
y11,2018,0.05,YM,71,0.6619718309859155,0.2739223512248564,19.448486936964805
y11,2018,0.02,ES,35,0.6571428571428571,0.237256759562412,8.30398658468442
y11,2018,0.02,NQ,28,0.6785714285714286,0.33802184812485614,9.464611747495972
y11,2018,0.02,YM,33,0.6363636363636364,0.222705961980303,7.349296745349999
y11,2019,1.0,ES,249,0.5742971887550201,0.07156542278673082,17.819790273895975
y11,2019,1.0,NQ,249,0.5742971887550201,0.12947336849203553,32.238868754516844
y11,2019,1.0,YM,249,0.5341365461847389,0.02210934086263048,5.50522587479499
y11,2019,0.2,ES,170,0.5470588235294118,0.01708869233551406,2.90507769703739
y11,2019,0.2,NQ,163,0.5460122699386503,0.0729035308592982,11.883275530065607
y11,2019,0.2,YM,165,0.5575757575757576,0.0709516119850918,11.707015977540147
y11,2019,0.1,ES,104,0.5576923076923077,0.038355660661305545,3.9889887087757767
y11,2019,0.1,NQ,100,0.57,0.12087899098199738,12.087899098199738
y11,2019,0.1,YM,93,0.5806451612903226,0.12159731560560974,11.308550351321706
y11,2019,0.05,ES,50,0.64,0.20297104527670057,10.148552263835029
y11,2019,0.05,NQ,53,0.5283018867924528,0.03748276456690623,1.9865865220460304
y11,2019,0.05,YM,42,0.6904761904761905,0.33093107020541634,13.899104948627487
y11,2019,0.02,ES,16,0.625,0.1729710452767009,2.7675367244272144
y11,2019,0.02,NQ,19,0.47368421052631576,-0.07175258796536887,-1.3632991713420086
y11,2019,0.02,YM,12,0.5833333333333334,0.11664535591970134,1.399744271036416
y11,2020,1.0,ES,245,0.46530612244897956,-0.1429765740665927,-35.02926064631521
y11,2020,1.0,NQ,245,0.46938775510204084,-0.08034549881392226,-19.684647209410954
y11,2020,1.0,YM,244,0.45491803278688525,-0.1401852451731921,-34.20519982225888
y11,2020,0.2,ES,166,0.4457831325301205,-0.1855979169189584,-30.809254208547095
y11,2020,0.2,NQ,172,0.46511627906976744,-0.08888845087847132,-15.288813551097066
y11,2020,0.2,YM,170,0.43529411764705883,-0.17943307545284443,-30.503622826983552
y11,2020,0.1,ES,111,0.40540540540540543,-0.26642037566454585,-29.57266169876459
y11,2020,0.1,NQ,100,0.53,0.04087899098199286,4.087899098199286
y11,2020,0.1,YM,103,0.47572815533980584,-0.09856500006735137,-10.152195006937191
y11,2020,0.05,ES,59,0.4745762711864407,-0.12787641235042818,-7.544708328675263
y11,2020,0.05,NQ,52,0.5769230769230769,0.13472514482814543,7.005707531063562
y11,2020,0.05,YM,65,0.4307692307692308,-0.18848284920849837,-12.251385198552393
y11,2020,0.02,ES,20,0.4,-0.2770289547233151,-5.5405790944663025
y11,2020,0.02,NQ,19,0.631578947368421,0.2440368857188258,4.63670082865769
y11,2020,0.02,YM,22,0.4090909090909091,-0.23183949256514202,-5.100468836433125
y11,2021,1.0,ES,251,0.4860557768924303,-0.10491740093844379,-26.33426763554939
y11,2021,1.0,NQ,251,0.5059760956175299,-0.009626002457875555,-2.416126616926764
y11,2021,1.0,YM,251,0.4581673306772908,-0.13368664939238067,-33.55534899748755
y11,2021,0.2,ES,161,0.4968944099378882,-0.08324013484752317,-13.401661710451231
y11,2021,0.2,NQ,158,0.5379746835443038,0.05292485583384554,8.362127221747595
y11,2021,0.2,YM,155,0.4645161290322581,-0.12098905268244607,-18.75330316577914
y11,2021,0.1,ES,110,0.5272727272727272,-0.022483500177853347,-2.4731850195638683
y11,2021,0.1,NQ,100,0.6,0.17471145744791902,17.4711457447919
y11,2021,0.1,YM,92,0.4673913043478261,-0.11523870205131405,-10.601960588720893
y11,2021,0.05,ES,65,0.5692307692307692,0.06143258373822741,3.9931179429847816
y11,2021,0.05,NQ,59,0.559322033898305,0.08906961211067414,5.255107114529775
y11,2021,0.05,YM,46,0.43478260869565216,-0.18045609335565616,-8.300980294360183
y11,2021,0.02,ES,28,0.6071428571428571,0.13725675956241884,3.8431892677477273
y11,2021,0.02,NQ,29,0.5862068965517241,0.15329278408544744,4.445490738477976
y11,2021,0.02,YM,15,0.3333333333333333,-0.3833546440803148,-5.750319661204721
y11,2022,1.0,ES,250,0.464,-0.14910418983302662,-37.276047458256656
y11,2022,1.0,NQ,250,0.448,-0.12312100901800309,-30.780252254500773
y11,2022,1.0,YM,250,0.448,-0.15404371906038136,-38.51092976509534
y11,2022,0.2,ES,144,0.4375,-0.20202895472330973,-29.092169480156603
y11,2022,0.2,NQ,151,0.4370860927152318,-0.14494882358753938,-21.887272361718445
y11,2022,0.2,YM,136,0.4264705882352941,-0.1971039302025151,-26.806134507542055
y11,2022,0.1,ES,82,0.4634146341463415,-0.15019968643062817,-12.31637428731151
y11,2022,0.1,NQ,81,0.43209876543209874,-0.15492347815380433,-12.548801730458152
y11,2022,0.1,YM,69,0.4782608695652174,-0.09354647373181865,-6.454706687495487
y11,2022,0.05,ES,45,0.37777777777777777,-0.321473399167755,-14.466302962548976
y11,2022,0.05,NQ,39,0.5128205128205128,0.006520016623023575,0.2542806482979194
y11,2022,0.05,YM,30,0.4666666666666667,-0.11668797741363891,-3.5006393224091674
y11,2022,0.02,ES,13,0.38461538461538464,-0.3077981854925325,-4.001376411402923
y11,2022,0.02,NQ,13,0.5384615384615384,0.05780206790507341,0.7514268827659544
y11,2022,0.02,YM,8,0.5,-0.05002131074695826,-0.40017048597566607
y11,2023,1.0,ES,248,0.46774193548387094,-0.1415450837555706,-35.10318077138151
y11,2023,1.0,NQ,248,0.4596774193548387,-0.09976617030832614,-24.742010236464882
y11,2023,1.0,YM,248,0.4959677419354839,-0.05808582687599408,-14.405285065246533
y11,2023,0.2,ES,131,0.4198473282442748,-0.23733429823476282,-31.09079306875393
y11,2023,0.2,NQ,160,0.48125,-0.05662100901800271,-9.059361442880434
y11,2023,0.2,YM,113,0.4336283185840708,-0.18276467357881615,-20.652408114406224
y11,2023,0.1,ES,65,0.4461538461538462,-0.1847212624156252,-12.006882057015638
y11,2023,0.1,NQ,95,0.4421052631578947,-0.13491048270221148,-12.816495856710091
y11,2023,0.1,YM,65,0.4307692307692308,-0.18848284920849426,-12.251385198552127
y11,2023,0.05,ES,26,0.5384615384615384,-0.00010587780024833976,-0.002752822806456834
y11,2023,0.05,NQ,45,0.5111111111111111,0.003101213204222413,0.1395545941900086
y11,2023,0.05,YM,27,0.4074074074074074,-0.23520649593213355,-6.350575390167606
y11,2023,0.02,ES,6,0.5,-0.07702895472332201,-0.4621737283399321
y11,2023,0.02,NQ,19,0.5263157894736842,0.03351056992937098,0.6367008286580486
y11,2023,0.02,YM,8,0.25,-0.5500213107469589,-4.400170485975671
y11,2024,1.0,ES,249,0.43775100401606426,-0.20152694669118099,-50.18020972610407
y11,2024,1.0,NQ,249,0.44176706827309237,-0.13558687247181905,-33.76113124548294
y11,2024,1.0,YM,249,0.4497991967871486,-0.15042291717266937,-37.455306375994674
y11,2024,0.2,ES,155,0.45161290322580644,-0.17380314827169666,-26.939487982112983
y11,2024,0.2,NQ,178,0.42696629213483145,-0.165188424748339,-29.403539605204344
y11,2024,0.2,YM,144,0.4097222222222222,-0.23057686630252178,-33.20306874756314
y11,2024,0.1,ES,93,0.43010752688172044,-0.2168139009598677,-20.163692789267696
y11,2024,0.1,NQ,111,0.43243243243243246,-0.15425614415313432,-17.12243200099791
y11,2024,0.1,YM,80,0.4375,-0.17502131074696156,-14.001704859756925
y11,2024,0.05,ES,48,0.5,-0.07702895472331177,-3.6973898267189647
y11,2024,0.05,NQ,64,0.453125,-0.1128710090179996,-7.223744577151974
y11,2024,0.05,YM,42,0.47619047619047616,-0.09764035836600116,-4.100895051372048
y11,2024,0.02,ES,17,0.5294117647058824,-0.018205425311546675,-0.30949223029629347
y11,2024,0.02,NQ,21,0.5238095238095238,0.028498038601048856,0.598458810622026
y11,2024,0.02,YM,11,0.36363636363636365,-0.32274858347423613,-3.5502344182165975
y11,2025,1.0,ES,247,0.5141700404858299,-0.0440952358369291,-10.891523251721487
y11,2025,1.0,NQ,247,0.46963562753036436,-0.07715016533462873,-19.056090837653297
y11,2025,1.0,YM,247,0.5384615384615384,0.02690176617611575,6.6447362455005905
y11,2025,0.2,ES,166,0.5,-0.07019384288634611,-11.652177919133454
y11,2025,0.2,NQ,165,0.46060606060606063,-0.08809560901117296,-14.535775486843537
y11,2025,0.2,YM,145,0.5379310344827586,0.02584075821855369,3.7469099416902854
y11,2025,0.1,ES,97,0.5257731958762887,-0.013785361270364336,-1.3371800432253407
y11,2025,0.1,NQ,112,0.4375,-0.12966394650793905,-14.522362008889175
y11,2025,0.1,YM,84,0.5476190476190477,0.04521678449113355,3.7982098972552185
y11,2025,0.05,ES,58,0.46551724137931033,-0.12643191050027425,-7.333050809015907
y11,2025,0.05,NQ,67,0.43283582089552236,-0.12928233735938519,-8.661916603078808
y11,2025,0.05,YM,43,0.5116279069767442,-0.02676549679347105,-1.150916362119255
y11,2025,0.02,ES,21,0.6190476190476191,0.1846298260785786,3.8772263476501507
y11,2025,0.02,NQ,30,0.3333333333333333,-0.3257043759399437,-9.771131278198311
y11,2025,0.02,YM,20,0.6,0.1499786892530453,2.999573785060906
y11,2026,1.0,ES,49,0.5306122448979592,-0.015804464927389617,-0.7744187814420913
y11,2026,1.0,NQ,49,0.4897959183673469,-0.03952917228330998,-1.9369294418821892
y11,2026,1.0,YM,49,0.4897959183673469,-0.07042947401226839,-3.451044226601151
y11,2026,0.2,ES,31,0.4838709677419355,-0.10928701923943354,-3.3878975964224396
y11,2026,0.2,NQ,41,0.4634146341463415,-0.09229174072531801,-3.7839613697380385
y11,2026,0.2,YM,35,0.4857142857142857,-0.07859273931838953,-2.7507458761436334
y11,2026,0.1,ES,21,0.47619047619047616,-0.12464800234235207,-2.6176080491893936
y11,2026,0.1,NQ,26,0.3076923076923077,-0.40373639363338426,-10.49714623446799
y11,2026,0.1,YM,18,0.5555555555555556,0.061089800364152645,1.0996164065547476
y11,2026,0.05,ES,9,0.5555555555555556,0.034082156387804506,0.30673940749024053
y11,2026,0.05,NQ,10,0.3,-0.41912100901800314,-4.191210090180031
y11,2026,0.05,YM,7,0.5714285714285714,0.09283583211020949,0.6498508247714664
y11,2026,0.02,ES,2,1.0,0.9229710452766937,1.8459420905533874
y11,2026,0.02,NQ,3,0.6666666666666666,0.3142123243153255,0.9426369729459764
y11,2026,0.02,YM,2,0.5,-0.050021310746911796,-0.10004262149382359
